{
  "slug": "turkey-creek-watershed-plan-2006",
  "source": "Turkey_Creek_Watershed_Plan_2006.pdf",
  "length": 86623,
  "part": 2,
  "text": "ortant, this easternmost segment of the watershed is where an international \nairport, a U.S. interstate a major state highway, an active railway, and scores of \ncommercial and industrial activities converge as well.  Lying at the very center of both \npast and prospective annexations by Gulfport, the Turkey Creek watershed remains a \ndramatic foacl point of the city’s continuing growth.  Consequently, nowhere on the \nMississippi coast or in our state is the need for balanced development or smart planning \nany more obvious, important or challenging.  Whether we like it or not, tis small but \ncomplex watershed and stream will help shape and define our community and lives for \ncountless more years to come – be we residents, developers, business owners, \ngovernment officers, or children.”    \nQuoting Derrick Evans, “The Emerald Port Chop”.  \nTurkey Creek Community Initiative, 2005.  \n \nTurkey Creek is in the Coastal Basin Hydrologic Unit Code (HUC) 031700090702 in \nsoutheastern Mississippi (Figure 1 below).  It flows approximately 12.9 miles in a southeastern \ndirection from its headwaters until its confluence with Bernard Bayou.  Turkey Creek \nheadwaters are located just north of Interstate 10 and west of Highway 49.  The drainage \narea is approximately 11,000 acres and lies within Harrison County.  The watershed is rural \nbut includes some urban areas, those portions located within the city limits of Gulfport and \nLong Beach.  The historic Turkey Creek community is surrounded by large urban \ndevelopments:  the airport lies to the south, highway 49 lies to the west and the industrial \nseaway lies to the north.  Outside the city limits, open land (wet-pine savannas and forests) is \nthe dominant landuse within the watershed (see Appendix D, land use map and Appendix E, \naerial view of Turkey Creek Watershed).  \n  \nLand Distribution in Acres for the Turkey Creek Watershed \nUrban**          Forest*                     Cropland          Pasture          Total                    \nArea   (acres)    1,392      5,134      3,270      1,328      11,124   \n%           Area                      12.5%                      46.2%                      29.4%                      11.9%                      100%           \n*Includes wetlands        **Includes barren lands    (Ref:  MDEQ, Fecal Coliform TMDL for Turkey Creek, June 2003) \n \n \n\nTurkey                Creek                Watershed                Implementation                Plan                                                                                                                September                2006                \n \nLand Trust for Mississippi Coastal Plain  Page 10 of 42    \n \n \n \n           Figure 1.  Turkey Creek Watershed, Gulfport, Harrison County, Mississippi \n \nThe historic communities of Turkey Creek, North Gulfport and Forrest Heights are located at \nthe lower end of the Turkey Creek watershed.   The lower reaches of the Creek are navigable \nfrom west of the North Gulfport Middle School to Bernard Bayou.  It is a popular waterway for \nfishing, swimming and canoeing and contributes to the culture and quality of life of the \nresidents.  \n \nThe watershed is located in the East Gulf Coastal Plain ecoregion of the southeastern U.S. and \nis part of the Mississippi Coastal Basin and Streams.  Native vegetation in the watershed \nincludes those species found in coastal wet pine savannas, mixed southern forests, bayhead \nswamps and bottomland hardwood forests. The topography of the watershed is relatively flat \ncreating a slow-moving coastal stream and tidal creek.  \n \nIn 1866, a group of emancipated African-Americans exercised their newly acquired rights to \npurchase and settle 320 acres in Harrison County Mississippi.  Land records listed this area as \nuninhabited “Swamp Land”.  Now known as Turkey Creek, the land encompasses bottomland \nand coastal maritime forests, freshwater marsh and scrub-shrub habitats. The settlers created \narable land to practice sustainable agriculture and supplemented their diet with fish, plants \nand wildlife from the forests and streams.  They developed a viable, self-sufficient \ncommunity bound together by culture and ecology.  \n\nTurkey                Creek                Watershed                Implementation                Plan                                                                                                                September                2006                \n \nLand Trust for Mississippi Coastal Plain  Page 11 of 42    \n \n \nUntil the mid 1980s, Turkey Creek’s community institutions and land use remained remarkably \nunchanged as land was passed from generation to generation.  Since then however, this piece \nof American heritage has been critically threatened by airport expansion, municipal \nannexation, land speculation, deforestation, wetland destruction, commercial sprawl, spot \nzoning and political isolation.  As a result, in 2001, the Mississippi Heritage Trust listed the \nentire community as one of the state’s Ten Most Endangered Historical Places. \n \nPost-Katrina, the community leaders through the Turkey Creek and North Gulfport \nNeighborhoods Community Plan are leading a movement to provide intelligent urban planning \nincorporating conservation and ecological restoration.  With the help of long-term \nstakeholders and concerned citizens, these leaders seek to preserve and restore Turkey \nCreek’s natural and cultural heritage using smart growth planning principles and techniques.   \nThe Turkey Creek Watershed Implementation Plan is intended to inform the Turkey Creek and \nNorth Gulfport Neighborhoods Community Plan and bring federal and state resources to \nimprove water quality and protect natural resources. \n \nThe watershed’s natural capital resource base includes a wide array of flora and fauna \nspecies found in south Mississippi.  (See Appendix F, Natural Heritage List.)  Current threats to \necological and cultural integrity are outlined along with strategies for their restoration and \npreservation.  (See also Appendix G which identifies sites of special environmental concern to \nthe community.)  \n \n \nIV. WATER QUALITY OF TURKEY CREEK \n \nThe water use classification for Turkey Creek, as established by the State of Mississippi in the \nWater Quality Criteria for Intrastate, Interstate and Coastal Waters regulation, is “Fish and \nWildlife Support”.  The designated beneficial uses for Turkey Creek are “Secondary Contact \nand Aquatic Life Support”.  Local residents have informed MDEQ of a swimming hole used by \nlocal children in Turkey Creek and the current water use classification may not support this \nuse.  Further investigation with community and MDEQ regarding use classification is a \nproposed strategy in this plan. \n \nA segment of Turkey Creek, from the confluence with Canal #2 to Highway 49, was included \non the Mississippi 1998 Section 303(d) List of Waterbodies as impaired due to fecal coliform \nbacteria.  MDEQ assumed there is a 50% failure rate of septic tanks in the drainage area based \non estimates from the State Department of Health for this area of the state.  There are two \nNPDES permitted treatment plants that discharge treated effluent that contains fecal \ncoliform in the watershed.  According to the method used to determine this TMDL, a 52% \nreduction is indicated for Turkey Creek to meet water quality standards.  It is also necessary \nto evaluate the current septic tanks in the watershed to reduce the potential for pollution \nfrom failing septic tanks.  Additionally, the City of Gulfport needs to reduce accidental spills \nfrom the sewage collection system that impairs this stream during flood events.  There is one \nMDEQ ambient monitoring station located near Long Beach on the listed stream segment and \nthere is a special study station at Gulfport and Highway 49 at the Arkansas Street Bridge.  \n(Ref: MDEQ, Fecal Coliform TMDL for Turkey Creek, Coastal Basin, Harrison County.  June \n2003) \n  \n\nTurkey                Creek                Watershed                Implementation                Plan                                                                                                                September                2006                \n \nLand Trust for Mississippi Coastal Plain  Page 12 of 42    \n \nWater quality data available for the monitored segment of Turkey Creek shows that low levels \nof pH have been found in the stream.  There is one ambient station operated by MDEQ that \nhas pH monitoring data available.   The nonpoint sources from storm water run off that could \ncontribute to an alteration of pH in Turkey Creek include failing septic systems (considered in \nthe TMDL and based on a 50% failure rate), acidic soil (considered uncontrollable and not \naccounted for in the TMDL), pine needle decay (considered uncontrollable and not accounted \nfor in the TMDL), and urban development (considered controllable, however, there is a \nlimited amount of urban area in the watershed).  (Ref:  MDEQ, TMDL for Low pH in Turkey \nCreek, Coastal Streams Basin, Harrison County, Mississippi.  December 2000).  According to \nBinkley and Richter, 1987, “under pines where there is a lower pH value, burning tends to \nraise the pH.”    Therefore, acidic soil and pine needle decay may be managed to some \ndegree by reestablishing a natural fire regime on the open lands in the watershed, \nparticularly those outside the city limits.  \n \nSite visits on January 25\nth\n and March 3\nrd\n revealed an ecologically damaged watershed \nexhibiting resultant losses in environmental quality and function.  Degradation to the Turkey \nCreek Watershed is the result of human activities:   \n \n•\n Filling of wetlands \n•\n Dredging/channelizing of wetlands \n•\n Timbering operations within and surrounding wetlands including clear-cutting of vegetation \nup to the stream edge causing reductions in the filtering capacity of the wetland and \nsubsequent increased sediment loading of the stream channel \n• Development and/or constructions up to the stream \nedge with the same results as above \n• Habitat fragmentation from development without adequate greenway planning \n• Habitat degradation through hydrologic alterations and reductions in vegetative cover \n• Exotic species invasions, particularly Chinese tallow tree and cogongrass, that cause partial \nor complete alterations in biological communities that can modify ecological function and \nwildlife utilization  \n• Uninformed or ill-conceived zoning ordinances that adversely impact environmentally \nsensitive areas \n• Non-implementation of Best Management Practices (BMPs) \n• Inadequate wetland permitting enforcement \n• Direct and indirect chemical contamination – historic and current \n \n \n \nV. TURKEY CREEK WATERSHED ACTION PLAN:  GOALS AND STRATEGIES \n \nThe Turkey Creek and North Gulfport Neighborhoods Community Plan identified five primary \nconservation goals: \n \n1. Protect Existing Resources \n2. Educate and Empower the Community \n3. Restore Ecological Functions and Natural Connections to System Headwaters \n4. Increase  Non-vehicular  Connectivity  between  schools,  parks,  community  centers,  \nhomes, businesses and neighborhoods \n5. Marshall  funding  so  that  public  projects  are  well-coordinated  and  leveraged  to  \nmaximize public benefit. \n \n\nTurkey                Creek                Watershed                Implementation                Plan                                                                                                                September                2006                \n \nLand Trust for Mississippi Coastal Plain  Page 13 of 42    \n \nFor the purposes of the Turkey Creek Watershed Implementation Plan, the above conservation \ngoals are restated in two categories:  (1) Protection Goals and (2) Restoration Goals.  Action \nplans to help achieve these goals have been identified through partnership planning and are \nlisted below with a possible timeline and a possible lead organization.  \n \n \n \n \nI.     PROTECTION GOAL   \n \nTo defend the existing natural and cultural resources of the Turkey Creek \nWatershed from further degradation caused by encroachment, abuse or neglect. \n \nA.  Management:  Forestry and Construction BMP strategies for Protection are listed  \nbelow.  (Not in order of priority.) \n \n1. Fund and acquire identified priority conservation areas in the Turkey Creek Greenway \nfrom Canal Road area in Long Beach to the confluence with Bernard Bayou.   (see \nGreenway Map, Appendix A).  Work to assure that acquisitions will help complete \nconnectivity goals of the community. \n Proposed Timeline:  2006 and early 2007  \n Lead organizations:  City of Gulfport with funding from CIAP I already awarded  \nLTMCP with funding from 319 program, CIAP II and other funding programs  \n \n2. Promote the development of “green design” subdivisions in areas off 28\nth\n street that \nare being zoned T3.   \n Proposed Timeline: on-going   \n Possible Lead organizations:  NGCC with support from LTMCP, TCCI, NGCC and \nCity of Gulfport \n \n3. Work to complete proposed “green design” subdivision model in Bayou Bernard \nheadwaters near County Farm Road.  The tract was recently cutover and is now slated \nfor a residential development.  It needs restoration and long-term protection of \n\nTurkey                Creek                Watershed                Implementation                Plan                                                                                                                September                2006                \n \nLand Trust for Mississippi Coastal Plain  Page 14 of 42    \n \nwetlands through fee simple donation or conservation easement donation.  Project to \nserve as a model project for the Turkey Creek Watershed.   \n Proposed Timeline: 2006 and early 2007   \n Possible Lead organization:  LTMCP and NGCC.  Work in progress \n \n4. Create corridor protection zones by promoting conservation options for landowners, \nsuch as conservation easements and Transfer of Development Rights (TDRs).  \nCurrently, Mississippi does not have statutes that favor TDRs.  One recommendation of \nthe Governor’s commission is to consider a change the state statutes.  If they are \nchanged, the City would need to specify the donor areas for TDRs.  In future, be sure \nthat Turkey Creek is identified as a donor site for TDRs in City of Gulfport.   \n Proposed Timeline: 2008   \n Possible Lead organizations: LTMCP, TCCI, NGCC and City of Gulfport \n \n5. Work with City of Gulfport to support, revise if needed and enforce a city-wide tree \nprotection ordinance in Gulfport.   \n Proposed Timeline: 2007   \n Possible Lead organizations: Turkey Creekkeeper, LTMCP, MS Urban Forestry \nCouncil  \n \n6. Provide education about streamside buffers and need to protect and enhance the \nnative tree canopy, particularly in the 250 – 500 foot streamside management zone \nalong Turkey Creek. Focus on native hardwood trees and shrubs typical of coastal plain \nhabitats.  \n Proposed Timeline: 2008   \n Possible Lead organizations: TCCI, MS Urban Forestry Council, LTMCP \n \n7. Wetland protection is of primary importance to flood control and protection of Turkey \nCreek watershed.  Establish a “Creekkeeper” program to review wetland permits and \nreport wetland violations to regulatory agencies. \n Proposed Timeline:  announced October, 2006\n!  \n Lead organization:  TCCI \n \n8. Promote the implementation of student-led designs for biking paths in City of Long \nBeach using canals to link schools with residential communities and ball parks.  This is \nan important strategy for City of Long Beach (canals) as well as North Gulfport and \nTurkey Creek Community.  \n Proposed Timeline:  2008 \n Lead organizations:  City of Long Beach, City of Gulfport, TCCI and LTMCP \n \n \n \nB.  Education and Outreach strategies for Protection are listed below.  See Appendix H.   \n(Not in order of priority.) \n \n1. Working with the Education, Recreation and Public Health Taskforce of the Turkey \nCreek North Gulfport Community Plan, provide for an environmental science educator \nand coordinator for the Turkey Creek Community to implement education strategies \nput forth in this plan working through the Turkey Creek education. Recreation and \npublic health task force. \n\nTurkey                Creek                Watershed                Implementation                Plan                                                                                                                September                2006                \n \nLand Trust for Mississippi Coastal Plain  Page 15 of 42    \n \n Proposed Timeline:  Fall 2006   \n Possible Lead organization:  TCCI with partial funding through MDEQ 319 or EPA \n \n2. Provide additional watershed education about Turkey Creek through updated, state of \nthe art TCCI websites.   \n Proposed Timeline:  ongoing from 2006  \n Possible Lead organization:  TCCI with assistance from MIG \n \n \n \n \n3. Host “Wetlands 101 workshop” to train local residents and contractors about how to \nrecognize a wetland and how to engage in the permitting process.   \n Timeline:  Completed September 2006!\n   \n Lead organization:  Gulf Restoration Network \n \n4. Provide a “Creekkeeper” for Turkey Creek:  local capacity to monitor water quality \nand water quantity issues, oversee “adopt-a-stream” program. \n Proposed Timeline:  2007\n \n Possible Lead organization:  TCCI\n \n \n5. Begin construction of public access to the lower reaches of the Creek (Canal Road to \nBernard Bayou).  Public access should accommodate the following activities:  bird \nwatching, canoeing, walking, biking and science education.   \nOutdoor Environmental Classroom \n Timeline:  Completed Summer 2006\n!    \n Lead organization:  Harrison County School Board, North Gulfport 7\nth\n & 8\nth\n \nGrade School, Visions Service Adventures) \nThe people who live in the North Gulfport and Turkey Creek communities have a strong vision for \nwhat they want their community to be like:  well connected to t"
}