{
  "slug": "fourteen-mile-bakers-creek-watershed-plan-2009",
  "source": "Fourteen_Mile_Bakers_Creek_Watershed_Plan_2009.pdf",
  "length": 62439,
  "part": 4,
  "text": "on activities. (Month 2-3) \n12. Provide training to district staff. (Month 2-3) \n13. Assist in establishing an evaluation system in conjunction with the MS Department of \nEnvironmental Quality to indicate the benefits of the project. (Month 2-3) \n14. Conduct a landowner meeting to inform potential participants about the project.     (Month 3) \n15. Secure commitments from several landowners and operators who are willing to participate in the \nproject. (Month 3-4) \n16. Assist participants in developing a conservation plan and applying best management practices \n(Month 4-12) \n17. Establish at least demonstration farm (Month 4-12) \n18. Conduct an anti-litter campaign in the watershed (Month 4-12) \n19. Arrange Watershed Harmony puppet show for elementary schools in watershed (Month 4-24) \n20. Document pre-existing site conditions. (Month 2-12) (Before and after photo documentation will \nbe conducted). \n21. Accelerate conservation planning and application assistance.  Special effort will be made to \ncomplete conservation plans during this time frame. (Month 13-24) \n22. Conduct at least 1 informational field day/tour to inform the public about the project . (Month \n13-24) \n23. Establish at least 1 demonstration farm. (Month 13-24) \n24. As requested, assist DEQ with evaluations. (Month 0-36) \n25. Collect GPS coordinates and other data required by MDEQ on all BMPs installed in the project. \n(Month 0-36) \n26. Assemble data on the amount of soil saved. (Month 0-36) \n27. Erect project roadside signs which designate where water quality practices are in progress or \nhave been completed. (Month 4-36) \n28. Provide continued conservation planning and application assistance to participants. (Month 25-\n36) \n29. Review the status of applying best management practices to reach the objectives of the project.  \n(Month 25) \n\n 43 \n30. Based upon the needs and finding of milestone 18, assistance in planning and/or application will \nbe redirected and/or accelerated. (Month 25-36) \n31. Publish at least 4 articles about the project. (Month 0-36) \n32. Publicity of the project will be increased; at least 1 field day/tour will be conducted and at least \n1,000 fact sheets will be developed and distributed. (Month 25-36) \n33. Bi-annual reports will be made to MSDEQ. (Month 0-36) \n34. Make Final report to MSDEQ. (Month 36) \n \n\n 44 \n \nCRITERIA FOR EVALUATION \n \nThe following measures and indicators of progress will be utilized to track the success of this project: \n \nNPS Pollutant Load Reduction – the amount of soil saved as a result of the installation of best \nmanagement practices (BMPs) in this project will be a direct indicator of sediment load reduction to \nFourteen Mile Creek and Bakers Creek along with their tributaries.  Since pesticides and fertilizer/plant \nnutrients are transported to the waters as attachments to the sediment, any reduction in sediment \nloadings will result in a reduction of pesticide and nutrient loadings thereby enhancing the effectiveness \nand success of the project. \n \nImplementation of NPS Controls – this project will involve the installation of Best Management \nSystems.  Best Management Systems are defined as a combination of BMPs, both structural and \nvegetative, which are the most practical, effective and economical means of preventing or reducing \npollution from nonpoint sources to a level compatible with water quality goals.  The estimated types \nand numbers of BMPs to be installed as part of  Best Management Systems are listed in the \nproject description of this proposal.  The application of best management systems in the project will \nbe the responsibility of the landowners and operators participating in the project as cooperators of the \nlocal soil and water conservation district. \n \nPublic Education, Awareness, and Action -  this project will include the establishment of at least 2 \ndemonstration farms that will be used to inform the public about best management systems.  These will \nbe utilized during the 2 field day/tours that will be conducted in the project.  Also, at least 1,000 \ninformational fact sheets highlighting the benefits derived from the project will be developed and \ndistributed as well as the publishing of at least 4 articles about the project in newsletters and local \nnewspapers.  At least 20 project roadside sign will be erected where water quality practices are installed \nin the project.   A watershed “watchdog” group made up of NRCS Earth Team Volunteers will report \nany potential pollutant sources to the WIT.  An anti-litter campaign will be conducted in the watershed.  \nThe Watershed Harmony puppet show will be presented to elementary students in the watershed.   Other \neducational actions will be conducted to measure the success of the project.  These include such things \nas increased public awareness; before and after photo documentation; increased cooperation among \nagencies, associations, public bodies and educational institutions; and the economic benefits of applying \nbest management practices.  The Mississippi Soil and Water Conservation Commission will request \ninformation through the local soil and water conservation district that will assist in measuring the \nsuccess of the project in the demonstration area. \n \n \nPROJECT PERIOD \n \nThe length of this project will be 3 years. \n \n \n \n \n \n\n 45 \n \n \n \n \n \n \n \n \n \nAppendix C \n \n \n \nStressors \n\n \n46\n \nTable 2 \nStressor Summary Table \n \nConcern    Link/Immediate \nCause \nStressor\n \nDescription of \nStressor \nLocation/Extent\n \nSediment Loading From \nAgricultural \nLands \nLanduse runoff and  in-channel sediment processes \nSediment \nA stressor identification study \nwas completed for Fourteen Mile/Bakers Creek Watershed.  This analysis identified sediment as the most probable stressor of the waterbody.  Certain contaminants may be associated with sediment such as pesticides and nutrients.  However, these contaminants would also be controlled by the same best management practices (BMPs) that control sediment coming from fields. \nSee figure 3.1 for the locations of cropland along streams. There are approximately 21,700 acres of agriculture land in the watershed.  The majority of this land is cropland. \nAll the lands referred to \nabove are in HUC 03180002. \n       \n\n \n47\n \n \nConcern    Link/Immediate \nCause \nStressor\n \nDescription of \nStressor \nLocation/Extent\n \nNutrient Loading From \nAgricultural \nLands \nDegradation of in-stream biological conditions \nNutrients \nA stressor identification study \nwas completed for Fourteen Mile/Bakers Creek Watershed.  This analysis identified nutrients and organic enrichment as the most probable primary stressor of the waterbody.  Certain contaminants may be associated with sediment such as pesticides and sediment.  However, these contaminants would also be controlled by the same best management practices (BMPs) that control nutrients coming from fields. \nSee figure 3.1 for the locations of cropland along streams. There are approximately 21,700 acres of agriculture land in the watershed.  The majority of this land is cropland. \nAll the lands referred to \nabove are in HUC 03180002. \n  \n\n \n48\n \n \nConcern    Link/Immediate \nCause \nStressor\n \nDescription of \nStressor \nLocation/Extent\n \nLittering \nIncreasing the number of \nsnags and the amount of debris in the creeks and streams \nLitter \nPeople dumping old \nappliances, household trash, old mattresses and other garbage into the creeks and streams from bridges and letting it wash down the creeks and streams when the flow is increased. \nThis occurs throughout the watershed at most bridge sites in rural areas.\n \n\n 49 \n \n \n \n \nAppendix D \n \n \n \n \n \n \n \n \n \nChecklist of Watershed \nImplementation Elements \n\n \n50\n \n Table D. 9 Key Elements of a Watershed Plan for 319\n Grant  \n \nRequired WIP Elements for 319 Grant \n \nLocation in Watershed Implementation Plan\n \n 1. Watershed Description and Background \n Chapter V, Chapter VII Section A \n 2.  Implementation \n Chapter VIII Section A Subsection 3 \n 3. Project Goals \n Chapter VIII Section A Subsections 2 and 5 \n 4. Project Costs \nChapter VIII Section A Subsection 7 Chapter IX Section A Subsection 7, 8 \n 5. Education and Outreach \n Chapter IX \n 6. Implementation Schedule \n Chapter VIII Section A Subsection 4 \n 7. Milestones \n Chapter VIII Section A Subsection 4 \n 8. Adaptations and Revisions \n Chapter X Section A, Chapter XI Section A \n 9. Monitoring \n Chapter X Section B Subsections 1 and 2 \n "
}