{
  "slug": "fannegusha-creek-watershed-plan-2009",
  "source": "Fannegusha_Creek_Watershed_Plan_2009.pdf",
  "length": 57327,
  "part": 1,
  "text": "\n\nFannegusha Creek \nWatershed Implementation \nPlan \n \n \n \n \n \n \nFinal Draft \n\n 2 \nFannegusha Creek Watershed \n Implementation Plan \n \n \n \nPrepared for: \n \nPearl River/South Independent Streams Basin Team \nMississippi Department of Environmental Quality \n \n \n \n \n \nDeveloped by:  \n \nFannegusha Creek Watershed Implementation Team \n \n \n \n \n \nPrepared by: \n \nMississippi Soil and Water Conservation Commission \nP.O. Box 23005 \nJackson, MS 39225 \n \n \n \n \n \n \n \n \n \n \n \n \n \n \n\n 3 \nTable of Contents \n \nI. Executive Summary             6 \n \nII. Vision Statement          8 \n \nIII. Mission Statement             8 \n \nIV. Watershed Implementation Team          9 \n \n V. Watershed Description         10 \n  \nVI. Stakeholder Interests          13 \n \nVII. Water Resources         14 \n     A.  History of Activity in the Watershed       14 \n     B. Wildlife and Fisheries        14 \n     C. Designated Use classifications and Water Quality Standards    15 \n     D.  Current Status of Waterbodies in the Watershed    15 \n     E. TMDLs           16 \n \nVIII. Watershed Management Actions         17 \n      A. Sediment             17 \n       1. Stakeholders Interests         17 \n       2. Goals/Objectives         17 \n       3. Management Actions          17 \n       4.  Project Tracking/Assessment of Progress       18 \n       5. Desired Results/Benefits       19 \n       6. Roles/Responsibilities         19 \n       7. Budget             20 \n \nIX. Education/Outreach Activities        21 \n       A. Educational Activities to be implemented     21 \n 1. Signage            21 \n     a. Indicators             21 \n     b. Schedule         22 \n     c. Budget           22 \n 2. Field Days          22 \n     a. Indicators             22 \n     b. Schedule         22 \n     c. Budget           23 \n 3. Fact Sheets         23 \n     a. Indicators             23 \n     b. Schedule         23 \n     c. Budget           23 \n  \n\n 4 \n4. Adopt-A-Stream           24 \n     a. Indicators             24 \n     b. Schedule         24 \n     c. Budget           24 \n 5. Project Learning Tree          24 \n     a. Indicators             25 \n     b. Schedule         25 \n     c. Budget           25 \n 6. Watershed Harmony Puppet Show        25 \n     a. Indicators             25 \n     b. Schedule         26 \n     c. Budget           26 \n 7. Total Projected Cost of Education/Outreach Activities       26 \n 8. Total Budget for Fannegusha Watershed Implementation Plan    26 \n \nX. Evaluation           27 \n     A. Plan Evaluation Procedure         27 \n     B. Implementation Evaluation Strategy      27 \n 1. MSWCC           27 \n 2. MDEQ             28 \n \nXI. Plan Revision            28 \n    A. Plan Revision Procedure          28 \n \nXII. Resources              29 \n \n \n \nList of Figures \n \nFigure 5.1 Fannegusha Creek Watershed      11 \n \nFigure 5.2 Land use in Fannegusha Creek Watershed     12\n \n \n \n \n \n \n \n \n \n\n 5 \nList of Tables \n \nTable 1.1 Fannegusha Creek Management Action Plan            7 \n \nTable 7.1 Water Quality Standards       15 \n \nTable 8.1 Funded 319 Project Budget for BMPs     20 \n \nTable 8.2 Contractual Services for BMP Design      20 \n \nTable 8.3 Technical Assistance          20 \n \nTable 9.1 Projected Costs for Signage        22 \n \nTable 9.2 Projected Costs for Field Days       23 \n \nTable 9.3 Projected Costs for Fact Sheets          23 \n \nTable 9.4 Projected Costs for Adopt-A-Stream       24 \n \nTable 9.5 Projected Costs for Project Learning Tree       25 \n \nTable 9.6 Projected Costs for Watershed Harmony Puppet Show     26 \n \nTable 9.7 Total Projected Education Budget        26 \n \nTable 9.8 Fannegusha Creek Watershed Implementation Plan Total Budget 26 \n \n \nList of Appendices \n \nAppendix A- Plant and Animal Species of Special Concern \n \nAppendix B- Funded 319Project Proposal \n \nAppendix C- Stressors \n \nAppendix D- Checklist of Watershed Implementation Elements \n \n \n \n \n\n 6 \n \nI. EXECUTIVE SUMMARY \n \n Fannegusha Creek Watershed was identified as a priority watershed \nby the Pearl River- South Independent Streams Basin Team.  Fannegusha \nCreek is listed on Mississippi’s 303(d) list of impaired waters for biological \nimpairment due to sediment.  The Mississippi Soil and Water Conservation \nCommission and USDA Natural Resources Conservation Service felt a \ngreat improvement in water quality could be made in this watershed. \nMSWCC submitted a proposal to apply best management practices to \naddress the sedimentation issue on agricultural lands. That proposal was \nselected for funding by MDEQ and a contract was awarded to MSWCC.  \nUnder that contract, MSWCC is required to assemble a Watershed \nImplementation Team to address other issues and concerns within the \nwatershed and write a Watershed Implementation Plan.   \n The key natural resource problem in this watershed is sedimentation.  \nThe Watershed Implementation Plan has the goals of reducing the \nsediment entering the streams and creeks in the watershed, and removing \nthe impaired segments of streams and creeks in the Fannegusha Creek \nwatershed from the state’s 303(d) list of impaired waterbodies.  To help \nsolve this problem, one of the management actions is to implement a 319 \nwater quality project on the agricultural lands within the watershed.  The \ntargeted area for this project is the cropland and pastureland in Rankin \nCounty that lie within the watershed boundaries.  This project is a three \nyear project that began in 2005 and will end in August 2008.  The groups \nthat will be implementing the management action of reducing the sediment \nloading will be the Rankin County Soil and Water Conservation District, the \nNatural Resources Conservation Service, and the Mississippi Soil and \nWater Conservation Commission.  The Rankin County Soil and Water \nConservation District and the Natural Resources Conservation Service can \nbe contacted at 601-824-4601 ext. 3 for information and assistance about \nthis management action.  \n\nTable 1.1  Fannegusha Creek Management Action Plan  \nGoal \nWho \nWhat  \nWhere\n \nWhen\n \nContacts \nMSWCC, USDA \nNRCS, MSU \nExtension \nService, \nMississippi Farm \nBureau \nContinue existing programs and \nprojects related to farmer \neducation, BMP implementation, \nand habitat conservation \nEntire \nwatershed \n2005-\n2008 \nMark Gilbert, \nMSWCC  \n601-354-7645 \nMurray Fulton, \nNRCS \n601-824-4601 \nBrook Stuart, \nMississippi Farm \nBureau \n601-977-4243 \nReduce sediment loading, \nachieve narrative \nstandards for sediment \nloading, and Fish and \nWildlife Support \ndesignated use  \nLocal Landowners \nand operators \n- Critical area planting \n- Grade Stabilization Structures \n- Pasture and Hayland Planting \n- Nutrient Management \n- Fencing \n- Stream Crossings \n- Diversions \n- Terraces \n- Grassed Waterways \n \nEntire \nWatershed \n2005-\n2008 \nLocal landowners \n\nII. VISION STATEMENT \n The vision of the Fannegusha Creek Watershed Implementation Team is to \nimprove and/or protect the quality of water in streams and creeks by reducing sediment \ntransport over the land and improving drainage on lands in the watershed.\n \n \n  \n \n \n \n \n \n \n \n \n \n \nIII. MISSION STATEMENT \n \n The mission of the Fannegusha Creek Watershed Implementation Team is to \neducate landowners on new and innovative best management practices and land use \nplanning methods, and implementing the appropriate Best Management Practices that \nwill result in the enhancement and conservation of natural resources in the watershed. \n \n \n \n \n \n \n \n \n \n8 \n\n 9 \nIV. WATERSHED IMPLEMENTATION TEAM \n \n Members of the Watershed Implementation Team for the Fannegusha Creek \nWatershed include as follows: \n \nTy Irby- Landowner \n \nDavid Boyd- Landowner \n \nBernard King- Landowner \n \nGary Thrash- Landowner \n \nMurray Fulton- Natural Resources Conservation Service (NRCS) \n \nMark Scott- Natural Resources Conservation Service (NRCS) \n \nMark Gilbert- Mississippi Soil and Water Conservation Commission (MSWCC) \n \nPatrick Vowell- Mississippi Soil and Water Conservation Commission (MSWCC) \n \nJeff Wilson- Mississippi Soil and Water Conservation Commission (MSWCC) \n \nBrook Stuart- Mississippi Farm Bureau Federation (MFBF) \n \nKenneth LaFleur- Mississippi Department of Environmental Quality (MDEQ) \n \nZoffee Dahmash- Mississippi Department of Environmental Quality (MDEQ) \n \nAnn Porter- Mississippi Department of Environmental Quality (MDEQ) \n \nBrad Shedd- Mississippi Soil and Water Conservation Commission (MSWCC) \n \nTim Patrick- Rankin County Soil and Water Conservation District (RCSWCD) \n \nJeannine May- Natural Resources Conservation Service (NRCS) \n \nJanet Chapman- Mississippi Department of Environmental Quality (MDEQ) \n \n \n \n \n\n 10 \nV. WATERSHED DESCRIPTION \n Fannegusha Creek is located in northeastern portion of Rankin County, \nMississippi and northwestern portion of Scott County, Mississippi (Figure 5.1) (MDEQ \n2004).  There are 47,289 acres located within the watershed boundaries.  There are no \ntowns or cities located in this watershed, but there are several communities including \nMidway, Branch, Pisgah, Redoak, Sandhill and Leesburg.  The land uses in the \nwatershed include agriculture lands (45%), forestlands (35%), and barren, urban and \nother (all together less than 1%).   Figure 5.2 shows the land use in Fannegusha Creek \nwatershed. \n The soils in the watershed are primarily Kipling-Falkner-Savannah soils and \nAlluvium Eocene is the geology of the watershed.  Fannegusha Creek watershed is \nlocated in the Southeastern Plain ecoregion.  About 18% or 8,389 acres of the \nwatershed are wetlands.  \n Other named creeks in the watershed include Red Cane Creek and Hurricane \nCreek.  There are no state or federal parks, wildlife management areas, national forests \nor other significant management areas located within this watershed.  Being in a rural \narea, there are people located throughout the watershed. \n There are many economic conditions that affect the watershed.  These \nconditions include farming, beavers, dumping of trash in creeks and any other idle \nlands, development, and the rising costs of timber production and all other agricultural \nrelated businesses.  Some of the historical events that have affected the culture of the \nwatershed include storm damage leaving debris in the creeks and streams dating all the \nway back to Hurricane Camille, the development of the Ross Barnett Reservoir, and the \nother developing areas around the reservoir.  The sediment loading going into the \nbackwaters of the reservoir from this growth causes waters to back up on croplands in \nthe watershed.  The land uses in the watershed are seeing some changes on the \nRankin county side more rapidly than the Scott county side of the watershed.   There \nhas been a large decrease in the acres planted to cotton due to high production costs \nand there is no readily available place close enough to gin the cotton.  Also, with the \ngrowth that the area is experiencing there is more and more development of 5-10 acre \nhome places and communities in the watershed. \n  \n \n \n \n \n\n 11 \n \nFigure 5.1 Fannegusha Creek Watershed. \n \n \n \n \n \n \n\n 12 \n \n \n \nFigure 5.2 Land Use in Fannegusha Creek. \n \n \n \n \n \n \n \n \n\n 13 \nVI. STAKEHOLDER INTERESTS \n \n The stakeholders interests in this watershed includes farming, the recreational \nareas, and the drainage of this watershed.   The drainage is a big issue due to flood \nwaters backing up on cropland and carrying away the topsoil when the flood water \nrecedes.  This also causes severe eroding of stream banks.  Farming is a way of life for \nmany of the landowners in this watershed.  Due to the increased production costs and \nthe other rising costs associated with farming, there is a real concern that family farms \nare going to become a thing of the past.  There are some recreational areas in the \nwatershed that the stakeholders have an interest in preserving these areas for this \ngeneration and future generations to enjoy.    \n The stakeholders have a genuine concern for development in the watershed and \nthe impacts that it will have on sediment entering the streams and creeks within the \nwatershed.  The issue with sediment is already there and without well thought out \ndevelopment and proper management of construction sites for erosion and sediment \ncontrol, sediment could become an even bigger problem.  Also, snags and other debris \nin the streams are a problem because they slow down the flow and cause water to flood \ncropland and pastureland.   \n   \n \n\n 14 \nVII. Water Resources \n \nA. History of Activity in the Watershed \n \n The primary players in restoration and /or conservation efforts in the Fannegusha \nCreek Watershed are the Natural Resources Conservation Service, Rankin County Soil \nand Water Conservation District and the Mississippi Soil and Water Conservation \nCommission.  Local landowners and operators will play the major role in the restoration \nand conservation of the natural resources in this watershed by installing best \nmanagement practices on their land.   \n The Fannegusha Creek Watershed was selected as a priority watershed by the \nPearl River Basin Team.  As the management agency for Agricultural Nonpoint Source \nPollution in Mississippi, the Mississippi Soil and Water Conservation Commission \n(MSWCC) determined that the Fannegusha Creek Watershed would be a good \ncandidate for restoration.  After meetings with local landowners and Natural Resources \nConservation Service (NRCS) employees that work in this area, MSWCC felt there was \nenough interest in the watershed that a measurable difference could be shown and \nsubmitted a proposal to the Mississippi Department of Environmental Quality (MDEQ).  \nThrough a collaborative effort between NRCS, MDEQ and MSWCC, the team members \nfor the Watershed Implementation Team were assembled.  At this point in time, there \nhas been no process discussed to modify this team. \n There have been some conservation measures used in this watershed in the \npast including the operation fuel program, farm plans, and EQIP programs to dispose of \nold chemicals. These were some very productive programs for the farmers in the \nwatershed.  The Operation Fuel program was a program used to educate farmers on \nno-till farming.  This is a practice that most farmers in the watershed have adopted.  The \nfarm plans have helped the farmers in production and gave them a target of where they \nwanted to go with their farms.  The EQIP program helped the farmers get rid of old \nchemicals that could no longer be used, and chemicals that were out of date\n.  \n \n \n \n \nB. Wildlife and Fisheries \n \n There are important recreational species located throughout the watershed.  \nThese species include deer, turkey, bass, catfish, bream, rabbits, squirrel, and raccoon.  \n \n \n \n \n\n 15 \nC. Designated Use Classifications and Water Quality                 \n     Standards \n \n The designated beneficial use for the Fannegusha Creek and the waterbodies \nincluded in the watershed is fish and wildlife support.  There are no numeric water \nstandards for sediment applicable at this time for sediment TMDLs in the state of \nMississippi.  EPA Region IV has established a range of acceptable reference yields for \nstable streams in the  Southeastern Plains ecoregion and that is 6.9E-04 to 4.2E-03 \ntons per acre per day at the effective discharge. It is expected that all values within this \nrange will result in attainment of water quality standards.  It is estimated the typical \nrange for unstable streams in this ecoregion is 1.4E-03 to 6.9E-02 tons per acre per day \nat the effective discharge.  This range is representative of the load that would be \nexpected from the Fannegusha Creek Watershed.  The aquatic life use attainment \nthreshold scores associated with the Fannegusha Creek Watershed are as follows: \nFannegusha- 27.41 and Red Cane Creek- 33.20.  The reference MBISQ score for the \nEast Bioregion is 61.35.  Based on these scores, Both Fannegusha and Red Cane \nCreeks are impaired.  \n \nTable 7.1 Water Quality Standards. \nParameter  Beneficial Use Narrative Water Quality Standards \nSediment/ \nSiltation \nAquatic Life \nSupport \nWaters shall be free from materials \nattributable to municipal, industrial, \nagricultural, or other dischargers producing \ncolor, odor, taste, total suspended solids, or \nother conditions in such degree as to create \na nuisance, render the waters injurious to \npublic health, recreation, or to aquatic life \nand wildlife, or adversely affect the \npalatability of fish, aesthetic quality, or \nimpair the waters for any designated uses. \n \n \n \n \nD. Current Status of Water Bodies in the Watershed \n \n Waterbodies in the Fannegusha Creek watershed that are included on \nMississippi’s list of impaired waters (303(d) list) are Fannegusha Creek, Red Cane \nCreek, and Hurricane Creek. \n Groundwater is used by most of Mississippi’s community and non-community \nwater supply systems.  However, the City of Jackson’s water supply is mostly \ndependent on surface waters.  Specifically, the City of Jackson has a water intake \nstructure on the Ross Barnett Reservoir and another 10 miles downstream on the Pearl \n\n 16 \nRiver.  The mouth of Fannegusha Creek empties into the Ross Barnett Reservoir.  \nTherefore, the Fannegusha Creek watershed would also be an important part of source \nwater protection.   \n \nE. TMDLs \n \n There has been a sediment TMDL completed for Fannegusha Creek located in \nRankin and Scott counties in Mississippi.  The watershed ID numbers are 0104 and \n0105.  The Hydrologic Unit Code (HUC) code for the watershed is 03180002.  The \nstreams in the watershed are biologically impaired due to sediment.  The sources of \nimpairment are landuse runoff and in-channel stream sediment processes.  The \nrecommended sediment load reduction in the TMDL brings the sediment loading to \nacceptable levels of a stable stream in the ecoregion.  The recommended management \nactions to reduce the loading to the stream are streambank restoration, riparian buffer \nzones restoration and any sediment reduction BMPs, especially for road crossings, \nagricultural ac"
}