{
  "slug": "ross-barnett-reservoir-watershed-plan-2011",
  "source": "Ross_Barnett_Reservoir_Watershed_Plan_2011.pdf",
  "length": 1021493,
  "part": 43,
  "text": "ased  by  increasing  the  \nlength of the flow paths, (for instance, by increasing circuitousness). \n \nImplementation \n• Urban retrofit. \n• New development. \n \nDisconnection  practices  may  be  applied  in  almost  any  location,  but  impervious  \nsurfaces must discharge into a suitable receiving area for the practices to be effective. \nRunoff  must  not  flow  toward  building  foundations  or  onto  adjacent  private  property.  \nTypical  receiving  areas  for  disconnected  impervious  runoff  include  vegetated  best  \nmanagement  practices  (BMPs)  (e.g.,  filter  strips  or  bioretention)  and  other  existing  \nlandscaping such as shrubs. \n \nPollutant Removal Efficiency \nWater quality benefits are gained from disconnection practices because a percentage of \nthe  overall  stormwater  volume  infiltrates  into  pervious  areas  or  is  lost  through  \nevapotranspiration.  Pollutant  load  from  impervious  areas  is  a  product  of  pollutant  \nconcentration and the stormwater volume. Disconnection practices decrease the total \nvolume of stormwater discharged to receiving waterbodies. Therefore, the reduction in \npollutant  and  nutrient  loading  attributed  to  disconnection  is  dependent  upon  the  \nreduction in stormwater volume. \n \nThe  pollutant  removal  efficiency  is  also  dependent  on  the  type  of  area  to  which  the  \nstormwater  is  diverted.  For  example,  if  stormwater  is  diverted  to  a  properly  designed  \nbioretention  basin,  the  pollutant  removal  should  be  equivalent  to  the  levels  expected  \nfor  bioretention.  Pollutant  removal  rates  for  various  bioretention,  filtering,  and  \nvegetative BMPs are included in their respective fact sheets. \n \nCost \nThere   is   generally   assumed   to   be   little   cost   associated   with   implementing   a   \ndisconnection  program.  Disconnecting  roofs  requires  simple  modifications  typically  \ncosting  $100  or  less.  However,  there  will  likely  be  costs  associated  with  maintaining  \n \n \n\n \n \nthe areas where stormwater is directed. Bioretention basins, vegetated swales, or other \nvegetative areas may need to be constructed if they are not already present. \n \nBenefits \nRouting  runoff  to  vegetated  areas  will  reduce  the  peak  discharge  and  stormwater  \nvolume  by  providing  an  opportunity  for  infiltration  and  evapotranspiration.  The  \npotential  exists  for  runoff  to  be  completely  taken  “out  of  the  system”  by  spreading  it  \nout  and  infiltrating  it  over  pervious  surfaces  and  BMPs.  The  impact  of  disconnection  \non  stormwater  volume  and  peak  discharge  is  dependent  upon  the  area  to  which  the  \nstormwater is directed. \n \nLimitations \n• Most  disconnection  systems  can  handle  stormwater  from  only  a  small  amount  \nof impervious surface area. Most design manuals recommend a maximum area \nof  500  square  feet  per  system.  Thus,  applications  are  limited  to  residential  or  \nsmall commercial areas. Multiple treatment areas for larger disconnected areas \nare required. \n• Rain  gardens  and  other  BMPs  can  create  flooding  and  visual  nuisance  if  not  \nproperly designed and maintained \n \nMaintenance \nRelated maintenance activities are primarily focused on the areas designated to receive \nstormwater  runoff.  Infiltration  areas  should  be  routinely  checked  to  ensure  that  they  \nare free of debris and trash. Both vegetated and constructed infiltration areas should \nbe  inspected  for  sediment  accumulation.  Additionally,  receiving  areas  should  be  \ninspected for signs of channelized flow and signs of compaction. \n \nEducation and Outreach \nThe  target  audience  for  this  practice  is  developers  and  decision  makers.  Developers  \nshould  be  encouraged  to  include  bioretention  in  the  design  for  retrofit  and  new  \nprojects. Opportunities to present information about this practice include collaborative \ntraining  and  workshops  and  the  green  infrastructure  incentive  program.  Decision  \nmakers   include   city   and   county   government   officials   who   approve   stormwater   \nmanagement  plans.  This  group  will  be  educated  about  bioretention  basins  through  \nparticipation in the watershed team and stormwater management training. Education \nof  officials  is  vital  to  preventing  delays  or  difficulties  in  the  permit  approval  process  \nthat may occur when GI practices are used in place of conventional practices. Property \nowners will be encouraged to use bioretention in model retrofit projects. \n \n \n \n\n \n \n \n \nReferences \nInformation in the fact sheet is adapted from: \n \nFairfax    County,    Virginia.    2005.    “Disconnect    Impervious    Areas/Downspout    \nDisconnection.” Low Impact Development Best Management Practices Fact Sheet \nNo. 4.1. February 28, 2005. Accessed September 2011 from \nhttp://www.lowimpactdevelopment.org/ffxcty/4-1_disconnect_draft.pdf\n. \nThe Fund for Lake George. 2011. “Low Impact Development: Minimize and Disconnect \nImpervious Surfaces.” Lake George Fact Sheet No. 72. Accessed September 2011 \nat \nhttp://www.fundforlakegeorge.org/assets/pdf_files/Fact%20Sheet%2072%20LI\nD%205.pdf \nPhiladelphia   Water   Department.   2008.   “Disconnecting   Your   Impervious   Area.”   \nStormwater  Regulations  Fact  Sheet  No.  4.  Philadelphia  Water  Department,  \nPlanning and Engineering Division, Office of Watersheds. April 2008. Accessed \nSeptember 2011 at \nhttp://www.phillyriverinfo.org/WICLibrary/SWFS4_April2008.pdf\n. \n\n \n \nRiparian Buffer/ \nVegetated Buffer\n \nDescription \nRiparian  buffers  are  natural  or  constructed  low-maintenance  ecosystems  adjacent  to  \nsurface waterbodies, where trees, grasses, shrubs, and herbaceous plants function as \na filter to remove pollutants from overland  stormwater  flow  and  shallow  groundwater  \nflow  prior  to  discharge  to  receiving  waters.  Maintaining  a  vegetated  buffer  along  \ncreeks,  streams,  and  rivers  provides  an  attractive  landscape  and  can  improve  water  \nquality  by  removing  sediment  and  chemicals  before  they  reach  the  waterway.  In  \naddition,  buffers  provide  flood  control,  help  recharge  groundwater,  prevent  soil  \nerosion, and preserve or improve certain types of wildlife habitat. \n \nThe primary objective of the buffer strip should be determined prior to design. Various \nobjectives   might   include   protection   of   water   quality,   streambank   stabilization,   \ndownstream flood attenuation, or provision of wildlife habitat or movement corridors. \n \nDesign Considerations \n• The     width,     length,     and     plant     \ncomposition  of  a  buffer  will  determine  \nits  effectiveness,  and  should  be  based  \non the objective of the buffer strip. \n• Stormwater    flow    to    buffer    should    \ngenerally enter as sheet flow. \n• Slope  of  buffer  should  not  be  greater  \nthan 6%. \n• Level  spreaders  are  required  if  flow  to  \nbuffer is concentrated. \n• An   effective   urban   riparian   buffer   \nzones.  Zone  1  is  on  the  stream  or  \nshoreline       side       and       includes       \nundisturbed forest to provide shade and stabilize banks. Zone 2 is the middle zone \nand  should  also  be  forested,  but  limited  clearing  is  acceptable  as  well  as  passive  \nrecreational  uses.  Zone  3  is  the  outer  zone,  which  is  the  buffer  between  the  \nforested zones and development. This zone provides initial removal of pollutants. \n• Establishing continuou\ndesign  consists  of  three  preservation  \ns riparian forest buffers in the landscape should be given a \nation  and  requirements  for  riparian/vegetated  buffers  are  \nhigher  priority  than  establishing  fragmented  buffers.  Continuous  buffers  provide  \nbetter  stream  shading  and  water  quality  protection,  as  well  as  corridors  for  the  \nmovement of wildlife. \n• Detailed  design  inform\navailable  in  the  Planning  and  Design  Manual  for  the  Control  of  Erosion,  Sediment,  \nand   Storm   Water,  Volume  2:  Stormwater  Runoff  Management  Manual.  This  \nOuter Middle   Streamside \nSource: Paxton Creek Watershed & Education Association \n\n \n \n \n \npublication is available from the Mississippi Department of Environmental Quality \nand online at http://www.deq.state.ms.us\n. \n \nImplementation  \nt (preservation of existing buffers). \ntreams or drainage channels. \nevegetated riparian buffers can be installed along the bank of any stream, creek, or \nollutant Removal Efficiency \nin  the  watershed  will  determine  its  effectiveness.  \n• Urban retrofit. \n• New developmen\n• Pasture and row-crop areas that boarder perennial s\n \nR\nwaterbody  within  the  watershed.  The  plantings  should  be  native  species  that  will  \nthrive in the local climate where installed. \n \nP\nPlacement  of  the  buffer  strip  with\nBuffers   installed   higher   within   the   watershed   are   more   effective   at   removing   \npollutants.  The  efficiencies  given  in  the  table  are  considered  “average”  values  of  \nefficiency. \n \nPollutant Efficiency \nTotal SuspendeS) 60%  d Solids (TS\nTotal Nitrogen 30% \nTotal Phosphorus 35% \n \nRiparian Vegetation for the Reservoir Watershed \nd for revegetation of riparian Native species of shrubs, trees, and grasses should be use\nbuffers.  Native  vegetation  is  adapted  to  survive  in  the  climate  and  soil  conditions  of  \nMississippi  and  requires  less  maintenance  (fertilizer,  watering,  etc).  Recommended  \nvegetative  plantings  for  the  areas  nearest  to  streams  (Zone  1)  include  the  following  \nnon-woody  species:  switchgrass  (Panicum  virgatum),  soft  rush  (Juncus  effusus  and  \nJuncus  spp.),  soft  stem  bulrush  (Scirpus  validus),  maidencane  (Panicum  hemitomon), \nand  water  willow  (Dianthera   americana).  Suitable  woody  trees  and  shrubs  are  \nnumerous and include willow (Salix spp.), cypress (Taxodium distichum),  overcup  oak  \n(Quercus  lyrata),  pin  oak  (Quercus palustris), Nuttall oak (Quercus  texana),  red  maple  \n(Acer rubrum), sycamore (Platanus occidentalis), river birch (Betula nigra), water tupelo \n(Nyssa   aquatica),   green   ash   (Fraxinus   pennsylvanica),   and   sweetbay   magnolia   \n(Magnolia   virginiana).  Suitable  shrub  species  include  buttonbush  (Cephalanthus \noccidentalis),  common  alder  (Alnus  serrulata),  elderberry  (Sambucus  canadensis),  red  \nchokeberry (Aronia arbutifolia), Virginia sweetspire (Itea virginica), deciduous holly (Ilex \ndecidua),  and  nonflowering  dogwood  (Cornus  amomum  and  C.  foemina).  Rose  mallow  \n(Hibiscus  moscheutos) is a non-woody perennial that is shrub-like in appearance and \nprovides large colorful flowers. Trees for areas farther away from the shoreline include \nall  of  those  listed  above;  these  tree  species  are  especially  tolerant  of  root  flooding  for  \nlong  periods  but  will  also  thrive  further  from  the  shoreline.  The  Mississippi  State  \nUniversity Extension Service has developed the following excellent guides for selecting \nappropriate  native  vegetation:  Native  Trees  for  Mississippi  Landscapes  and  Native \nShrubs for Mississippi Landscapes (Brzuszek 2007a, 2007b). The University of Georgia \n\n \n \n \n \nMarine Extension Service has developed a list of plants appropriate for riparian buffer \nrestoration.   Many   of   the   trees,   shrubs,   and   grasses   listed   in   this   publication   \n(University  of  Georgia  Marine  Extension  Service,  no  date)  will  most  likely  be  effective  \nfor the Reservoir watershed. \n \nWhether  riparian  buffers  should  be  revegetated  with  trees  or  grasses  is  a  question  of  \nost \nosts  depend  on  geographic  location,  number  of  acres  planted,  number  of  \nost-share  and  incentive  programs  exist  for  the  preservation  of  riparian  buffers,  for  \nenefits \numerous aesthetic and passive recreational benefits. \nmperature benefits. \n  \ne, which improves the habitat for aquatic organisms. \n \nildlife. \nongoing  discussion.  Both  grass  and  forest  buffers  can  reduce  levels  of  nutrients  and  \nsediments  from  surface  runoff,  and  reduce  levels  of  nitrates  from  subsurface  flows.  \nGrass  buffers  are  more  quickly  established,  and  in  terms  of  sediment  removal,  may  \noffer  greater  stem  density  to  decrease  the  velocity  of  water  flow  and  provide  greater  \nsurface  area  for  sediments  to  be  deposited.  Forested  buffers,  though,  offer  the  \nadvantage that the woody debris and stems may offer greater resistance and are not as \neasily inundated, especially during heavy floods (US Environmental Protection Agency \n[EPA]   Chesapeake   Bay   Program   Forestry   Work   Group   1993).   Higher   rates   of   \ndenitrification  are  often  observed  in  forested  buffers,  presumably  due  to  the  greater  \navailability  of  organic  carbon  and  interactions  which  occur  between  the  forest  \nvegetation and the soil environment (Lowrance et al. 1995; Correll 1997). \n \nC\nPlanting  c\ntrees planted per acre, species of trees, and whether or not the trees are from bare root \nor  container  stock.  Grass  buffers  tend  to  cost  less  than  forest  buffers  to  plant  and  \nmaintain. \n \nC\nthe removal of riparian areas from agriculture production, and for riparian restoration. \nThe  US  Department  of  Agriculture  (USDA)  Natural  Resources  Conservation  Service  \n(NRCS)  is  usually  the  lead  federal  agency.  The  programs  are  typically  available  in  \nagricultural  areas;  there  are  no  known  cost-share  programs  in  urban  areas.  Known  \ncost-share/incentive  programs  include  Conservation  Reserve  Program,  the  Wetland  \nReserve Program, and the US Fish and Wildlife Service’s Partners for Fish and Wildlife \nProgram. \n \nB\n• Offers n\n• Provides water quality treatment, erosion control, and water te\n• Builds  support  for  greenways  within  riparian  buffers  in  urban  and  suburban\nwatersheds  by  maintenance  of  trails  that  are  well-constructed,  well-marked,  and  \nwell-signed. \n• Creates shad\n• Stabilizes the shoreline and eroding stream banks. \n• Has low maintenance requirements once established.\n• Can increase property values. \n• Provides food and habitat for w\n \n\n \n \nLimitations \n• Sometimes seen as unkempt public areas. \n• Can  be  perceived  as  interfering  with  views  of  streams,  especially  with  shrubby  \nbank-side vegetation. \n• In the worst cases, can be abused as places for dumping trash and litter. \n• May require development and adoption of an ordinance for urban application. \n• Will not repair damaged shorelines. \n• May obstruct views of the Reservoir. \n• Urban  runoff  can  concentrate  rapidly  from  paved  areas  and  cut  across  the  buffer  \nas channel flow, eliminating the intended function of passing through the buffer.  \n \nMaintenance \n• Inspect  buffer  at  least  annually  for  signs  of  erosion,  sediment  buildup,  or  \nvegetation loss. \n• If a meadow buffer, provide periodic mowing as needed to maintain a healthy stand \nof herbaceous vegetation. \n• If  a  forested  buffer,  then  the  buffer  should  be  maintained  in  an  undisturbed  \ncondition, unless erosion occurs. \n• If erosion of the buffer occurs, eroded areas should be repaired and replanted with \nvegetation  similar  to  the  remaining  buffer.  Corrective  action  should  include  \neliminating the source of the erosion problem, and may require retrofit with a level \nspreader. \n• Remove debris and accumulated sediment, based on inspection. \n \nEducation and Outreach \nThe target audience for this practice is developers and decision-makers involved with \nlandscape-scale  stormwater  issues.  Developers  should  be  encouraged  to  include  \nriparian  buffers  in  the  design  for  retrofit  projects  as  well  as  to  maintain  existing  \nbuffers in undeveloped areas. Opportunities to present information about this practice \ninclude  collaborative  training  and  workshops  and  the  green  infrastructure  (GI)  \nincentive program. Decision-makers include city and county government officials who \napprove  stormwater  management  plans.  This  group  will  be  educated  about  riparian  \nbuffers  through  participation  in  the  watershed  team  and  stormwater  management  \ntraining. Education of officials is vital to preventing delays or difficulties in the permit \napproval process that may occur when GI practices are used in place of conventional \npractices. Property owners will be encouraged to use restored riparian buffers in model \nretrofit projects.  \n \n \n \n\n \n \nReferences \nInformation in this factsheet is adapted from: \n \nAlabama  Soil  and  Water  Conservation  Committee.  2009.  Alabama  Handbook  for  \nErosion    Control,    Sediment    Control,    and    Stormwater    Management    on    \nConstruction   Sites   and   Urban   Areas.   Volume   1:   Developing   Plans   and   \nDesigning Best Management Practices. Montgomery, AL. March 2009. Accessed \nSeptember 2011 at http://swcc.alabama.gov/pages/erosion_handbook.aspx\n. \nBrzuszek,  R.F.  2007a.  Native  Shrubs  for  Mississippi  Landscapes  [Publication  2334].  \nMississippi  State  University  Extension  Service,  in  cooperation  with  the  US  \nDepartment of Agriculture. Accessed October 2011 at \nhttp://msucares.com/pubs/publications/p2334.pdf\n. \nBrzuszek,  R.F.  2007b.  Native  Trees  for  Mississippi  Landscapes  [Publication  2330].  \nMississippi  State  University  Extension  Service,  in  cooperation  with  the  US  \nDepartment of Agriculture. Accessed October 2011 at \nhttp://msucares.com/pubs/publications/p2330.pdf\n. \nCahill  Associates,  Inc.,  and  the  Stormwater  Manual  Oversight  Committee.  2006a.  \n“BMP 5.4.2:    Protect/Conserve/Enhance    Riparian    Areas.”    In    Chapter    5,    \nNon-Structural  BMPs,  in  Pennsylvania  Stormwater  Best  Management  Practices  \nManual.   Prepared  "
}