{
  "generatedAt": "2025-10-06T04:09:39.571Z",
  "countRaw": 35,
  "dedupedCount": 16,
  "resultsDeduped": [
    {
      "file": "Lake_Washington_Watershed_Plan_2007.pdf",
      "goals": 6,
      "bmps": 435,
      "rejected": 548,
      "rejectionReasons": {
        "numeric_punct_heavy": 279,
        "too_short": 401,
        "too_long": 14,
        "cost_context": 26,
        "starts_bad_token": 56,
        "time_range": 8,
        "meta_only": 13,
        "phase_token": 9
      },
      "durationMs": 561,
      "zeroGoal": false,
      "zeroBMP": false,
      "sampleGoal": "Specific goals and/or expectations for education and outreach activities are described in If the activity goals were not met, the causes behind the failure to meet the goals schedules are not being met, the causes behind the failure to meet the goals will be determined, Those TMDLs set goals for reducing requires that management activities to achieve these goals be implemented in the Lake The TMDLs set goals for achieve these goals be implemented in the Lake Washington watershed.",
      "sampleBMP": "1.    Determine eligible sites for EQIP,",
      "ts": "2025-10-06T04:09:21.712Z"
    },
    {
      "file": "Red_Bud_Catalpa_Creek_Watershed_Plan_2016.pdf",
      "goals": 21,
      "bmps": 161,
      "rejected": 21,
      "rejectionReasons": {
        "too_short": 10,
        "too_long": 9,
        "cost_context": 2,
        "starts_bad_token": 1,
        "numeric_punct_heavy": 3
      },
      "durationMs": 1021,
      "zeroGoal": false,
      "zeroBMP": false,
      "sampleGoal": "Section 10: Watershed Status and Restoration and Protection Goals and 2 Expected Load Reduction Section 10: Watershed Status and Restoration and Protection Goals and 3 Proposed Management Measures Section 10: Watershed Status and Restoration and Protection Goals and Section 10: Watershed Status and Restoration and Protection Goals and 9 Monitoring Section 10: Watershed Status and Restoration and Protection Goals and 5 Vision and Project Goals ..........................................................................................................",
      "sampleBMP": "CEE Model development",
      "ts": "2025-10-06T04:09:23.015Z"
    },
    {
      "file": "Upper_Porter_Bayou_Watershed_Plan_2013.pdf",
      "goals": 5,
      "bmps": 112,
      "rejected": 59,
      "rejectionReasons": {
        "numeric_punct_heavy": 26,
        "too_short": 34,
        "header_case": 1,
        "too_long": 5,
        "cost_context": 10
      },
      "durationMs": 445,
      "zeroGoal": false,
      "zeroBMP": false,
      "sampleGoal": "5.0 RESTORATION AND PROTECTION GOALS The restoration and protection goals for the Upper Porter Bayou Watershed are based, in part, on the goal of the Delta Nutrient Reduction Strategy; which is answering the following The restoration and protection goals for the Upper Porter Bayou Watershed are also based partly on the goals of the Mississippi Sustainable Resources Task Force, some of which The goals and objectives of this plan reflect these Goals related to other existing or potential concerns in this watershed will be",
      "sampleBMP": "Low Grade Weirs",
      "ts": "2025-10-06T04:09:23.829Z"
    },
    {
      "file": "Middle_Porter_Bayou_Watershed_Plan_2013.pdf",
      "goals": 5,
      "bmps": 107,
      "rejected": 64,
      "rejectionReasons": {
        "numeric_punct_heavy": 21,
        "too_short": 42,
        "header_case": 1,
        "too_long": 6,
        "cost_context": 7
      },
      "durationMs": 546,
      "zeroGoal": false,
      "zeroBMP": false,
      "sampleGoal": "5.0 RESTORATION AND PROTECTION GOALS The restoration and protection goals for the Middle Porter Bayou Watershed are based, in part, on the goal of the Delta Nutrient Reduction Strategy; which is answering the following questions: The restoration and protection goals for the Middle Porter Bayou Watershed are also based partly on the goals of the Mississippi Delta Sustainable Water Resources Initiative, some of which include the The goals and objectives of this plan reflect these principles.",
      "sampleBMP": "Low Grade Weirs",
      "ts": "2025-10-06T04:09:24.730Z"
    },
    {
      "file": "Muddy_Bayou_Opossum_Bayou_9_Key_Element_Plan_2022.pdf",
      "goals": 1,
      "bmps": 59,
      "rejected": 35,
      "rejectionReasons": {
        "cost_context": 10,
        "too_short": 14,
        "numeric_punct_heavy": 15,
        "starts_bad_token": 1,
        "too_long": 5,
        "phase_token": 1,
        "meta_only": 1,
        "schedule_fragment": 2
      },
      "durationMs": 329,
      "zeroGoal": false,
      "zeroBMP": false,
      "sampleGoal": "Reduce sediment and nutrient loads entering waters in the Muddy Creek Watershed that could",
      "sampleBMP": "Grade Stabilization Structure (low flow)",
      "ts": "2025-10-06T04:09:25.323Z"
    },
    {
      "file": "Dry_Creek_9_Key_Element_Plan_2017.pdf",
      "goals": 1,
      "bmps": 55,
      "rejected": 20,
      "rejectionReasons": {
        "numeric_punct_heavy": 7,
        "cost_context": 4,
        "starts_bad_token": 1,
        "too_long": 6,
        "too_short": 4,
        "schedule_fragment": 2
      },
      "durationMs": 358,
      "zeroGoal": false,
      "zeroBMP": false,
      "sampleGoal": "The ultimate goal is to bring about behavior changes and the use of",
      "sampleBMP": "Ponds",
      "ts": "2025-10-06T04:09:25.923Z"
    },
    {
      "file": "Bear_Lake_9_Key_Elelment_Plan_2018.pdf",
      "goals": 1,
      "bmps": 55,
      "rejected": 24,
      "rejectionReasons": {
        "numeric_punct_heavy": 12,
        "too_short": 6,
        "cost_context": 2,
        "too_long": 6,
        "schedule_fragment": 2
      },
      "durationMs": 462,
      "zeroGoal": false,
      "zeroBMP": false,
      "sampleGoal": "The ultimate goal is to bring about behavior changes and the use of",
      "sampleBMP": "Grade Stabilization Structure (#)",
      "ts": "2025-10-06T04:09:26.663Z"
    },
    {
      "file": "Deer_Creek_Watershed_Plan_2008.pdf",
      "goals": 4,
      "bmps": 40,
      "rejected": 14,
      "rejectionReasons": {
        "starts_bad_token": 11,
        "too_short": 2,
        "header_case": 1,
        "numeric_punct_heavy": 1
      },
      "durationMs": 453,
      "zeroGoal": false,
      "zeroBMP": false,
      "sampleGoal": "The goals and objectives of this plan reflect these Goals related to other existing or potential concerns in this watershed will be The goals for this watershed implementation plan stem from the stated mission to In fulfilling this mission, the following goals are set for this implementation plan: Planned management actions for achieving these goals fall within six general categories, These actions address the goals of Deer Creek by attaining water quality standards and These actions address the goals of Deer Creek attaining water quality standards and achievement of the implementation plan goals (see Section 3.1) by increasing public awareness The goal of community education along the Deer Creek corridor is to develop an goals: attaining water quality standards, improving instream habitat, and improving quality of This action addresses all three of the plan goals.",
      "sampleBMP": "Investigate/confirm areas of bank erosion to determine cause during Deer Creek survey",
      "ts": "2025-10-06T04:09:27.455Z"
    },
    {
      "file": "Overcup_Slough_Watershed_Plan_2013.pdf",
      "goals": 4,
      "bmps": 29,
      "rejected": 34,
      "rejectionReasons": {
        "numeric_punct_heavy": 13,
        "too_short": 25,
        "header_case": 1,
        "too_long": 2,
        "cost_context": 4
      },
      "durationMs": 406,
      "zeroGoal": false,
      "zeroBMP": false,
      "sampleGoal": "Specific goals and/or expectations for education and outreach activities are described in If the activity goals were not met, the causes behind the failure to meet the goals 5.0 RESTORATION AND PROTECTION GOALS .............................................................5-1 8.1 Goals .....................................................................................................................8-1 5.0 RESTORATION AND PROTECTION GOALS The restoration and protection goals for the Overcup Slough watershed are based, in part, on the goal of the Delta Nutrient Reduction Strategy; which is answering the following questions: The restoration and protection goals for the Middle Porter Bayou Watershed are also based partly on the goals of the Mississippi Delta Sustainable Water Resources Imitative, some of which The goals and objectives of this plan reflect these Goals related to other existing or potential concerns in this watershed will be",
      "sampleBMP": "Low Grade Weirs",
      "ts": "2025-10-06T04:09:28.187Z"
    },
    {
      "file": "Pickwick_Reservoir_Watershed_Plan_2009.pdf",
      "goals": 20,
      "bmps": 0,
      "rejected": 0,
      "rejectionReasons": {},
      "durationMs": 315,
      "zeroGoal": false,
      "zeroBMP": true,
      "sampleGoal": "The long-term goal of those creating the Pickwick Reservoir watershed plan is to develop a mechanism for removing Caney, Bear, Cripple Deer, and Little Cripple Deer Creeks and Holly Branch from MDEQ's list of impaired waters and return these streams to conditions needed to support the natural biological communities typical of this region.",
      "ts": "2025-10-06T04:09:28.829Z"
    },
    {
      "file": "Old_Fort_Bayou_Watershed_Plan_2019.pdf",
      "goals": 8,
      "bmps": 0,
      "rejected": 0,
      "rejectionReasons": {},
      "durationMs": 585,
      "zeroGoal": false,
      "zeroBMP": true,
      "sampleGoal": "December 17, 2018 and has been incorporated throughout the plan from the visioning and goal 1.2.4 Goals and Objectives The following goals were developed by the goals, objectives, and strategies needed to accomplish refuge purposes; and identify The goal of BMPs are to reduce or eliminate contaminants collected by stormwater as it moves The primary goals of the Watershed (Section 2.4.6 Sources of Pollutions) and identified the goals and objectives for restoring the watershed (Section 1.2.4 Goals and Objectives).",
      "ts": "2025-10-06T04:09:29.723Z"
    },
    {
      "file": "Rotten_Bayou_Watershed_Plan_2015.pdf",
      "goals": 7,
      "bmps": 0,
      "rejected": 0,
      "rejectionReasons": {},
      "durationMs": 1744,
      "zeroGoal": false,
      "zeroBMP": true,
      "sampleGoal": "Keep Diamondhead Beautiful and/or Jurisdictions Jurisdictions and/or grant through Keep America Beautiful Implement program with a goal of having 5 roadway segments adopted S 20 Zoning Ordinance Amendment: Permeable Paving Urban - Nonstructural 2a, 2c Minimal administrative and/or legal expenses City of Diamondhead City of Diamondhead Ordinance amendment S 21 Stormwater Ordinance Amendments Urban - Nonstructural 2a, 2b, 3a, 3c Minimal administrative and/or legal expenses City of Diamondhead City of Diamondhead Ordinance amendment S 22 Building Code Amendment Urban - Nonstructural 2c Minimal administrative and/or legal expenses City of Diamondhead City of Diamondhead Code amendment S 23 Fertilizer Ordinance Urban - Nonstructural 2a Minimal administrative and/or legal expenses City of Diamondhead City of Diamondhead Ordinance adoption L Adopt-a-Roadway 19 2c, 5c Litter Appendix H: Management Actions Review current technical documents compared to newly revised Georgia Coastal Supplement S Take action to revise existing or adopt Georgia Coastal Supplement L n/a or TBD at time services requested Determine need and cost S $1,000 -$10,000 depending on extend of program If significant need exist, pursue agreed upon course of action L 26 Enforcement of Stormwater Pollution Prevention Plans Urban - Structural 1a Administrative Expenses.",
      "ts": "2025-10-06T04:09:31.766Z"
    },
    {
      "file": "Ross_Barnett_Reservoir_Watershed_Plan_2011.pdf",
      "goals": 1,
      "bmps": 0,
      "rejected": 0,
      "rejectionReasons": {},
      "durationMs": 1952,
      "zeroGoal": false,
      "zeroBMP": true,
      "sampleGoal": "Five demonstration projects Meet goals for targeted HUC12s (see Section 7.0) Wide acceptance and use Visits to the Rezonate website 100/year 500/year More than 1,000/year Participation in Watershed Implementation Teams One team formed, minimum of seven individuals per team Two teams formed and functioning 87 teams formed and functioning and coordinating through the Pearl River Basin Team Funding available for implementation of WIPs Federal",
      "ts": "2025-10-06T04:09:34.032Z"
    },
    {
      "file": "Upper_Bay_of_St_Louis_Watershed_Action_Plan_2007.pdf",
      "goals": 1,
      "bmps": 0,
      "rejected": 0,
      "rejectionReasons": {},
      "durationMs": 238,
      "zeroGoal": false,
      "zeroBMP": true,
      "sampleGoal": "The goal of the Upper Bay of St.",
      "ts": "2025-10-06T04:09:34.623Z"
    },
    {
      "file": "Tchoutacabouffa_River_Watershed_Action_Plan_2007.pdf",
      "goals": 1,
      "bmps": 0,
      "rejected": 0,
      "rejectionReasons": {},
      "durationMs": 238,
      "zeroGoal": false,
      "zeroBMP": true,
      "sampleGoal": "One of the goals of the watershed partnership was to develop and implement a solution- Our goal is to build a watershed partnership that will develop and implement a solution-",
      "ts": "2025-10-06T04:09:35.165Z"
    },
    {
      "file": "Upper_Piney_Creek_9_Key_Element_Plan_2022.pdf",
      "goals": 1,
      "bmps": 19,
      "rejected": 13,
      "rejectionReasons": {
        "cost_context": 4,
        "numeric_punct_heavy": 6,
        "too_short": 6,
        "starts_bad_token": 1,
        "phase_token": 1,
        "too_long": 3
      },
      "durationMs": 308,
      "zeroGoal": false,
      "zeroBMP": false,
      "sampleGoal": "Reduce pathogen and sediment loads entering waters in the Upper Piney Creek Watershed.",
      "sampleBMP": "Grade Stabilization Structure",
      "ts": "2025-10-06T04:09:35.771Z"
    }
  ],
  "summary": {
    "totalDocsRaw": 35,
    "totalDocsDeduped": 16,
    "ok": 16,
    "errors": 0,
    "totalGoals": 87,
    "totalBMPs": 1072,
    "totalRejected": 832,
    "avgGoals": 5.44,
    "avgBMPs": 67,
    "avgRejected": 52,
    "zeroGoal": 0,
    "zeroBMP": 6,
    "reasons": {
      "numeric_punct_heavy": 383,
      "too_short": 544,
      "too_long": 56,
      "cost_context": 69,
      "starts_bad_token": 71,
      "time_range": 8,
      "meta_only": 14,
      "phase_token": 11,
      "header_case": 4,
      "schedule_fragment": 6
    },
    "reasonTop5": [
      {
        "reason": "too_short",
        "count": 544
      },
      {
        "reason": "numeric_punct_heavy",
        "count": 383
      },
      {
        "reason": "starts_bad_token",
        "count": 71
      },
      {
        "reason": "cost_context",
        "count": 69
      },
      {
        "reason": "too_long",
        "count": 56
      }
    ]
  }
}