{
  "slug": "ross-barnett-reservoir-watershed-plan-2011",
  "source": "Ross_Barnett_Reservoir_Watershed_Plan_2011.pdf",
  "length": 1021493,
  "part": 8,
  "text": " are described in Appendix O. Local governments in cooperation with resource \n                                                \n \n3\n Fact Sheet for this practice available from NRCS Conservation Practice Standards \nhttp://www.nrcs.usda.gov/technical/standards/nhcp.html \n4\n Ibid \n5\n Ibid \n\n \nOctober 31, 2011 \n \n \n \n7-8 \nagencies (NRCS, MSWCC, MDEQ) should strive toward implementing these practices in the \nReservoir watershed. \nAs discussed previously, green infrastructure management measures are designed to treat \nstormwater in place through infiltration and evapotranspiration. Properly designed measures \nshould be able to meet specific criteria for retention, detention, erosion and sediment control, and \nwater quality planning. The criteria are given in Appendix S. \n \n7.3.2   Local Policy to Promote Green Infrastructure Management Measures \nLocal ordinances, zoning requirements, stormwater management plans, and \ncomprehensive plans play an important role in the use of green infrastructure in developing \nurban areas. Local policies can promote use of green infrastructure by treating it as “standard \npractice” rather than an alternative design. Local governments interested in promoting green \ninfrastructure should begin by reviewing their current policies. As an initial step, governments in \nthe Reservoir watershed can compare their policies to the Checklist of Recommended Elements \nto Promote Green Infrastructure (Table Q.1 in Appendix O). The checklist contains elements \nneeded in local policies to facilitate an effective green infrastructure program. Additional \nresources to assist local governments are included in Appendix O. \nOne highly recommended activity is that local governments form and actively participate \nin a local consortium of stormwater managers. The consortium would improve communication, \ncollaboration, and shared education programs among governments in the Reservoir watershed. \nThis would result in consistent programs for the watershed and potential cost savings by sharing \ntraining events and materials.  \n \n7.3.3   Stream Bank Restoration \nThe recommended approach for restoring eroding and failing stream banks relies heavily \non natural stream channel design. This approach, commonly called bioengineering, combines \nstructural components and native plant material to establish a dense living vegetation system in \norder to protect, as well as stabilize, stream banks and buffer zones.\n Bioengineering restoration \nprojects use a combination of structural and biological practices integrated with ecological \nconcepts to construct living plant communities that perform erosion, sediment, and flood control \n\n \nOctober 31, 2011 \n \n \n \n7-9 \nwhen established. These projects use native plant growth to achieve pollutant reduction and bank \nstability (i.e., they expedite the recovery/restoration process by reestablishing native plant \ncommunities and stabilizing damaged banks after structures such as erosion control blankets, log \nrevetments, coconut logs, etc., have decomposed). The costs of installing bioengineering stream \nbank restoration can be expensive at first if local contractors are not familiar with these methods, \nbut costs are normally much cheaper than traditional erosion control methods. Specific methods \nof bioengineering are described in the Fact Sheets in Appendix N. Local governments should \nconsider using these methods in place of traditional bank grading and rip-rap. Agencies such as \nNRCS, the National Sedimentation Laboratory, and MDEQ may be able to provide technical \nassistance. \n \n7.3.4   In-Reservoir and Shoreline Management \nManagement measures needed for the Reservoir include reducing wind fetch and \nstabilizing the lake bottom. In-reservoir structures such as breakwaters or islands can reduce \nwind fetch and wind-generated waves. In-reservoir structures, however, are not a feasible \nmanagement option for the Reservoir due to high cost and navigation concerns. Establishment of \nwoody vegetation on the shoreline can stabilize soils and protect the shore from the energy of \nwind-induced waves, although large trees take many years to become established.  \nBased on visual analysis of recent aerial photography, approximately 25% of the \nshoreline has little or no vegetated buffer zone directly adjacent to the shore. However, there are \nno identified areas with bank failures on the Reservoir shoreline. Much of the shoreline has been \nstabilized with rip-rap or bulkheads. PRVWSD maintains constant water levels during the winter \nand summer seasons, which reduces the potential for shoreline erosion. \nReplanting shoreline areas with limited riparian vegetation has many benefits: pollutant \nremoval, wave reduction (if wetland vegetation), shoreline protection, and wildlife habitat \ncreation. The shoreline area of the Reservoir is managed by PRVWSD and individual lease \nholders. Lease holders are responsible for maintaining the shoreline on their individual lots. \nRezonate project managers can provide education and technical support to help landowners \nrestore and maintain shoreline vegetation. \n \n\n \nOctober 31, 2011 \n \n \n \n7-10 \n7.3.5   Education   Programs   \nThe common thread in all recommended management measures is stakeholder education. \nImplementation of many of the recommended management measures will rely on voluntary \nparticipation. The Comprehensive Education and Outreach Plan for Rezonate includes specific \nprogram goals and objectives for targeted audiences. The targeted audiences include the general \npublic, students and educators, civic groups, homeowners, developers/contractors, and decision \nmakers (FTN 2011). The most important actions needed to encourage participation in local \nparticipation are summarized below. Additional details are included in the Comprehensive \nEducation and Outreach Plan. \n \n• The public must begin to see the Rezonate logo, mascot, and materials on a \nregular basis. This requires attending local events on a frequent basis. A list of \nevents are attached in the education plan, but some of note are Pepsi Pops, Dragon \nBoat Races, 5k to10k running races and other sporting events held on or near the \nReservoir, and events at the Museum of Natural Science and the Children’s \nMuseum.  \n• The curriculum associated with Rezonate should be condensed into a marketable \nprogram that can be taken into schools as one-hour programs conducted by \noutside individuals for teachers and students. This will promote the use of the \nextended curriculum for Curriculum Challenge for schools in the watershed area. \nProject managers should partner with Keep the Reservoir Beautiful efforts to work \nlocal schools to co-promote both efforts. \n• Model areas for specific types of management measures need to be established in \ndifferent areas of the watershed. Measures include rain gardens and rain barrels, \nstreamside buffers, and vegetative stream bank restoration. Demonstration sites \nwill bring awareness of functionality and beauty as well as introduce stakeholders \nto the concept of green infrastructure. \n• Training workshops and/or other educational opportunities need to be held for \ncontractors, developers, and business and government officials. These educational \nopportunities may be aligned with a certification process for stormwater \nmanagement and other sediment/ pollution control measures. They may also be \nused to assist counties and cities meet education requirements for their stormwater \nmanagement plans. \n \n7.4 Restoration and Protection Measures for Targeted HUC12s \nThis section describes specific recommendations for management measures needed in \nsubwatersheds selected for the first phase of implementation activities. Members of the \n\n \nOctober 31, 2011 \n \n \n \n7-11 \nTechnical Advisory Group approved the selected subwatersheds based on prioritization and \ntargeting results (Section 5.0). Three subwatersheds are targeted for restoration: Mill-Pelahatchie \nCreek, Riley-Pelahatchie Creek, and Ashlog-Pelahatchie Creek. One subwatershed is targeted for \nprotection: Lake Creek-Pearl River.  \nRestoration and protection objectives define the management measures needed in each \ntargeted subwatershed. These measures are considered to be the most critical in order to meet \nwater-quality goals.  \n \n7.5 Restoration Measures for Mill-Pelahatchie HUC12 \nThe Mill-Pelahatchie subwatershed is an important location for both watershed \nrestoration and source water protection activities. The restoration objectives for this HUC12 are \nas follows: \n \n• Objective 1: Incorporate green infrastructure stormwater management measures \nin new construction and retrofits; \n• Objective 2: Coordinate with Rankin County officials in matters related to \nstormwater management in developed areas; \n• Objective 3: Improve stormwater controls for construction on individual lots that \nare within a larger common plan of development; \n• Objective 4: Stabilize disturbed soils on construction sites and surface mines by \nquickly replanting with native grasses and other vegetation; \n• Objective 5: Identify and restore shoreline and streamside buffer zones and banks \nin needed areas, and repair eroding gullies; and \n• Objective 6: Leave undisturbed vegetated areas (green space) and \nshoreline/streamside buffer zones within new developments. \n• Objective 7: Develop an incentive program to encourage use of green \ninfrastructure management practices. \n \nThe total area of this HUC12 is 18,176 acres (approximately 28 square miles). \nHydrologic soil group (HSG) classifications are needed to determine the feasible management \nmeasures for a particular area. Infiltration measures will work well on soil types A and B (very \nwell and well-drained soil types). Soil types C and D have low infiltration capacities and will \n\n \nOctober 31, 2011 \n \n \n \n7-12 \naccommodate practices that require holding water. Landuse summary by HSG within the \nsubwatershed is presented in Table 7.7 and on Figures 7.1 and 7.2. There is no type A soil in this \nsubwatershed. \n \nTable 7.7. Landuse and HSG types for the Mill-Pelahatchie HUC12. \n \nLanduse \nNo Data \nAvailable\n(1)\n \n(acres) \nHSG Type B\n(2)\n(acres) \nHSG Types C\n(3)\n and D\n(4)\n \n(acres) \nTotal \n(acres) \nWater                              1,599                              41                                  207                              1,847                              \nAgricultural Crops 5 18 245 268 \nPasture/Grassland                52                409                1,681                2,142                \nDeveloped                         130                         814                         3,786                         4,730                         \nForest/Woodland                 46                   1,664                 3,777                 5,487                 \nShrubland                            66                            585                               1,465                            2,116                            \nWetlands                           278                           220                              1,088                           1,586                           \nTotal                   2,176                   3,751                   12,249                   18,176                   \nNotes: \n(1) HSG data are not available for some areas, that are located on or near a waterbody.  These areas are shown on Figure 7.2. \n(2) Type B soils are well-drained. \n(3) Type C soils have moderate infiltration capacity. \n(4) Type D soils have little or no infiltration capacity. \n \n\n \n \n \n7-13 \nFigure 7.1. Landuse in the Mill-Pelahatchie HUC12. \nFigure 7.2. HSG types in the Mill-Pelahatchie HUC12. \n \n \n \n \n \n\n \nOctober 31, 2011 \n \n \n \n7-14 \nThe Mill Creek-Pelahatchie HUC12 contains the highest percentage of impervious \nsurface area within the Reservoir’s drainage area (7.4% based on 2006 NLCD; see \nSection 2.2.3). Increased erosion is presently occurring on upland areas in Rankin County as well \nas along the banks and in the beds of Mill Creek and Turtle Creek. Rapid development near these \ncreeks has resulted in the removal of natural vegetation, leaving exposed soils and causing \nelevated wash loads of sediment from construction sites. Homeowners along the Pelahatchie Bay \nshoreline have complained of poor water clarity and reduced water depth due to settling of \nsuspended sediments. \nIt is likely that a significant amount of sediments are presently stored in the channels and \nfloodplains of Mill Creek and other tributaries. These sediments originate from erosion \nassociated with past landuses such as row-crop agriculture and development that occurred prior \nto regulatory control of construction sites\n6\n. Modeling estimates indicate that as much as 65% of \nthe sediments in the streams presently in this watershed can be attributed to instream sources \n(i.e., bank and bed erosion), and the remainder is attributed to land use in the watershed (see \nAppendix P for explanation of the model). \nSediments from erosion associated with past landuse activities are referred to as “legacy \nsediments.” Legacy sediments can be resuspended and washed towards the Reservoir during \nhigh-flow events. Eventually all of the legacy sediments will be washed downstream, but this \nprocess may take decades or even hundreds of years (Langland and Cronin 2003). \nSediments have caused high turbidity and navigation problems in Pelahatchie Bay, \nregardless of whether they are legacy sediments or originate from present-day construction sites \nand surface mines. A combination of watershed erosion control and vegetative stream bank \nstabilization is recommended to prevent excessive sediment wash-off into the creeks and to \nreduce suspended sediment levels. \n \n                                                \n \n6\n NPDES stormwater regulations have been implemented in two phases. Phase I (1990) required stormwater permits \nfor construction activities impacting 5 acres or more. Phase II (2003) required stormwater permits for construction \nactivities impacting 1 acre or more. \n\n \nOctober 31, 2011 \n \n \n \n7-15 \n7.5.1   Implement Urban Green Infrastructure Stormwater Management \nMeasures \nSeveral types of green infrastructure stormwater management measures are \nrecommended for the Mill-Pelahatchie Creek HUC12. Table 7.8 lists recommended management \nmeasures and indicates the drainage area or distance in the watershed where each proposed \nmeasure could be effectively applied. The areas and distances given in Table 7.8 refer to the \ndrainage area or distance that would generate runoff treated by the measure, not the actual \nfootprint of the treatment measure. Suites of measures can be used in many areas to create a \n“treatment train” to increase overall pollutant removal. In this case, the areas treated by different \nmanagement measures will overlap. Table 7.8 is not intended to be an all-inclusive list of \nmanagement practices, but features green infrastructure measures that are recommended for this \nsubwatershed. \nNew development area is based on the estimated area with active construction permits \n(674 acres as of August 2010) and the assumption that growth will continue at 110% of the \ncurrent rate in this area (712 acres per year)\n 7\n. The areas for urban retrofits are based on the \nassumption that the measures would be applied to 10% of the developed area with applicable soil \ntypes\n8\n. Additional assumptions are listed in the notes below the table.  \nThe areas/distances given in Table 7.8 should be interpreted as preliminary estimates of \nareas where management measures may be implemented. They do not refer to specific parcels of \nland. Rather, they refer to areas with the soil type and landuse where measures are feasible. \nFigure 7.3 shows developed areas in the HUC12 that contain suitable soil types. Specific parcels \nwill be identified based on landowner willingness and funding sources available when individual \nwatershed implementation plans (WIPs) are developed. \n \n                                                \n \n7\n The assumed growth-rate is an estimate and has not been verified. The growth rate will be adjusted based on local \ndata to be obtained for individual watershed implementation plans and compared with permits issued for new \ndevelopment. Information from the Central Mississippi Planning and Development District may also be used to help \nrefine the growth rate estimate.  \n8\n The application of management measures to 10% of developed area is an assumption based on professional \njudgment. Based on review of watershed management plans in other regions, it is reasonable to assume that a \nmaximum of 10% of the drainage area will be treated with green infrastructure measures. Funding resources and \nlandowner willingness are the most common limiting factors. \n\n \nOctober 31, 2011 \n \n \n \n7-16 \nTable 7.8. Green infrastructure stormwater management measures for Mill-Pelahatchie HUC12. \n \nManagement Measure \nDrainage Area Served by \nManagement Measure Estimated Pollutant Percent Reductions \nUnit \nRetrofit \n(unit) \nNew \nDevelopment \n(unit/yr) \nTotal \nSuspended \nSolids \n(TSS) \nTotal \nNitrogen \n(TN) \nTotal \nPhosphorus \n(TP) Bacteria\nBioretention areas/rain \ngardens\n(1)\n \nAcres         271         41         85%           40%            50%         No         data\nStormwater detention/retention \nbasins\n(2)\n \nAcres         132         169         80%           30%            50%           70%         \nInfiltration systems\n(3)\n                      Acres                      26                      4                      80%                      50%                      50%                      90%                      \nConstructed stormwater \nwetlands\n(4)\n \nAcres         132         20         80%           30%            40%         No         data\nPervious pavement\n(5)\n                       Sq                       ft                       43,560                       86,841                       80%                       70%         "
}