{
  "slug": "owl-creek-little-hatchie-river-9-key-element-plan-2020",
  "source": "Owl_Creek_Little_Hatchie_River_9_Key_Element_Plan_2020.pdf",
  "length": 27684,
  "part": 2,
  "text": "and intensive site surveys the priority areas within the sub-watershed that are \ncontributing significant pollutant loads.  All BMPs shall be installed in accordance with \nthe guidelines developed in the latest edition of the NRCS Technical Field Manual, or \nother approved guidelines.  (Months 1-36) \n5.    Facilitate, in cooperation with MDEQ and other monitoring partners, the completion and \nimplementation of an effective and efficient plan to monitor baseline water quality \nconditions in the watershed and track changes in water quality over time resulting from \nthe BMPs implemented through this project.  (Plan Completion:  Months 1-2); \nImplementation:  Months 3-36) \n6.    Submit blank copies of standard maintenance agreements to MDEQ. (Months 13-36) \n7.    Conduct inspections of BMPs during construction (Months 3-36) \n8.    Coordinate with and support the local SWCD, MSWCC and NRCS in the collection of \nrelevant GPS coordinates of all installed BMPs and incorporate this information into a \nGIS format.  All geospatial data shall be collected in a manner consistent with the Federal \nGeographic Data committee-endorsed standards.  (Months 3-36) \n9.    Collect adequate photo documentation before, during, and after installation of the \napproved BMPs. (Months 3-36) \n10.   Report measured, or estimated, nonpoint source pollutant load reduction, acreage \naffected, pre-and post- site conditions, and GIS data. (1-36) \n \nElement g:  Milestones and Outcomes \n \nMilestone Outcome Probable Completion Date \nCoordinate with the MDEQ, \nNRCS, MSWCC, USGS, and \nthe Tippah Co. Soil and \nWater District to determine \npriority areas that are \ncontributing significant \npollutant loads to Owl Creek-\nLittle Hatchie River \nWatershed \nTarget priority areas for \nBMPs \nMonths 1-2 \nEstablish Watershed \nImplementation Team to \nbegin refinement of \nWatershed Based Plan \n(WBP) for Owl Creek-Little \nHatchie River Watershed \nEstablish WIT Months 1-2 \nInitiate watershed monitoring  Baseline condition \nmonitoring \nCompleted using historical \ndata \nMeet with landowners and \ncooperators to secure \ncommitments  \nto install BMPs in priority \nareas  \nLandowner Commitment     Months 1-6 \n\nOwl Creek – Little Hatchie River Watershed    GY 2020 \n9 \n \nEstablish routine meeting \nschedule for WIT to support \nWBP revision  \nWIT meetings Months 1-36 \nImplement BMPs BMP installation Months 3-36 \nCoordinate with Landowners \nto inspect BMPs that were \ninstalled using Section 319 \nfunds \nBMP Inspection Months 3-36 \nBegin monitoring to collect \ndata on post-BMP water \nquality \nPost-BMP Monitoring Months 42-48 \nFinalize education and \noutreach plan scheduled \nEducation/Outreach events    Months 8-36 \nFinalize revised WBP Final Revised WBP Months 30-36 \n \nGoal:  Reduce the Nutrient and Sediment loads entering into the Owl Creek-Little Hatchie River \nWatershed. \n \nElement h:  Load Reduction Evaluation \n \nThe State of Mississippi Water Quality Criteria for Intrastate, Interstate, and Coastal Waters do \nnot include a water quality standard applicable to aquatic life protection due to sediment. \nHowever, a narrative standard for the protection of aquatic life was interpreted to determine an \napplicable target for the Little Hatchie River TMDL. The narrative standard is that waters shall \nbe free from materials attributable to municipal, industrial, agricultural, or other dischargers \nproducing color, odor, taste, total suspended solids, or other conditions in such degree as to \ncreate a nuisance, render the waters injurious to public health, recreation, or to aquatic life and \nwildlife, or adversely affect the palatability of fish, aesthetic quality, or impair the waters for any \ndesignated uses.  In lieu of numeric criteria for sediment, the monitoring will be conducted to \ncollect data on parameters that are considered surrogates for sediment concentrations and may \ninclude measurements for Total Suspended Solids, Total Suspended Sediment, and turbidity \nalong with conventional parameters generally measured to determine aquatic health (e.g. \nDissolved Oxygen, pH, Temperature, Conductivity, Dissolved Solids). The following thresholds \nwill be used to measure compliance with water quality criteria and/or target thresholds:  \n\nOwl Creek – Little Hatchie River Watershed    GY 2020 \n10 \n \n \nParameter Threshold \nDissolved Oxygen Daily Average of 5.0 mg/L; Instantaneous threshold of 4.0 mg/L \nDissolved Oxygen % Sat ≥ 70% - ≤ 125% \npH 6.0-9.0 \nTemperature Not to exceed 90°F \nSpecific Conductance Less Than 1000 micromhos/cm \nDissolved Solids \nMonthly average less than 750 mg/L; instantaneous threshold less \nthan 1500 mg/L \nTotal Suspended Solids 65 mg/L \nTurbidity 75 NTU \nDissolved Solids \nMonthly average less than 750 mg/L; instantaneous threshold less \nthan 1500 mg/L \nChemical Oxygen \nDemand 35 mg/L \nM-BISQ East Bioregion \n71.6 Calibration 3 (Applicable to waters outside the Mississippi \nAlluvial Plain) \n \nIn addition to chemical data, biological community data and in stream habitat surveys will be \ncollected over the course of the project to determine attainment of the Aquatic Life Designated \nUse. These data are extremely helpful in identifying positive trends in water quality and should \nprovide information to help determine if the implementation activities are resulting in water \nquality improvements. For freshwater wadeable streams, not including the Mississippi Alluvial \nPlain (i.e. Delta), Mississippi uses a calibrated and verified index of biotic integrity to make \nwater quality assessment decisions. This index, the Mississippi Benthic Index of Stream Quality \n(M-BISQ) was originally developed in 2000 and has undergone three recalibration efforts to \nrefine the sensitivity of the index. As part of the index development process, the state was \ndivided into unique bioregions. Within each bioregion, the index has a defined attainment \nthreshold that is used to determine if the biological community measures collected at a site are \nrepresentative of good water quality that can support a balanced benthic macroinvertebrate \ncommunity. If the score is above the attainment threshold for the bioregion, the site is assessed as \nattaining the aquatic life use designation. Owl Creek and Little Hatchie River are both located in \nthe East bioregion and both have M-BISQ scores that are below the attainment threshold.  After \nimplementation is completed and the stream is given sufficient time to recover, MDEQ will \ncollect new benthic macroinvertebrate community data on Little Hatchie River and Owl Creek.  \nAlong with overall MBISQ scores, the in-stream habitat surveys will also be used to determine \nchange over time.  \n \nIt should be noted that recovery time of a stream is variable and may extend beyond the \ntimeframe identified in the workplan. At the end of the project, data will be analyzed to \ndetermine if the data indicate improvements to water quality in Owl Creek and Little Hatchie \nRiver. In the event data indicate little or no positive change, a Stressor Analysis will be \nconducted to determine if any new or additional stressors are preventing improvements to water \nquality. If any new stressors are identified, the Watershed Implementation Team will identify \nfuture actions/activities to address those stressors. \n\nOwl Creek – Little Hatchie River Watershed    GY 2020 \n11 \n \n \nElement i: Monitoring \n \nPrior to BMP installation, pre-implementation monitoring will be conducted to serve as a \nbaseline for the project.  Historical monitoring data are also used as baseline data where \navailable. Historical monitoring data is available in the Owl Creek-Little Hatchie River \nWatershed and these data were collect at 2 sites: Owl Creek and Little Hatchie River.  This \nvaried water quality monitoring included water chemistry sample data (nutrients, suspended \nsolids, oxygen demand, etc.), in-situ water chemistry (i.e. pH, temperature, specific conductance, \nand turbidity), as well as biological community monitoring for benthic macroinvertebrates and \naquatic habitat assessment.  A list of this historical water quality monitoring is provided in the \ntable below, and their sample locations are shown in Figures 1 and 2.  \n \nStation \nID \nWater  \nBody \nSampling \nYear (s)  \nAgency  Project \nType \nWater \nChem \nIn-Situ   Sonde   Benthics \nand/or \nAlgal \n112B43  Owl \nCreek \n2008, \n2013 \nMDEQ   MBISQ       X         X                  X \nNI005   Little \nHatchie \nRiver \n2001    MDEQ   MBISQ       X         X         X \n \nMonitoring locations for this project will be selected using best professional judgment and will \nbe targeted to reflect water quality downstream of BMP activity.  Physical, chemical and/or \nbiological data will be collected and specific parameters will be selected for monitoring based on \nthe impairment cause being addressed by the BMP(s).  Once BMP installation is complete, and \nthere has been sufficient time for the stream to stabilize, post BMP monitoring will be initiated.  \nPost BMP monitoring will be conducted in a way that allows for comparison with the pre-\nimplementation data.  Because recovery periods of streams can be dependent on type and amount \nof BMPs installed, more than 1 year of post-BMP data may be needed to observe a change in \nwater quality.  In some cases, it may take 5 or more years to see full benefits of BMPs. All data \ncollection efforts will be conducted using trained personnel following established Standard \nOperating Procedures and adhering to agency Quality Assurance protocols.  \n\nOwl Creek – Little Hatchie River Watershed    GY 2020 \n12 \n \n \nFigure 2: Monitoring Stations and Impaired Segments in Owl Creek-Little Hatchie River Watershed "
}