{
  "slug": "ross-barnett-reservoir-watershed-plan-2011",
  "source": "Ross_Barnett_Reservoir_Watershed_Plan_2011.pdf",
  "length": 1021493,
  "part": 46,
  "text": "tation disturbance should be avoided. However, \nmaintenance  is  required  for  the  first  2  to  3  years  so  native  vegetation  can  become  \nestablished. \n \n \n \n\n \n \n \n \nAfter they become established, native plants usually require much less physical effort \nto  maintain  than  lawns.  They  can  reduce  or  eliminate  the  need  for  lawn  mowers,  \ntrimmers, and other gasoline-powered equipment. Native plants are also less costly to \nmaintain  because  they  generally  don’t  need  the  fertilizers  and  pesticides  that  turf  \ngrass and other non-native species may require. \n \nEducation and Outreach \nThe  limiting  factor  in  the  placement  of  restored  riparian  buffer  zones  in  landowner  \nparticipation,  thus  education  activities  for  this  management  practices  should  be  \ntargeted towards owners of shoreline property. Landowners need to be made aware of \nthe  positive  benefits  of  riparian  buffer  zones  and  the  technical  assistance  needed  to  \nproperly install them. Funding assistance to purchase and install the vegetation would \nbe helpful to landowner adoption. An educational flyer, titled Vegetated Buffers, gives \nspecific  tips  for  homeowners  about  how  to  establish  and  maintain  a  shoreline  buffer  \non their property. \n \nReferences \nAlcovy   Watershed   Protection   Project.   (no   date.)   “Riparian   Buffers:   A   Technical   \nPerspective.” Accessed October 2011 at \nhttp://www.georgiaplanning.com/watertoolkit/Documents/WatershedPlanning\nTools/16_RiparianBuffersATP.pdf. \nBrzuszek,  R.F.  2007a.  Native  Shrubs  for  Mississippi  Landscapes  [Publication  2334].  \nMississippi  State  University  Extension  Service,  in  cooperation  with  the  US  \nDepartment         of         Agriculture.         Accessed         October         2011         at         \nhttp://msucares.com/pubs/publications/p2334.pdf\n. \nBrzuszek,  R.F.  2007b.  Native  Trees  for  Mississippi  Landscapes  [Publication  2330].  \nMississippi  State  University  Extension  Service,  in  cooperation  with  the  US  \nDepartment         of         Agriculture.         Accessed         October         2011         at         \nhttp://msucares.com/pubs/publications/p2330.pdf\n. \nNRCS.   (no   date.)   “Mississippi   Online   Soil   Survey   Manuscripts”   [webpage].   US   \nDepartment  of  Agriculture,  Natural  Resources  Conservation  Service.  Online  at  \nhttp://soils.usda.gov/survey/online_surveys/mississippi/\n.  \nNRCS.   1996.   “Chapter   16,   Streambank   and   Shoreline   Protection.”   Part   650   - \nEngineering  Field  Handbook.  US  Department  of  Agriculture,  Natural  Resources  \nConservation Service. Accessed October 2011 at \nhttp://policy.nrcs.usda.gov/17553.wba\n.  \n \n\nBeneficial Use of \nDredge Material \nDescription \nDredged  material  is  a  potentially  valuable  resource  if  properly  applied  in  a  beneficial  \nuse.  Significant  value  or  benefit  can  be  realized  if  proper  planning  and  coordination  \nexist between all parties involved. The suitability of dredged material for different uses \nvaries; however, a wide variety of beneficial use options are available for consideration. \n \nThe  Pearl  River  Valley  Water  Supply  \nDistrict (PRVWSD) removes significant \namounts of dredged material from the \nRoss Barnett Reservoir each year. This \nmaterial  is  currently  disposed  of  in  \nupland    areas    near    dredge    sites,    \nmarginal      wetland      areas,      and      \nin-reservoir  disposal  areas  to  create  \nsmall   islands   and   wildlife   habitat.   \nIdentifying  proper  disposal  sites  for  \nmanagers   is   a   significant   concern   \nbecause     dredging     activities     are     \nexpected  to  continue  on  a  frequent  \nbasis. \n \n \nDredging operations in Pelahatchie Bay. \nDesign Considerations \nBeneficial  uses  of  dredged  material  can  be  classified  in  three  broad  categories:  \nengineered  uses,  agricultural  and  product  uses,  and  environmental  enhancement.  \nPossible beneficial uses for sediments in the Reservoir are listed below. \n \n• Land creation and improvement. \n• Berm creation. \n• Shore protection. \n• Topsoil for agricultural areas. \n• Mine reclamation. \n• Manufactured construction material. \n• Wetland habitat improvement. \n \nThe  selection  of  a  beneficial  use  of  dredge  material  removed  from  the  Reservoir  will  \ndepend on a number of factors: \n \n• Grain size distribution. \n• Contaminant status of materials. \n \n \n\n \n \n• Technical  feasibility  (such  as  the  distance  that  dredge  material  would  need  to  be  \npumped). \n• Cost/benefit and legal constraints. \n \nHuge  amounts  of  sediment  could  be  pumped  or  conveyed  to  areas  onshore  and  \nstockpiled until used for landscaping soil, fill, or other purposes. It is possible that it \nmay be built into large mounds and planted with trees or grasses until needed. \n \nPollutant Removal Efficiency \nPollutant  removal  efficiency  cannot  be  estimated.  However,  one  would  expect  a  \nreduction  of  total  suspended  solids  (TSS)  released  to  the  Reservoir  from  marginal  \ndisposal sites. \n \nCost \nThe  cost  of  beneficial  use  projects  is  project-  and  site-specific.  Some  federal  funding  \nprograms administered by the US Environmental Protection Agency (EPA) are available \nfor cost-share. Other options are available to develop local sources of funding. Details \nof these programs are described in Identifying, Planning, and Financing Beneficial Use \nProjects:  Beneficial  Use  Planning  Manual  (EPA  and  US  Army  Corps  of  Engineers  \n[USACE] 2007). \n \nBenefits \n• Project cost savings. \n• Habitat improvement. \n• Enhanced recreational opportunities. \n• Agricultural improvement. \n \nLimitations \n• Sediments need to be analyzed for toxic content prior to use. \n• Costs to transport the sediments would have to be weighed against the benefits. \n• Requires logistical coordination between the dredging of material and placement in \nthe beneficial use. \n \nEducation and Outreach \nThe  initial  decision  to  pursue  beneficial  uses  for  dredge  material  and  initiate  project  \npartners would be made by reservoir managers. The success of a beneficial use project \noften  depends  on  the  public’s  perception  of  the  project’s  purpose  and  its  impacts  on  \nhuman  health,  property  values,  and  the  environment.  Thus,  interested  stakeholders  \nshould  be  included  in  the  decision  making  process.  The  following  recommendations  \nare  included  in  Identifying,  Planning,  and  Financing  Beneficial  Use  Projects:  Beneficial  \nUse Planning Manual (EPA and USACE 2007). \n \n• Involve  the  public  from  the  outset.  Go  to  the  public;  do  not  wait  for  the  public  to  \ncome to you. \n \n \n\n \n \n \n \n• Identify and respond to issues of local concern. \n• Understand the decision-making process and schedule to identify points of public \naccess. \n• Make it clear how the public’s input will be used. \n• Use  a  variety  of  methods  to  inform  and  involve  segments  of  the  public  with  \ndifferent levels of interest. \n• Involve representatives of the public in project decision making. \n \nReferences \nInformation in the factsheet is adapted from: \n \nEPA  and  USACE.  2007.  Identifying,  Planning,  and  Financing  Beneficial  Use  Projects:  \nBeneficial    Use    Planning    Manual   [EPA842-B-07-001].   US   Environmental   \nProtection Agency and US Army Corps of Engineers. Accessed October 2011 at \nhttp://el.erdc.usace.army.mil/dots/budm/pdf/PlanningManual.pdf\n. \nUS  Army  Corps  of  Engineers.  2006.  “Beneficial  Uses  of  Dredged  Material.”  Accessed  \nOctober 2011 http://el.erdc.usace.army.mil/dots/budm/intro.cfm?Topic=Intro\n. \n\nArtificial Wetlands for \nShoreline Stabilization \nThe information in this fact sheet is summarized from Bioengineering Technique Used for \nReservoir Shoreline Erosion Control in Germany [WRP Technical Note WG-SW-3.1]. Point \nof contact is Mr. Hollis Allen (formerly with the US Army Corps of Engineers Waterways \nExperiment Station, now with the Mississippi Department of Environmental Quality). \n \nDescription \nThis management practice involves the installation of a biodegradable breakwater with \nwetlands   planted   between   the   breakwater   and   the   shore.   Naturally   occurring   \nmaterials,  including  woody  trees  such  as  willow,  cottonwood,  and  alder,  can  be  used  \nto construct the breakwater. This method is applicable to reservoirs that do not have \nsignificant  water  level  fluctuation.  Thus,  it  could  be  used  in  the  Ross  Barnett  \nReservoir.  Development  of  wetlands  near  the  shoreline  would  stabilize  the  shoreline,  \nact as a filter for nutrients and suspended sediments in overland runoff, and provide \nwildlife  habitat.  Although  shoreline  failure  has  not  been  identified  as  a  particular  \nconcern  in  the  Reservoir,  breakwater  and  artificial  wetlands  would  protect  the  \nshoreline from erosion due to waves and prevent future issues. \n \nSource: Bioengineering Technique Used for Shoreline Reservoir Erosion Control in Germany. \n \n \n\n \n \nDesign Considerations \nThe  technique  includes  a  combination  of  a  breakwater  and  planted  wetlands.  The  \nbreakwater  can  be  constructed  from  various  materials,  including  stone  or  rocks,  \nbranches  and  poles,  or  fiberschines  (large  coconut  fiber  rolls).  The  branchbox  \nbreakwater  is  one  of  the  more  commonly  used  structures.  It  which  consists  of  \nbiodegradable materials composed of long poles and faschines (bundles of small dead \nbranches,  such  as  willow  and  poplar,  collected  from  woodlands).  The  breakwater  is  \nusually  constructed  at  a  water  depth  of  1  meter.  Construction  of  this  type  of  \nbreakwater  is  described  in  detail  in  the  referenced  WRP  Technical  Note  WG-SW-3.1.  \nWetland  plants  can  be  pre-grown  in  a  coconut  fiber  substrate  and  transferred  to  the  \nsite after the breakwater is constructed. Coconut fiber substrate allows for short-term \nshore stabilization until the vegetation becomes established. Recommended plants for \nthe  Reservoir  include  bulrushes  (Scirpus  spp.),  water  willow  (Dianthera  americana), \nhorsetail  (Equisetum  spp.),  iris  (Iris  spp.),  pickerel  weed  (Pontederia cordata),  rushes  \n(Juncus  spp.),  powdery  thalia  (Thalia  dealbata),  and  other  water-loving  herbaceous  \nplants in addition to buttonbush (Cephalanthus occidentalis), a woody shrub species. \n \nImplementation \n• Shoreline areas with suitable depth and light conditions, in areas at risk for future \nbank failure. \n \nPollutant Removal Efficiency \nNo   information   is   available   to   estimate   pollutant   removal   efficiency.   Expected   \nperformance would depend on site-specific conditions. \n \nCost \nA   cost   estimate   for   the   wetland   system   from   1991,   including   the   branchbox   \nbreakwater,  the  wetland  plants  installed  as  pallets  and  bulbs,  and  the  coconut-fiber  \nfilter fabric, was between $400 and $460 per linear meter for a 10- to 20-meter swath \nfrom the breakwater landward. \n \nBenefits \n• Low-cost erosion control without destroying the existing shoreline habitat. \n• Wetlands trap sediment and remove nutrients. \n• Aesthetic improvement. \n \nLimitations \n• Damage to the breakwater structure may result in the loss of wetlands. \n• Breakwater/wetland systems will not work if water fluctuations exceed 1 meter. \n \nMaintenance \n• Inspect every few months until the wetland vegetation becomes established, then at \nleast annually after that. \n• Repair the breakwater structure as needed. \n \n \n\n \n \n \n \nEducation and Outreach \nReservoir  managers  would  need  to  be  aware  of  this  practice  and  be  able  to  identify  \npotential sites for installation. If this practice is installed near areas with public access \nvia boats or shoreline, members of the public need to be instructed not to disturb the \nwetland  plants  or  damage  the  breakwater.  Restoration  sites  should  be  marked  with  \nappropriate signs with these instructions. \n \nReferences \nInformation in the factsheet is adapted from: \n \nBrzuszek,  R.F.  2010.  “Home  Landscape  in  Mississippi”  (fact  sheet).  Published  by  the  \nMississippi  Agricultural  and  Forestry  Experiment  Station  and  the  Mississippi  \nState      University      Extension      Service.      Accessed      October      2011      at      \nhttp://msucares.com/lawn/landscape/sustainable/runoff.html\n. \nUS  Army  Corps  of  Engineers.  1992.  Bioengineering  Technique  Used  for  Reservoir  \nShoreline  Erosion  Control  in  Germany  [Wetlands  Research  Program  Technical  \nNote WG-SW-3.1]. US Army Corps of Engineers, Waterways Experiment Station. \nPoint    of    contact    is    Mr.    Hollis    Allen.    Accessed    October    2011    at    \nhttp://el.erdc.usace.army.mil/wrtc/wrp/tnotes/wgsw3-1.pdf\n. \n\nArtificial Floating Islands \n(Schwimmkanmpen Islands) \nDescription \nFloating  islands  consist  of  modules  \nthat  are  planted  with  wetland  plants  \nand  float  within  a  body  of  water.  The  \nislands  can  take  various  shapes  and  \nconsist  of  a  planting  substrate  made  \nof   granular   fibers,   cork,   or   other   \nmaterials.   Wetland   plants   such   as   \niris,  sedges,  rushes,  or  pickerelweed  \nare planted within the substrate. The \nplanting   substrate   supported   by   a   \nframe   made   of   plastic   or   other   \nmaterial that is resistant to corrosion, \naging due to sunlight, and destruction \nby  pests.  Once  placed  in  the  water,  the  islands  float  on  the  surface.  Vegetation  \ntypically becomes fully established in 2 years. \nSource: Floating Island Environmental Solutions \n \nArtificial   floating   islands   were   first   used   in   Germany   where   they   were   called   \n“Schwimmkanmpen” islands (loosely translated as floating grassland areas). Presently, \nthere  are  several  commercial  companies  in  the  United  States  that  manufacture  \nfloating islands. \n \nDesign Considerations \nFloating  islands  are  made  of  lightweight,  corrosion-proof  plastics.  The  islands  are  \nplanted  with  native  wetland  plants,  including  iris,  sedges,  rushes,  pickerelweed,  and  \narrow  arum.  Under  the  surface,  the  plant’s  roots  extend  through  the  planting  \nsubstrate and into the water. The plant roots and microbes that develop around them \nremove  nutrients  from  the  water.  Floating  islands  must  be  moored  to  the  bottom  or  \nshoreline.  Mooring  systems  may  include  poles,  buoys,  anchors,  ropes,  chains,  and  \nweights. \n \nImplementation \n• Floating  islands  could  be  used  in  coves  or  other  protected  areas  of  the  Reservoir.  \nPlacing  them  in  open  water  is  not  recommended  because  they  could  restrict  boat  \nmovement. \n• Manufacturers of floating islands claim that they can be used to improve quality in \nsmall  ponds  and  wet  stormwater  detention  ponds.  They  have  also  been  used  to  \nenhance existing wetlands. \n \n \n \n\n \n \nPollutant Removal Efficiency \nA  commercial  manufacturer  states  that  floating  islands  can  remove  more  than  \n10 grams of total nitrogen per square foot per year and 0.7 gram of total phosphorus \nper square foot per year. These rates are based on information from one manufacturer. \n \nCost \nCommercial  manufacturers  in  the  United  States  sell  the  islands  for  $35  per  square  \nfoot.  This  cost  does  not  include  shipping,  planting  mix,  installation,  plants,  or  \nmooring. \n \nMaintenance \n• No  maintenance  is  required  once  the  islands  are  deployed  unless  they  are  \nvandalized. \n \nBenefits \n• Erosion and shoreline protection: \no When  placed  near  the  shoreline,  the  islands  can  protect  sensitive  banks  by  \nreducing the energy of waves. \no Can serve as a “wind break” by reducing wind fetch. \n• Water quality improvement through biological uptake of nutrients. \n• Improved landscape features. \n• Improved wildlife habitat. \n \nLimitations \n• Boaters  in  the  Reservoir  would  need  to  be  aware  of  the  islands  and  refrain  from  \ndisturbing them. \n• The floating islands could cause damage to boats or docks if they break free from \nthe moorings. \n \nEducation and Outreach \nThe initial decision to pursue the installation of floating islands in the Reservoir would \nbe made by Reservoir managers. Funding would be needed for design and installation \nof the islands. A small demonstration of the use of the islands should be considered to \nanalyze  the  cost  versus  the  benefits  of  this  measure.  If  installed,  the  public  would  \nneed to be aware of them and their use as a water quality improvement measure. This \ncould be included in the public outreach campaign. \n \nReferences \nInformation in this factsheet is adapted from: \nFloating  Island  Environmental  Solutions.  (no  date.)  Floating  Islands  Environmental  \nSolutions Home Page. Accessed October 2011 at \nhttp://www.floatingislandes.com\n. \n \n \n\n \n \n \n \nFloating  Island  International.  (no  date.)  “Biohaven  Technology”  [web  page].  Accessed  \nOctober 2011 at \nhttp://www.floatingislandinternational.com/products/biohaven-technology\n. \nHoeger,  S.  1988.  Schwimmkampen:  Germany’s  artificial  floating  islands.  Journal  of  \nSoil and Water Conservation 43(4):304-306. July-August 1988. \n\nConstruction Stormwater and  \nSurface Mine BMP Enforcement \nDescription \nThe  Ross  Barnett  Reservoir  Stormwater  Compliance  Initiative  is  tracking  issues  with  \nlarge  construction  sites  and  surface  mines  in  areas  near  the  Reservoir  with  rapid  \ncommercial  and  residential  development.  Activities  of  the  Stormwater  Compliance  \nInitiative  have  significantly  increased  the  Mississippi  Department  of  Environmental  \nQuality’s (MDEQ) presence in the watershed with the following activities. \n \n•"
}