{
  "slug": "lake-washington-watershed-plan-2007",
  "source": "Lake_Washington_Watershed_Plan_2007.pdf",
  "length": 167745,
  "part": 6,
  "text": "per state standards) have been identified (Figure 5.2). This management action \nwill address erosion and sediment transport from individual fields to the listed lakes and \ntributaries to achieve the remainder of the TMDL-recommended sediment load reduction \n(Table 5.5). \n \n3. Maintenance of BMPs \nAgricultural BMPs require some maintenance following implementation to remain \neffective. This management action will be taken to continue the maintenance of landowner \nBMPs following implementation (Table 5.6). \n \n\n \n \n \n5-6 \nFigure 5.1. Locations of county road culverts exhibiting head-cutting. \n \n \n\n \n \n \n5-7 \nFigure 5.2. Location for sediment and nutrient BMPs. \n \n \n\nDRAFT \nNovember 28, 2007 \n \n \n \n5-8 \n5.3.3   Nutrient Loading Reductions \nNumeric nutrient criteria are not available for most states, including Mississippi. \nHowever, nutrient reductions are anticipated to occur with the implementation of \nsediment/sedimentation BMPs because some nutrients (particularly phosphorus and organic \nnitrogen) absorb onto sediments. Reducing sediment loadings will have a concomitant reduction \nin nutrient loading. Some BMPs, such as filter strips, can remove up to 70% of the total \nphosphorous load leaving the agricultural field (Freedman et al. 2003). In addition, some \nsediment BMPs such as grassed waterways and vegetative buffer strips can remove soluble \nnutrients through vegetative uptake and incorporation in biomass. The anticipated reductions in \nnutrients associated with the sediment management practices are highlighted in Tables 5.7 – 5.8. \n \n1. Nutrient Reduction through Sediment Control \nBMPs for soil erosion and sediment load reductions have also been demonstrated to \nreduce nutrient loading to waterbodies because both phosphorus and nitrogen species can sorb \nonto sediment particles ((Freedman et al. 2003; Shaver et al. 2002). As much as a 70% reduction \nin total phosphorus loads have been observed by installing riparian filter strips at the fields edge \n(Freedman et al. 2003). Total phosphorus and total nitrogen load estimates were included in the \nLake Washington sediment TMDL (Tetra Tech 2003). For this management action, these loading \nestimates will be verified through field monitoring, as noted below in Table 5.7. The actual \nreduction in nutrient loading will be determined following the implementation of BMPs for \nsediment control. \n \n2.        Individual        Field Nutrient BMPs \nLake Washington has been selected as a nutrient reduction showcase for Mississippi as \npart of the Gulf of Mexico Hypoxia Reduction Program. While there are not currently numeric \nnutrient criteria for Mississippi, these criteria are being developed. In the interim, nutrient targets \nhave been proposed for Lake Washington (see Section 4.5.2). As noted above, nutrient loading \nreductions through sediment control will be determined for Lake Washington, Lake Jackson, and \ntributary MS404M1. If additional nutrient loading reductions are needed following the \n\nDRAFT \nNovember 28, 2007 \n \n \n \n5-9 \nimplementation of sediment BMPs to achieve the Lake Washington nutrient targets, individual \nfield nutrient BMPs will be implemented as outlined in Table 5.8. \n \n5.3.4   Lake Washington Fishery \nIn our vision statement we envision Lake Washington as having a healthy, balanced, \nsport fishery, that attracts non-local anglers who contribute to the local economy. Current \nthinking is that there are too many catfish, shad, and drum in Lake Washington, and not enough \nbass and crappie. Because the fishery does contribute to the local economy, improving it also \ncontributes to the sustainability of the local economy and quality of life in the watershed, \nadditional elements that are included in our vision statement. Four management actions are \nproposed for managing the Lake Washington fisheries: \n \n1.         Game         fish         management;         \n2. Conduct Catfishing Clinic and Catfish Rodeo; \n3. Commercial harvest of catfish; and \n4. Public fishing pier. \n \nEach of these management actions is briefly discussed and then highlighted in \nTables 5.9 – 5.12 at the end of this section. \n \n1. Game Fish Management \nMDWFP has developed a fisheries management plan for Lake Washington \n(MDWFP 2005a) detailing activities that will be used to manage the fishery to achieve the \nfollowing overall goals: \n \n1. Increase largemouth bass stock; \n2. Increase crappie stock; \n3. Decrease shad stock; and \n4.         Decrease         catfish         stock.         \n \nSpecific management objectives associated with each of these overall goals are listed in \nTable 5.9. These objectives and management actions will be implemented, funded, and tracked \nby MDWFP. Activities to reduce drum in Lake Washington may be undertaken in later plans. \n\nDRAFT \nNovember 28, 2007 \n \n \n \n5-10 \n2.        Conduct        Catfishing        Clinic and Catfish Rodeo \nThe activities described under this action are potential activities only, and have not been \ndiscussed or committed to by anyone involved in the Lake Washington Watershed \nImplementation Team. \n“Catch a Tagged Catfish” is a promotion offered by Roy’s Store to promote catfish \nharvest on Lake Washington. Other sponsors are Budweiser, Lowe’s, Farm Bureau, Bostick \nBrothers, Pepsi, Guaranty Bank, Allstar Motors, Ceranti-Oakes Toyota, Washington County \nFarm Bureau, Longwood Flying Service, Delta Democrat Times, and Lake Washington \nLandowners Foundation. MDWFP tagged and released catfish in March 2005, March 2006, and \nMarch 2007. Those that catch a tagged catfish take the fish to Roy’s to see if they have won a \nt-shirt, a vendor product, or cash prizes up to $500.00. \nLocal sponsors could team with MDWFP to host a clinic on Lake Washington to teach \nchildren how to fish for catfish. A fishing pier could be built or a contract initiated to use a \nprivate pier where the pier is baited to attract catfish to the pier for the event. Publicity of the \nevent would highlight the abundance of catfish on Lake Washington to attract people to the lake \nto fish for catfish. The desired result of this action would be to increase harvest of catfish in Lake \nWashington, promote sport fishing harvest, and promote fishing, thereby decreasing the catfish \nstock in the lake. \n \n3. Commercial Harvest of Catfish \nThe catfish fishery in Lake Washington has the capacity to support commercial harvest. \nIncentives or contracts could be developed to promote commercial harvest of catfish in Lake \nWashington. One action would be to propose changes to Mississippi laws that would make it less \nexpensive for people to fish slat boxes on Lake Washington. The desired result of this action \nwould be to reduce the catfish stock in the lake, thereby allowing for increase of the gamefish \nstock. As the entity primarily responsible for the Lake Washington fishery, MDWFP would be \ninvolved in this action. Schedule and budget for this action will be developed if this action is \naccepted by the Lake Washington Watershed Implementation Team. \n \n\nDRAFT \nNovember 28, 2007 \n \n \n \n5-11 \n4. Public Fishing Pier \nCurrently, there is no public fishing pier on Lake Washington. Building a pier would not \nonly provide greater recreational opportunities for fishing on Lake Washington, but also \ncontribute to catfish harvest. This management action is to construct a fishing pier on Lake \nWashington. \n \n5.3.5   Watershed Cypress Forests Protection \nIn our vision statement we envision Lake Washington as having healthy shoreline cypress \nforest. Areas of cypress forest around Lake Washington have been damaged by very large flocks \nof cormorants roosting in them as the cormorants migrate through the area. Cypress forests \naround Lake Jackson are also being threatened by large flocks of cormorants as they move off of \nLake Washington. Cormorants have historically over-rested on Lake Washington during their \nspring and fall migration. However, the number of cormorants in recent years has exploded \nbecause of the aquaculture in the watershed. The intent of these management actions is to reduce \nthe number of cormorants to historical levels, not eliminate them from the lake ecosystem. In \naddition to damage from cormorants, cypress forests in the watershed are also being harvested by \nlandowners in ways that could affect the aesthetics of the watershed and the functioning of its \nsystems. Five management actions will be implemented to protect the cypress forests \nsurrounding Lake Washington: \n \n1. Cormorant harassment programs; \n2. Recruiting and training additional volunteers for cormorant harassment; \n3.         Cormorant         harvest;         \n4. Planting alternate cormorant roosting sites; and \n5. Educating landowners on the benefits and increased property value associated \nwith cypress forests. \n \nEach of these management actions is briefly discussed and then highlighted in \nTables 5.13 – 5.16 at the end of this section. \n \n\nDRAFT \nNovember 28, 2007 \n \n \n \n5-12 \n1. Cormorant Harassment Programs \nThe harassment program currently in use consists of three volunteers in boats using \npyrotechnics to scare off the cormorants when they begin to roost in large flocks on Lake \nWashington. Additional support is provided by volunteers firing pyrotechnics from the shore. \nThe cormorant harassment program implemented has been effective. While the reduction in birds \nhas been gradual over the past several years, damaged cypress trees are showing signs of \nrecovery, with new growth in damaged tree tops and branches. \n \n2. Recruiting and Training Additional Volunteers \nWhile the current harassment program has been effective, additional volunteers are \nneeded to continue to effectively implement it. USDA Wildlife Services is willing to provide \ntechnical support in the form of training for volunteers on implementing the program. \n \n3.        Cormorant        Harvest        \nUSDA Wildlife Services, US Game and Fish Commission, and MDWFP have initiated \ncormorant harvest in the Lake Washington watershed for control of the cormorant population in \nthe area. \n \n4. Planting Alternate Cormorant Roosting Sites \nThe activities described under this action are potential activities only, and have not been \ndiscussed or committed to by anyone involved in the Lake Washington Watershed \nImplementation Team. \nPlanting trees such as tupelo gum, cypress, oak, pecan, persimmon, and sycamore in \nother areas of the watershed could potentially relieve some of the roosting pressure. Providing \nmore alternate roosting areas could potentially reduce the number of cormorants roosting in the \ncypress forest around Lake Washington, and subsequently reduce the associated damage to that \nforest. Alternatively, roosts could be constructed in other areas of the watershed. Constructed \nroosts could be designed in such a manner that bird excrement could be collected and used as \nfertilizer, composted, or disposed of in some other safe manner. \n\nDRAFT \nNovember 28, 2007 \n \n \n \n5-13 \n5.        Educating        Landowners        \nA major element in any management program is creating public awareness of the \nimportance of the resource. This management action will be implemented through Public \nEducation and Outreach, which is discussed in Chapter 6. Cypress trees are an integral part of \nsouthern lakes, including Lake Washington. Cypress trees contribute not only to a number of \necosystem services, such as shoreline stabilization, fish habitat structure, and water temperature \nregulation, but also to socioeconomic benefits, such as increased property value, wind breaks, \nand lower air conditioning requirements and costs. Urban forestry studies have indicated that \neach tree greater than 3 inches in diameter can increase property values by up to $500.00 per \ntree. \n \n5.3.6   Lake Water Level Management \nStable lake levels contribute to our vision for Lake Washington as a recreational paradise \nwith enjoyable scenic vistas. In addition, stable lake levels contribute to stable vegetation and \nreduced erosion from drawdown and exposure. The management actions that will be \nimplemented for stable lake water levels are to repair the outlet structure and to establish a \nminimum lake level. These management actions are briefly discussed and then highlighted in \nTables 5.17 and 5.18 at the end of this section. \n \n1. Repair the Outlet Structure \nThe outlet pipes from the lake have rusted and, if not currently leaking, will soon leak. \nWhile replacing the outlet pipes, it will also be determined if stoplogs or a similar water level \nriser can be added to offset the loss of volume that has occurred through sedimentation. \nHowever, only a modest increase in water surface elevation can be permitted to prevent flooding \nor damage to existing docks and structures around the lake. This management action is presented \nin Table 5.17. \n \n\nDRAFT \nNovember 28, 2007 \n \n \n \n5-14 \n2. Establish Minimum Lake Level \nLake Washington is part of the state's water supplies available for out-of-lake beneficial \nuse. Water withdrawals for beneficial use should be managed under the regulations established \nby the Commission on Environmental Quality. A minimum lake level needs to be established for \nLake Washington to provide for effective management of water supplies and to protect lake \nwater levels. This management action is presented in Table 5.18. \n \n5.3.7   Alligator   Control   \nAlligators are native to the Lake Washington watershed and have historically been \npresent at Lake Washington. In recent years, however, alligators have occasionally moved into \npopulated areas of Lake Washington, posing a potential safety issue to residents. Two \nmanagement actions will be implemented to control alligator populations in Lake Washington: \n \n1. Eliminate fish processing waste from Lake Washington; and \n2. Alligator management plan. \n \nEach of these management actions is briefly discussed and then highlighted in \nTables 5.19 – 5.20 at the end of this section. \n \n1.        Eliminate        Fish        Processing        Waste from Lake Washington \nCommercial fish harvesting operations have dumped waste from fish processing into \nLake Washington, which likely has attracted alligators feeding on this waste to the populated \nareas of the lake. MDWFP contacted the commercial fish harvesting operations on Lake \nWashington and notified them that dumping of their waste into Lake Washington is against the \nlaw. The management action to address this issue is described in Table 5.19. \n \n2.        Alligator        Management        Plan        \nAlligators are a common feature in Lake Washington and, in general, are not a problem if \nthey are left alone. However, alligators can become aggressive both during breeding season and \n\nDRAFT \nNovember 28, 2007 \n \n \n \n5-15 \nwhen fed. In these instances, the alligators need to be trapped and relocated to other lakes in the \narea or wildlife refuges. The management action to address this issue is described in Table 5.20. \n \n \n \n\nTable 5.1. Regional sewer system. \n \nManagement \nAction\n \nAssess economic feasibility of regional sewer system. \nObjective\n \n• \nEliminate 100% of raw sewage discharge to Lake Washington. \nPerformance \nMeasure \n• \nFeasible/unfeasible decision on regi\nonal sewer system by 1 March 2009. \nBenefits \n• \nEliminate onsite wastewater treatment systems. \n• \nEliminate organic, nutrient, and pathogen discharg\nes to Lake Washington \nfrom onsite wastewater \ntreatment systems. \nParticipant \nActivity \nSchedule \nBudget \nLake Washington \nFoundation \nContact Washington County Board of \nSupervisors to request regional \nsewer line cost estimate. \n26 Oct. 2007 \nWashington County \nEngineer \nEstimate cost of regional sewer \nline around Lake Washington, with \nconnection to Glen Allan wastewater treatment plant. \n30 June 2008 \nGlen Allan Utility \nBoard of Directors \nEvaluate economic feasibility of us\ning MDEQ State Revolving Fund loan \n(or similar funding vehicle) to pay fo\nr installation of line and operation. \n31 Dec. 2008 \nNo funds \nrequested. \nSubsumed in \nWashington \nCounty budget.\n \nDRAFT\nNovember 28, 2007\n5-16\n\nTable 5.2. Sewage Summit. \n \nManagement Action \nSewage Summit.\n \nObjective \n• \nIncrease public awareness of onsite and decentr\nalized wastewater treatment for individual \nhomes, camps, and housing clusters in the Delta.\n \nPerformance Measures \n• \nParticipation by more than 100 attendees re\npresenting at least three Delta counties. \n• \nFollow-up by 15 participants to vendors or county or state agencies for additional information.\n \nBenefits \n• \nIncrease awareness of maintenance requirements for onsite wastewater treatment systems. \n• \nReduce number of existing or failed septic systems. \nParticipant \nActivity \nSchedule \nBudget \nMDEQ \nHost the summit and provide information on regulatory requirements for point source discharges. \n22 Feb. 2008 \n$12,020.00 \nMississippi State \nDepartment of Health \nProvide information on human hea\nlth regulatory requirements for \nonsite and decentralized wast\newater treatment systems. \nWashington County \nDiscuss engineering requirements \nand inspections of wastewater \ntreatment systems. \nAlabama Onsite \nWastewater Treatment \nBoard \nDiscuss various types of septic\n and decentralized wastewater \ntreatment systems, along with costs, maintenance needs, and installation. \nMDEQ State Revolving \nFund, Delta Regional \nAuthority, Washington \nCounty, Fannie Mae, Delta \nRegional Commission \nDiscuss funding options available to homeowners, communities, and businesses to pay for wastewater treatment systems. \nUSEPA Region IV, \nGulf Alliance \nProvide financial support through Se\nction 319 or similar funds to \nsponsor the summit. \n  \n \nDRAFT\nNovember 28, 2007\n5-17\n\nTable 5.3. Eliminate direct discharge. \n \nManagement Action\n \nEliminate direct discharge and failing septic systems. \nObjective\n \n• \nEliminate 100% of raw sewage discharge to Lake Washington. \nPerformance \nMeasures \n• \nBiannual inspections of onsite wastewater trea\ntment systems and strai\nght pip"
}