{
  "id": "luxapallila-creek-watershed-plan-2004",
  "rawText": "\n\n\n\n\n\n\n\n\n\n\n\n\n\n\n\n\n\n\n\n\n\n\n\n\n\n\n\n\n\n\n\n\n\n\n\n\n\n\n\n\n\n\n\n\n\n\n\n\n\n\n\n\n\n\n\n\n\n\n\n\n\n\n\n\n\n\n\n\n\n\n\n\n\n\n\n\n\n\n\n\n\n\n\n\n\n\n\n\n\n\n\n\n\n\n\n\n\n\n\n\n\n\n\n\n\n\n\n\n\n\n\n\n\n\n\n\n\n\n\n\n\n\n\n\n\n\n\n\n\n\n\n\n\n\n\n\n\n\n\n\n\n\n\n\n\n\n\n\n\n\n\n\n\n\n\n\n\n\n\n\n\n\n\n\n\n\n\n\n\n\n\n\n\n\n\n\n\n\n\n\n\n\n\n\n\n\n\n\n\n\n\n\n\n\n\n\n\n\n\n\n\n\n\n\n\n\n\n\n\n\n\n\n\n\n\n\n\n\n\n\n\n\n\n",
  "metadata": {
    "id": "luxapallila-creek-watershed-plan-2004",
    "originalName": "Luxapallila_Creek_Watershed_Plan_2004.pdf",
    "size": 22872892,
    "uploadedAt": "2025-10-01T00:48:47.627Z",
    "pageCount": 112,
    "info": {
      "PDFFormatVersion": "1.3",
      "IsAcroFormPresent": false,
      "IsXFAPresent": false,
      "Title": "",
      "Author": "",
      "Subject": "",
      "Keywords": "",
      "Creator": "",
      "Producer": "602Pro PRINT PACK",
      "CreationDate": "D:20040409135306"
    }
  }
}