{
  "slug": "upper-bay-of-st-louis-watershed-action-plan-2007",
  "source": "Upper_Bay_of_St_Louis_Watershed_Action_Plan_2007.pdf",
  "length": 39452,
  "part": 1,
  "text": "\n\n \n \nBuilding a Partnership \n for the Watersheds of the  \nUpper Bay of St. Louis* \n \n \n \n \n \nPhoto, Leah Bray, Jourdan River Coastal Preserve from I-10 \n \n \n2007 Action Plan \n \n*The Upper Bay of St. Louis Watershed Partnership consists of several stream basins \nthat flow into the western and northern reaches of the Bay of St. Louis and are \nprimarily located in Hancock County, Mississippi \n\nWatersheds of the Upper Bay of St. Louis  \nAction Plan \nSpring 2007 \nPage 2\n of 23 \nAction Plan for the Upper Bay of St. Louis Partnership Area \nSponsored by the Land Trust for the Mississippi Coastal Plain  \n \n \n \n \n \n \n \n \n \n \n \n \n \nFunding assistance from EPA, Region IV  Technical Assistance from MDEQ \nPascagoula River Basin Team\n \n \n \n \n \n \n \n \n \n \n \n \n \n \nPrepared by Eco-Logic Restoration Services, LLC \n \nwww.ecologic-restoration.com\n \n \n \nSpring 2007 \n \n \n \n \n \n\nWatersheds of the Upper Bay of St. Louis  \nAction Plan \nSpring 2007 \nPage 3\n of 23 \nBuilding a Partnership for the Watersheds \nof the Upper Bay of St. Louis  \n2007 Action Plan \n \nTable of Contents \n \n \nI. Purpose and Introduction .........................................................................................Page 4 \n \nII. Upper Bay of St. Louis Watershed Teams ..............................................................Page 6 \na. Steering committee \nb. Technical advisory team \nc. Education and Recreation advisory team  \n \nIII. Watershed Description and Maps............................................................................Page 7 \na. Upper Bay of St. Louis Partnership area..................................................... Page 9 \nb. Bay of St. Louis Watershed ........................................................................Page 10 \n \nIV. Stakeholder interests:  Forum and Roundtable ...................................................Page 11 \n \nV. Watershed Action Plan ...........................................................................................Page 15 \n \nVI. Evaluation of progress and plan revision..............................................................Page 19 \n \nVII. Resources ...............................................................................................................Page 19 \n \nVIII. Appendix:   Natural Heritage Data, Hancock County...........................................Page 21 \na. Plants of Hancock County \nb. Animals of Hancock County \n \n \n \n\nWatersheds of the Upper Bay of St. Louis  \nAction Plan \nSpring 2007 \nPage 4\n of 23 \n \nPurpose and Introduction \n \n \nBefore Hurricane Katrina, the Land Trust for the Mississippi Coastal Plain (Land Trust) was \nawarded a grant from EPA Region IV to build watershed partnerships in six watersheds in \nsouth Mississippi.  Criteria for selecting watershed partnership areas included: (1) \nwatersheds that represented south Mississippi both geographically and ecologically; (2) \nwatersheds where the Land Trust owned and managed lands; and (3) watersheds where \nthere was a demonstrated need for restoration and protection.  The six watersheds that \nwere chosen included Turkey Creek in Harrison County, Red Creek (stream sections flowing \nthrough Stone County), Old Fort Bayou in Jackson County, West Hobolochitto Creek in Pearl \nRiver County, Tchoutacabouffa River (stream sections flowing through Harrison County) and \nUpper Bay of St. Louis (identified streams in Hancock County). \n \n \n \n \n \n \n \n \n \n \n \n \n \n \n \n \n \n \n \n \n \n \n \n \n \n \n \n \nThe Land Trust’s efforts to build a partnership for Upper Bay of St. Louis began in November \nof 2006 with Alison Anderson and Chris Lagarde agreeing to co-chair community watershed \nforums.  The first roundtable discussion was held at the Kiln public library on January 18, \n2007.  The second roundtable discussion was held at the Hancock County EOC on March \n\nWatersheds of the Upper Bay of St. Louis  \nAction Plan \nSpring 2007 \nPage 5\n of 23 \n29, 2007.  We have learned much from the participants and are very appreciative of their \nparticipation. \n \nHancock County was ground zero for this country’s greatest natural disaster, Hurricane \nKatrina.  We feel that it is important to respect that citizens are working hard to rebuild and \nrecover and that any individual’s time to participate in long-term watershed planning is \nlimited.  The Land Trust will continue to support the development of a watershed partnership \nfor the Upper Bay of St. Louis, seeking financial and other resources to help the community \naccomplish some of the actions identified to address their concerns for the waterways of \nHancock County. \n \nThis document is written to provide a strategic approach to watershed planning with \nparticular focus on private sector participation in the process.  We want to provide context \nand a brief overview of the ecological, cultural and scenic significance of streams as they \nflow to the Bay of St. Louis in Hancock County.  This is a record of our planning efforts and \nan accounting of actions identified to address watershed concerns.  The hope of those \ninvolved in this planning is to foster better stewardship of the natural resources of the \nwatershed.  \n \nForum participants were asked, “What’s so special about this place?  Is there anything in the \nwatershed in its present state that you want to protect?”  They responded with a clear \nunderstanding of their natural heritage and a strong vision of the qualities that they want to \nrestore and protect:   \n1. Rural heritage, including farmlands, healthy forests and open green space \n2. Peace and tranquility  \n3. Wild sounds: frogs, birds, insects \n4. Incredible beauty of our water:  clean, clear water that provides opportunities for \npeople to swim, fish and hunt \n5. Oak trees with their many colors of green. \n6. Seafood industry \n \nFrom the impacts of storm debris and tree loss to the threats of failing septic tanks and \naccelerated erosion in streams, participants clearly have a passion to restore, protect and \neducate.  Failing septic tanks, head cutting, down cutting, deforestation and contaminated \nrunoff are sources of stress that contribute to increased sedimentation, nutrient and \nbacteria loading.  Forum participants also identified the need for increased understanding \nabout the impact of motorized vehicles on stream banks, stream beds and sandbars and for \nincreased enforcement of public waterway laws.  Residents discussed the need to keep \nregular prescribed fire as a primary tool for natural lands management; limit development \nand create setback requirements in the floodplain through local zoning action; reforest \nstream banks and protect headwater streams and tributaries.  There is a great need to \neducate the local citizenry and to develop pride in place so that littering and dumping can be \nminimized, streamside management can be better understood and implemented, and \nappropriate public policy can be implemented as the population grows. \n \nThe goal of the Upper Bay of St. Louis Watershed Partnership is to develop and implement a \nsolution-oriented, action plan.  We have two primary objectives:  (1) Research, identify and \nimplement watershed protection and education strategies in the Upper Bay of St. Louis \n\nWatersheds of the Upper Bay of St. Louis  \nAction Plan \nSpring 2007 \nPage 6\n of 23 \nPartnership Area; (2) Research, design and implement watershed restoration and education \nstrategies in the Upper Bay of St. Louis Partnership.   \nProtection is defined as defending the existing natural and cultural resources of the \nWatershed from further degradation caused by encroachment, abuse or neglect.  Restoration \nis defined as actively initiating or accelerating the recovery of the ecological and cultural \nhealth, integrity and sustainability of the watershed that has been degraded, damaged or \ndestroyed.   \n \n \nTeams to Support the Upper Bay of St. Louis Watershed Partnership  \n \nProposed Steering Committee \nJudy Steckler, Land Trust for Mississippi Coastal Plain \nChris Lagarde \nAllison Anderson \nKelvin Burge \nDr. Donald Redalje \nCurt Beyer \nMike Felter \nJoe Pettigrew \n \nProposed Technical Advisory Team \nMDEQ, Coastal Basin Team Coordinator, Larry Estes \nSouth Mississippi RC&D Council, Patty Rogers \nMS Department of Wildlife Fisheries & Parks, Scenic Streams Program, Andrew Whitehurst \nMississippi Department of Marine Resources, CRMP \nMississippi Department of Marine Resources, Coastal Preserve Program \nMississippi Gulf Coast Heritage Program \nMS Soil and Water Conservation, Hancock County SWCD \nNatural Resource Conservation Service \nHancock County Utility Authority \nEPA, Gulf of Mexico Program (Habitat restoration team) \nEPA, Region 4, Watershed program \n \nProposed Education and Recreation Advisory Team  \nLand Trust for Mississippi Coastal Plain \nHancock County Planning Commission \nHancock County Greenways, Hancock County Chamber of Commerce \nMSU Extension Service  \nSouth MS Environment and Agricultural Coordination Organization (SMEACO) \nMS Canoe and Kayak Club \nWatershed Harmony Puppet Show \nHancock County School District \nMississippi Coast Audubon and Audubon Mississippi \n \n\nWatersheds of the Upper Bay of St. Louis  \nAction Plan \nSpring 2007 \nPage 7\n of 23 \n \n \n \n \n \nDescription of the Upper Bay of St. Louis Partnership Area \n \n \nThe Watersheds of the Upper Bay of St. Louis flow into the western and northern reaches of \nthe Bay of St. Louis.  This watershed partnership area is part of the larger Bay of St. Louis \nWatershed. (See maps page 9 and 10). The Upper Bay Partnership Area can be broken \ndown further into smaller watersheds that include Bayou Bacon, Orphan Creek, Bayou Talla, \nand Cutoff Bayou which drain to the Jourdan River. Bayou La Terre drains into Rotten Bayou \nwhich empties into Jourdan River before that river meets the Bay of St. Louis. In addition, \nLower Bayou and Bayou LaCroix travel through the city of Bay St. Louis before meeting the \nBay of St. Louis.  The Upper Bay Partnership Area also includes the community of Kiln. \nOutside the city limits, the watershed is mostly rural with agricultural areas including \nlivestock farms and timberlands. Also included within the watershed is public Coastal \nPreserves owned and managed by the MS Department of Marine Resources. These \npreserves are mostly coastal marsh, wet pine savanna, and maritime forests.  \n \n \n \n \n \n \nBottomland hardwood adjacent to stream, Upper Bay area \nMarsh gradation, Jourdan River Coastal Preserves Marsh gradation with stream, Jourdan River Coastal Preserves \nWet pine savanna with stream, Upper Bay area \nPhotographs, Leah Bray, 2007 \n\nWatersheds of the Upper Bay of St. Louis  \nAction Plan \nSpring 2007 \nPage 8\n of 23 \nPrior to Hurricane Katrina, the Hancock County Greenways project hosted by the Hancock \nCounty Chamber of Commerce and Board of Supervisors conducted several public forums \nand surveyed the community.  Water quality concerns were the number one issue for both \ncitizens and local governments.   Most of the concern was focused on fecal coli-form \ncontamination in the waters caused by faulty septic and wastewater systems, especially \nafter heavy rain events. Currently, the county is working to install new water and sewer \nsystems; however, many rural residents are concerned that this will generate more \ndevelopment outside of the cities thereby increasing water quality issues, decreasing the \nquality of life in the rural setting and creating addition loss of wildlife habitat and green \nspace.  \n \nThe watersheds of the Upper Bay of St. Louis Partnership Area are: \n \nBayou Bacon Watershed\n covers \n @42 square miles and is 8.56 miles long \n*Hydrologic Unit Code (HUC): 031700090906 \n \nJourdan River/Bayou Talla Watershed\n \n covers @27 sq. miles and is 12.07 miles long \n*Hydrologic Unit Code:  031700091001 \n \nJourdan River/Cutoff Bayou Watershed\n  \ncovers @19 sq miles and is 4.31 miles long \n*Hydrologic Unit Code:  031700091004 \n \nRotten Bayou Watershed \ncovers  \n@35 square miles and is 12.84 miles long \n*Hydrologic Unit Code:  03170091002 \n \nBayou La Terre Watershed\n covers \n @24 sq. miles and is 10.73 miles long \n*Hydrologic Unit code:  03170091003 \n \nLower Bayou/LaCroix Watershed\n covers \n @21 sq. miles and is 7.30 miles long \n*Hydrologic Unit Code:  03170091\n102\n \n*Hydrologic Unit Code, or HUC as it is called, is the watershed address. \n \n\nWatersheds of the Upper Bay of St. Louis  \nAction Plan \nSpring 2007 \nPage 9\n of 23 \n \n \n \n \nFigure 1:  Upper Bay of St. Louis, Watershed Partnership Area  \n\nWatersheds of the Upper Bay of St. Louis  \nAction Plan \nSpring 2007 \nPage 10\n of 23 \n \nFigure 2:  Bay of St. Louis Watershed  \n\nWatersheds of the Upper Bay of St. Louis  \nAction Plan \nSpring 2007 \nPage 11\n of 23 \nStakeholder interests:   \nResults from Community Forum and Roundtable Discussion\n \n \nWhat would you like to see for your watershed in the future? \n \n \n– Protect the integrity of the waterways: lakes, streams, rivers   \n– Protect waterways from development  \n– Keep waterways swimmable, fishable, floatable.  Waterways set aside for public \nrecreational use.  \n– Lower bacteria and nutrient levels and reduced sedimentation (turbidity) \n– More positive perception of the farmer; the farmer is not the primary source of water \nquality problems \n– Reduce non-point sources of pollution:  sustainable building practices that include \npermeability and swales to reduce run-off.  \n– Need sewerage systems in upper part of the county to replace failing septic tanks \n– Concerns about water quality at DuPont need to be mitigated:  more testing at Wolf \nRiver Station east side of the Bay \n– Identify key areas for land and water protection \n– Stop the dumping and littering:  increase the sense of personal responsibility  \n– More funding for restoration, especially for private landowners;  stream restoration and \ncleaner water benefits the public more than the private landowner \n– Forestry industry continues to become more environmentally conscious.  There is a need \nfor even more operations to work under BMPs \n– Need protected rural areas:  undeveloped and unfragmented farmlands and forest \nlands. \n– Protect tree canopy  \n– Great concern about loss of trees in the county. \n– More landowners participating in programs to keep cattle fenced out of waterways; \nstorm debris (timber) off the ground; more prescribed fires to reduce wildfires \n– Resolve sewerage problems:  eliminate sewerage outfalls into low-flow bayous  \n– More Protected and restored riparian buffers.    \n– More public access to the waterways and more options for public use:  recreation is a \ngood source of passive education. \n– Keep motorized vehicles (ATVs) out of the stream-beds.  Identify areas that can be free \nof jet skis \n \nHow would you describe the current state of your watershed? \n \nFair \n \n \nWhat’s so special about this place?  Is there anything in the watershed in its present state \nthat you want to protect?  \n– Rural heritage, including farmlands, healthy forests and open green space \n– Peace and tranquility  \n– Wild sounds, frogs  \n– Incredible beauty of the water \n– Clean, clear water - Swimming, Fishing, Hunting \n\nWatersheds of the Upper Bay of St. Louis  \nAction Plan \nSpring 2007 \nPage 12\n of 23 \n– Independent spirit of the people in Hancock County \n– Oak trees with their many colors of green. \n– Seafood industry \n \n \nWhat are the challenges/concerns that we face in order to see the watershed become what\n \nwe envision for the future? \n \n– Storm debris, forced timbering.  Problems with timber on the ground which can cause \nwildfires and also challenges for conducting prescribed fire. \n– Residential growth in northern part of the county \n– Concern for water/sewerage pipe in areas that don’t need that infrastructure; \ninfrastructure can encourage growth in areas not suited for growth, i.e. wetlands \n– Littering and dumping are big problems \n– The independent spirit, a positive quality, can also be negative quality because it drives \npeople to resist regulations needed to protect our environment as the population grows \n– Need more watershed education:  when people build houses they need to think about \nwhere the water is going to go (impervious surfaces create run-off); stop polluting \npractices such as washing paintbrushes in the creek/ditch or dumping used automotive \noil in the ditch or drain \n– Too often plans are left unimplemented:  need a strong plan and leadership for action \n– Need more personal responsibility in keeping a desirable environment \n– Need to take actions to reduce elevated bacterial and nutrient levels \n– Need to reduce sedimentation:  elevated bacterial and nutrient levels are associated \nwith increased sediment after storms \n– Concern that there is a negative perception of the farmer – that the farmer is blamed as \nthe primary source of the water quality problems \n– Big concern about non-point sources – we need to be a leader in sustainable building \npractices, providing permeability & swales to reduce run-off  \n– Need sewerage in upper part of the county – remove/replace failing septic tanks \n– Concerned about water quality at DuPont, wolf River station east side of the Bay \n– Need to  identify key areas for protection \n– One critical issue:  dumping and litter – there is no sense of personal responsibility.   \nThis can’t be mandated.  Trash along roads is an indicator of people who don’t care. \n– Most federal programs require a significant match and local landowners need to choose \nwhere they spend their cost-share $$.  If restoration and clean-up benefits the public at \nlarge, then the individual landowners should not be solely tasked with the local match.  \nIs there precedence in other watersheds – are there examples from other watersheds \nfor successful match programs?   \n– Allocate funding to solve identified problems.  Money talks. \n– Forestry industry is much more conscious about BMP now than 25 years ago.  \n– In the Upper Bay project area, there are some developed areas, still many rural areas – \nbut land is getting more and more frag"
}