{
  "slug": "ross-barnett-reservoir-watershed-plan-2011",
  "source": "Ross_Barnett_Reservoir_Watershed_Plan_2011.pdf",
  "length": 1021493,
  "part": 13,
  "text": "e \ncarefully planned using Low-Impact Development\n21\n and Better Site Design\n22\n principles. \nStormwater impacts from development can be mitigated with the use of the many green \ninfrastructure management measures discussed in this Plan. \n                                                \n \n21\n http://www.epa.gov/owow/NPS/lid/ \n22\n http://www.cwp.org \n\n \n \n \n7-48 \nFigure 7.12. Landuse in the Lake Creek-Pearl River HUC12. \nFigure 7.13. HSG types in the Lake Creek-Pearl River HUC12. \n \n \n \n \n\n \nOctober 31, 2011 \n \n \n \n7-49 \nMost of the developed areas in the subwatershed are associated with the Natchez Trace \nnear the north boundary, and Highway 25 near the south boundary. The majority of the land is \nclassified as forested land, most of which is managed by private landowners. It is likely that \nsome forest land in this subwatershed is harvested on a regular basis. Rezonate project managers \nshould work with MFC to be sure that landowners use proper harvesting measures to manage \nrunoff, and are aware of the opportunities to participate in forestry stewardship programs. \nApproximately 22% of this watershed is currently classified as wetlands. It will be of \nparamount importance to protect these wetland areas from the impacts of development and land \ndisturbance. Recommendations listed below are based on the Center for Watershed Protection’s \npublication Using Local Watershed Plans to Protect Wetlands (Cappiella et al. 2007)\n 23\n. \n \n• Use land use planning techniques to redirect development and preserve \nsensitive areas. This will require a coordinated effort between Madison, Rankin, \nand Scott counties. It is unlikely that there will be significant development within \nthis subwatershed in the next 10 years. However, county governments must \nconsider the importance of protecting wetlands in this subwatershed if asked to \napprove any future development plans. Governments should require the use of \nenvironmentally sensitive designs such as “cluster development” if housing \ndevelopments expand to this area. \n• Identify wetland areas as priority areas for conservation. Place wetlands in a \nland trust when feasible. Avoid land-disturbing activities, such as timber \nharvesting, near wetlands. Use pasture management measures to keep livestock \nout of sensitive streams and wetland areas. \n• Establish vegetated buffers of at least 50 ft around all wetlands. This will \nprotect wetlands from negative impacts of development. \n \nAdditional provisions to protect wetlands and natural features of this subwatershed \ninclude guiding future development with new ordinances, requiring strict erosion and sediment \ncontrol on any construction sites (including roads), and restricting certain types of land \ndisturbance activities (i.e., surface mining, clear cutting, industrial development). However, these \nwould have to be developed by the county governments with the input of landowners in order to \nminimize the burden of land use restrictions on private property owners. Detailed \n                                                 \n23\n  Using Local Watershed Plans to Protect Wetlands (K. Cappiella, A. Kitchell, T. Schueler, 2006). Available \nonline at http://www.cwp.org/documents/cat_view/73-wetlands-and-watersheds-article-series.html \n\n \nOctober 31, 2011 \n \n \n \n7-50 \nrecommendations for long-term land management plans will be included in a WIP for this \nsubwatershed.  \n \n7.8.2   Curb   Littering   \nThe sand bars located along the Pearl River within this subwatershed are the primary \nlocations of concern for excess trash and littering. The Keep the Reservoir Beautiful organization \nhas been formed by citizens in order to help promote voluntary methods for reducing littering \nand encouraging clean-up of existing trash on these sand bars. PRVWSD is working with the \norganization to bring the problems with litter to the attention of the public using newspaper \narticles, volunteer opportunities, clean-up days, and other activities. Public relations activities \nshould continue throughout the recreational season (May through October) each year. \nProviding an annual “report card” on littering is an excellent public relations tool to build \ninterest and encourage residents and build support for the Keep the Reservoir Beautiful \ncampaign. The Comprehensive Water Quality Monitoring Plan describes a monitoring approach \nfor developing and tracking a litter index after holidays when heavy use of the sand bars is \nexpected. Results of litter index monitoring should be shared with the public in conjunction with \nthe organization’s public relations activities. \n \n7.8.3   Implement Educational Programs \nEducational programs implemented for protection of this subwatershed should focus on \nthe targeted audiences that most frequently use this area. Many people use the land in this \nsubwatershed for recreational activities such as boating, fishing, water skiing, and hunting. Thus, \nthis group has a vested interest in preserving watershed health and the quality of its water. The \nComprehensive Education and Outreach Plan includes specific objectives for civic and \nrecreational groups. One objective is to partner with influential boaters and campers who are \nprominent figures in social outings on the Reservoir (e.g., Flag Island regulars) to encourage \nclean recreational activities. The bottom-line message for educational programs is that \npreservation of this subwatershed is necessary for clean water in the Reservoir. In turn, clean \nwater is necessary for continued recreational enjoyment of the Pearl River and waters \n\n \nOctober 31, 2011 \n \n \n \n7-51 \ndownstream to the Reservoir. Improved quality of life and higher property values are among the \nmany benefits of clean water. \n \n7.8.4   Promote Conservation Easements and Land Trusts \nConservation easements can be used to protect natural and cultural features of land. \nParticipation in conservation easements is voluntary. Easements typically restrict certain uses of \nproperty such as development or significant disturbance of vegetation within the easement area. \nHowever, owners retain access and continued ownership of the property. A conservation \neasement is recorded as a written legal agreement between the landowner and the holder of the \neasement. The holder may be either a nonprofit conservation organization or government agency. \nIn Mississippi, conservation easements are usually donated to nonprofit conservation \norganizations, commonly known as land trusts. A land trust is a local, regional, or national \nnonprofit organization that protects land for its natural, recreational, scenic, historic or \nproductive value. \nThere are a number of federal and state programs, particularly agriculture and wildlife \nprograms, that provide incentives and financing to purchase easements and enter into \nconservation agreements. CRP makes annual lease payments to participating landowners. \nParticipation in CRP requires placing highly erodible crop or pasture land into grasses and \nwoody vegetation. The Wetlands Reserve Program (WRP) applies to lands that have been \npreviously converted from wetlands to crop or pasture land. Other programs include Grasslands \nReserve Program (GRP) and Wildlife Habitat Incentives Program (WHIP). \n \n \n\n \nOctober 31, 2011 \n \n \n \n8-1 \n8.0 IMPLEMENTATION \n \nThis section provides a schedule and preliminary budget for implementing the \nComprehensive Protection and Restoration Plan along with the other plans developed as part of \nthe Ross Barnett Reservoir Initiative. \n \n8.1      Schedule      \nThe implementation schedule includes the protection and restoration activities described \nin Section 7 and the Comprehensive Education and Outreach Plan for Rezonate!, the Source \nWater Protection Plan for the O.B. Curtis Drinking Water Intake, and the Water Quality \nMonitoring Plan. For flexibility, schedules were developed based on the amount of time elapsed \nsince the start of implementation (i.e., year 1, year 2) in lieu of specific years. Funding may not \nbe available for all targeted subwatersheds at once; thus, a staggered start-up schedule may be \nused. This will enable Rezonate project managers to track progress based on the start date of \nimplementation activities. The schedule in Table 8.1 specifies the milestones, responsible party, \nand timeframe for management measures. Watershed Implementation Teams (WITs), along with \nMDEQ, are the primary responsible parties. \n \n\n \nOctober 31, 2011 \n \n \n \n8-2 \nTable 8.1. Implementation schedule. \n \nManagement Action Milestones \nResponsible \nParties Timeframe \nRestoration Activities in \nTargeted HUC12s: \nMill-Pelahatchie, \nRiley-Pelahatchie, and \nAshlog-Pelahatchie. \nDevelop WITs. Teams will determine specific \nareas to begin restoration planning and \nimplementation. \nMDEQ Years 1 to 2 \nRefine BMP requirements and budgets. \nDetermine specific locations for \nimplementation.  \nWITs Years 1 to 2 \nDevelop incentive program, and make citizens \naware of the incentives for implementing \ngreen infrastructure stormwater management \npractices. \nLocal \ngovernments \nwith support \nfrom WITs, \nPRVWSD, \nand MDEQ \nMiddle of \nYear 3 \nWatershed implementation plans completed. WITs Year 3 \nWatershed implementation plans approved MDEQ End of Year 3 \nForm local stormwater consortium and begin \nroutine coordination meetings. \nMDEQ, \ncounty and \ncity \nstormwater \nofficials \nYears 3 to 10 \nImplement watershed implementation plans. WITs Years 2 to 10 \nProtection Activities in \nTargeted HUC12: \nLake Creek-Pearl River \nDevelop WIT. Team will determine specific \nareas to begin protection planning and \nimplementation \nMDEQ and \nPRVWSD \nYears 1 to 2 \nRefine BMP requirements and budgets. \nDetermine specific locations for \nimplementation.  \nWIT Years 1 to 2 \nWatershed implementation plan completed WIT Year 3 \nWatershed implementation plan approved MDEQ End of Year 3 \nImplement watershed implementation plan WIT Years 3 to 10 \nSource Water Protection \nContinue to facilitate Source Water Protection \nWork Group \nMDEQ and \nPRVWSD \nYears 1 to 10 \nImplement Source Water Protection Plan \nSource Water \nProtection \nWork Group \nYears 1 to 10 \nEducation and Outreach \nImplement Education and Outreach Plan \nobjectives for selected targeted audiences \nRezonate \nproject \nmanager \nYears 1 to 5 \nMonitoring \nSelect monitoring modules from monitoring \nplan  \nMDEQ and \nPRVWSD \nYears 1 to 2 \nImplement monitoring program and evaluate \ndata annually \nMDEQ and \nPRVWSD \nYears 2 to 10 \n \n\n \nOctober 31, 2011 \n \n \n \n8-3 \n8.1.1   Watershed   Protection and Restoration Plan \nThe key action for the Protection and Restoration Plan is implementing the recommended \nmanagement objectives in the targeted HUC12 subwatersheds. These actions include both \nvoluntary and regulatory approaches. Voluntary approaches center around installation of the \ngreen infrastructure management measures and improved control of pollutant sources. If needed, \nregulatory approaches will include modifications of ordinances and stormwater regulations. \nFollowing development of WIPs, WIT members should meet on a routine basis to evaluate \nwhether the milestones are being met. The WIPs will include schedules for installing practices \non specific parcels of land. \n \n8.1.2   Source Water Protection Plan \nImplementation of the Source Water Protection Plan also includes voluntary and \nregulatory measures. Many of the recommended source water protection measures overlap with \nmeasures in the Comprehensive Protection and Restoration Plan, especially in the targeted \nMill-Pelahatchie Creek subwatershed, which overlaps with the primary protection area. \nThe Source Water Protection Plan contains a list of recommended actions and a schedule \nfor implementing the actions (see Table 3.1, Action Plan Summary, in the Source Water \nProtection Plan). The source water protection work group, formed to develop the plan, will \ncontinue to oversee implementation of the plan. The group will be lead by MDEQ and include \nmembers from MSDH, PRVWSD, and the City of Jackson. At a minimum, this group should \nmeet annually to evaluate yearly progress. \n \n8.1.3   Education and Outreach \nWatershed management and nonpoint source pollution reduction in the Reservoir is a \ncommunity-centered activity that will require voluntary participation and cooperation of many \nindividuals in order to meet goals. Thus, a strong educational component is an important part of \nthe implementation strategy. The Comprehensive Education and Outreach Plan defines the \nspecific actions needed to educate and involve key target audiences.  \nThe plan includes a recommended schedule and budget for implementation over a 5-year \nperiod along with evaluation criteria. This schedule complements watershed protection and \n\n \nOctober 31, 2011 \n \n \n \n8-4 \nrestoration activities. A review of evaluation criteria should be conducted on a yearly basis to \nanalyze progress, determine if goals are being met, and make needed adjustments. After the first \n5-year period, project managers should conduct a comprehensive review of the success of the \nprogram and continue with a revised program.  \n \n8.1.4   Monitoring   Plan   \nMDEQ will determine the implementation schedule for the monitoring plan based on the \nfunding and personnel available for sampling and laboratory analysis. The monitoring plan was \ndeveloped as individual modules that specify different types of monitoring. MDEQ can choose to \nimplement all of the modules or only selected modules during specific times. At a minimum, the \nbase monitoring, biology, and pathogen sampling should be conducted to track long-term water \nquality status and trends. Also, monitoring of priority subwatersheds with WIPs should be \nconducted to track improvements during pre- and post-implementation. \nAs management measures are implemented, it will be important to measure water quality \nimprovements and the effectiveness of the measures. Often, long and uncertain lag times occur \nbetween implementation and measurable water quality improvements. However, measurable \nprogress is critical to ensuring continued support of watershed projects among local leaders and \nthe general public.  \n \n8.2      Budget      \nThe funding for implementation of the Rezonate plans will come from several sources. \nPersonnel from agencies participating on implementation teams will be funded by regular agency \nbudgets. Stakeholders from the community may participate on the watershed teams on a \nvoluntary basis. Installation of management measures will be funded through cost-sharing \nprograms such as Section 319(h) and the NRCS EQIP program. Most likely, property owners \nwill be responsible for long-term maintenance of structural management practices. Preliminary \nbudgets for the Rezonate plans are summarized below (Table 8.2). It is important to note that \nthere are many benefits that go along with the investment in green infrastructure stormwater \nmanagement measures and other water quality improvement practices recommended in this plan. \nThese benefits may be quantified when specific implementation sites are selected. \n\n \nOctober 31, 2011 \n \n \n \n8-5 \nTable 8.2. Budget for implementation of Rezonate plans. \n \nPlan Component 5-Year Budget Funding Sources \nComprehensive \nWatershed \nProtection and \nRestoration Plan \nRestoration measures for \nMill-Pelahatchie \n$29,582,070 \nFederal cost-share \nprograms, resource agency \nfunds, individual \nlandowners, green \ninfrastructure grants \nRiley-Pelahatchie                       $8,933,328                       \nAshlog-Pelahatchie                      $4,616,630                      \nProject Management Not yet determined MDEQ program funds \nIncentive Program \nNot yet determined, \ndepends on the incentive \nprogram approved by \nlocal governments \nCounty and city \ngovernment budgets \nSource Water \nProtection Plan \nProject Management \nManagement Measures \nA budget for this plan \nwas not developed. \nAgency program funds for \nproject management.  \nFederal cost-share \nprograms, individual \nlandowners, green \ninfrastructure grants for \nmanagement measures. \nComprehensive \nEducation and \nOutreach Plan \nEducation Activities for \nIndividual Audiences \n$945,443 \nMDEQ 319(h) funds, City \nand county governments, \neducational grant \nprograms, and non-profit \norganizations \nWater Quality \nMonitoring Plan \nProject Management \nData Collection \nData Analysis \nNot yet determined, \ndepends on agency \nbudgets \nMDEQ, USGS, and \nPRVWSD program funds \n \n\n \nOctober 31, 2011 \n \n \n \n9-1 \n9.0 EVALUATION CRITERIA \n \nEvaluation criteria, which demonstrate progress toward achieving the goals of this Plan, \nhave been established for both programmatic indicators and environmental indicators. \nProgrammatic indicators evaluate activities intended to improve land management and individual \nbehaviors that lead to water quality improvement (i.e., management measures implemented or \neducation information distributed at events and meetings). Environmental indicators are direct \nmeasurements of water quality conditions (i.e., reduced sediment and nutrient levels, improved \nbiological health, and fewer stream bank failures). Evaluation criteria are one of the required \nelements for Section 319(h)-funded watershed plans, summarized in Appendix U. \nManagement measures recommended in this document will be updated through an \nadaptive management process as they are implemented and evaluated for performance. This will \nimprove the quality and efficiency of program implementation.  \nRezonate project managers must track progress based on both programmatic and \nenvironmental indicators and compare these to annual project costs. Programmatic evaluation \ncriteria are given in Table 9.1. The criteria include parameters that can be measured with a \nreasonable level of effort and compared from year to year. If changes are needed, the program \nmanagers need to evaluate potential solutions and have the authority to decide which solutions to \nimplement.  \n \n\n \nOctober 31, 2011 \n"
}