{
  "slug": "coldwater-river-watershed-plan-2013",
  "source": "Coldwater_River_Watershed_Plan_2013.pdf",
  "length": 46899,
  "part": 2,
  "text": "utrients \nlevels detrimental to fish and other wildlife. High nutrient concentrations can support high \ngrowth of algae or other aquatic plants. When the algae die, their decomposition uses oxygen in \nthe water, which can result in low oxygen levels that are harmful to fish and other aquatic life. \nThe TMDLs for this stream section has been recommended for reductions of 95.0% phosphorous \nloads entering these water bodies to meet the preliminary target of 0.16mg/l. Based on the \nestimated existing and target total nitrogen concentrations, this TMDL recommends a 83.5% \nreduction of the nitrogen loads entering these water bodies to meet the preliminary target of 1.05 \nmg/l. (MDEQ 2008) \n \n 3.3.1 Cause \n Nitrogen and phosphorus are the pollutants that are suspected of causing eutrophic \nconditions in these water bodies with high productivity and low dissolved oxygen levels. Total \nnitrogen and total phosphorus are the species of these nutrients that were addressed in the \nTMDLs. (MDEQ 2008) \n \n 3.3.2 Sources \n Nutrient loads are primarily contributed by nonpoint sources in the watershed. However, \nthere are also 22 NPDES sources permitted to discharge into Coldwater River.  \n  \n 3.3.3 Nonpoint Sources \n Total nitrogen is a combination of the many forms of nitrogen found in the environment. \nInorganic nitrogen can be transported in particulate and dissolved phases in surface runoff. \nDissolved inorganic nitrogen can enter groundwater through infiltration, and may enter a water \nbody through groundwater seepage or discharge. Finally, atmospheric gaseous nitrogen may \nenter a water body through diffusion, and dissolved and particulate nitrogen species can enter \nthrough atmospheric deposition. \n \n Phosphorus is primarily transported in surface runoff when it has been sorbed to eroding \nsediment. Phosphorus may also be associated with fine-grained particulate matter in the \n\n \nColdwater River Watershed Implementation Plan - Draft 4/11/13 \n \n 15\natmosphere and can enter stereos as a result of dry fallout and rainfall. Phosphorus may also be \ncontained in the surface runoff due to fertilizers and animal excrement or watersheds with \nnaturally occurring soils that are rich in phosphorus (Thomann and Mueller, 1987).  \n \n Watersheds with a large number of failing septic tanks may also deliver significant \nloadings of phosphorus to a water body. Phosphorus levels are also high in groundwater in the \nDelta, so phosphorus in surface waters can also come from groundwater seepage or discharge. \nUSGS has an ongoing sampling program to quantify the cause of phosphorus in ground water.  \n \n 3.3.4 Point Sources \n These point sources provide negligible impacts to the watershed and no changes are \nrequired in their permits due to the current TMDL (MDEQ 2008).   \n \nTable 2. Permitted point sources in the project area. \n  \nName \nNPDES \nPermit \nPermitted \nDischarge \n(cfs) \nActual Average \nDischarge (cfs)  \nActual Average \nBOD mg/L \nPermitted \nBOD mg/L \nActual \nNH3-N \nmg/L \nPermitted \nNH3-N mg/L \nBuck Island Bayou \nMGP MS0049123 0.063 0.29 5.33 30 NA NR \nUSACOE Arkabutla \nN Abutment MS0020656 0.021 0.002 2 30 NA NR \nAustin Trailer Park MS0051934 0.009 0.009 2.8 30 NA NR \nLake Forest S/D MS0034188 1.547 0.147 6.07 30 NA NR \nSkylane Trailer Park MS0037925 0.034 0.027 17.3 30 NA NR \nTwin Lakes #1 MS0022543 0.232 0.151 7.07 30 NA NR \nTwin Lakes #2 MS0029467 0.201 0.169 5.61 30 NA NR \nWilson Mill \nSubdivision MS0053830 0.019 0.002 5 30 NA NR \nComo POTW MS0030104 0.387 0.165 2.4 10 0.15 NR \nSam Minor \nHeadstart MS0045055 0.002 0.003 34.5 30 NR \nStrayhorn \nElementary  MS0035181 0.012 0.005 8 30 NA NR \nPride of the Pond, \n001 MS0039802 1.076 0.185 34.14 75 NA NR \nPride of the Pond, \n002 MS0039802 1.076 0.63 9.81 30 NA NR \nTunica Inudstrial \nPark MS0032786 0.093 0.211 11.7 30 2.3 2 \nTunica POTW MS0042323 0.68 0.33 26.4 30 NA NR \nWestgate Utilities MS0024261 0.081 0.074 33.56 30 NA NR \nDundee School MS0054798 0.015 0.211 8.06 10 NA NR \nCrenshaw POTW MS0026930 0.32 0.131 26.4 30 NA NR \nSledge POTW MS0021016 0.34 0.4 22 30 NA NR \nMarks POTW MS0024660 1.02 0.297 27.2 30 NA NR \nLula POTW MS0025151 0.068 0.046 23.3 30 2.54 2 \nFalcon POTW MS0036731 0.35 0.012 11.7 30 NA NR \n\n \nColdwater River Watershed Implementation Plan - Draft 4/11/13 \n \n 16\n3.4 Alluvial Aquifer Declines \n \nGroundwater levels in the Coldwater River watershed have declined causing producers to \ndrill deeper wells to reach water. Deeper wells are less efficient to operate and thereby more \nexpensive. More efficient use of ground water supplies has become an important topic among \nstakeholders, along with water holding capacity and level Coldwater River and associated \nwaters. \n  \n 3.4.1 Cause \n Water is being withdrawn from the aquifer faster than it is being recharged.  \n \n 3.4.2  Source \n Irrigation accounts for the majority of the ground water withdrawals.\n\n \nColdwater River Watershed Implementation Plan - Draft \n4/11/13 \n \n 17\n4.0 Coldwater River MRBI Watershed Resources \n \n4.1 Water Quality Standards \n \nThe water use classification for all perennial surface waters of this watershed stated in \nthe Mississippi water quality regulations is Fish and Wildlife Support. The designated \nbeneficial uses for these waters are Aquatic Life Support (MDEQ 2003a).  Table 2 lists \nthe numeric water quality criteria applicable to the Coldwater River watershed perennial \nsurface waters (MDEQ 2002). \n \nTable 3. Water quality criteria for Coldwater River watershed. \nParameter Criteria \nDissolved Oxygen 5.0 mg/L daily average, 4.0 mg/L instantaneous \nPH Between 6.0 and 9.0 su \nTemperature 32.2 deg C \nFecal coliform May – October: geometric mean of 200 per 100 mL, 400 per \n100 mL less than ten percent (10%) of the time during a 30 \nday period. \nNovember – April: geometric mean of 2000 per 100 mL, \n4000 per 100 mL less than ten percent of the time during a \n30 day period. \nSpecific conductance 1000 uohms/cm \nDissolved Solids 750 mg/L monthly average, 1500 mg/L instantaneous \n \nMississippi’s water quality standard for sediment is a narrative and reads as follows: \n“Waters shall be free from materials attributed to municipal, industrial, agricultural or \nother discharges producing color, odor, taste, total suspended or dissolved solids, \nsediment, turbidity, or other conditions in such degree as to create a nuisance, render the \nwaters injurious to public health, recreation or to aquatic life and wildlife or adversely \naffect the palatability of fish, aesthetic quality, or impair the waters for any designated \nuse” (MDEQ 2002). \n \n \n \n \n\n \nColdwater River Watershed Implementation Plan - Draft \n4/11/13 \n \n 18\n4.2 Surface Water Quality \n \nSurface waters in the Coldwater watershed are generally, high in turbidity December \nthrough April from the high sediment runoff leaving agricultural fields. It is common \npractice to work land in the fall and in dry Februaries in anticipation of a wet spring. \nTurbidity usually declines in the summer and fall due to decreased erosion as crops cover \nthe fields and due to lower fall rainfall (USDA NRCS 2012).  \n \nPesticides are found in surface waters during the agricultural season. There are no \ncurrent use pesticides that are at levels of concern. However; DDT was used extensively \nin this area both on crops and for mosquito control and can be found in sediments and in \nlarge, older fish, especially gar, buffalo, and carp.(USDA NRCS 2012) As stated before \nAll surface waters in the Coldwater Watershed are under fish consumption advisories due \nto the continued presence of DDT and Toxaphene in fish tissues.  \n \nTable 4. Reported impairments from the EPA for the Coldwater Watershed \n \n \n(USDA NRCS 2012) \nTotal Number of Impairments Reported: 48 \n \nWater quality monitoring has been going on since the early 2000’s. Sites were first \nchosen by the Tunica County Soil and Water Conservation District at locations they felt \nwould be most influenced by their implementation of conservation and water quality \n01234567891011\nSedimentation\nPesticides\nNutrients\nOrganic Enrichment/Low Do\nBiological Impairment\nCause Unknown\nSalinity/TDS/Chlorides\nImpairment Reported \nSedimentation\nPesticides\nNutrients\nOrganic Enrichment/Low Do\nBiological Impairment\nCause Unknown\nSalinity/TDS/Chlorides\n\n \nColdwater River Watershed Implementation Plan - Draft \n4/11/13 \n \n 19\nBMPs (YMD 2008). Sites were located on Buck Island Bayou, Walnut Lake, Phillip’s \nBayou, McKinney Bayou, Six Mile Lake, and Yazoo Pass. Later, data were taken at the \nsame locations as Jack Kilgor and Jan Hoover’s ERDC Fish IBI sampling sites to help \nbetter characterize seasonal water quality (Hoover & Kilgore 2003). These samples \nincluded laboratory and insitu measurements. \n \n \nFigure 4. Coldwater River Watershed Sample Sites (USDA NRCS 2012) \n\n \nColdwater River Watershed Implementation Plan - Draft \n4/11/13 \n \n 20\nThe Coldwater River watershed has been evaluated as impaired and is included on the \nMississippi 303 (d) List (MDEQ 2004a). Table 4-6 summarizes the listings from the 2002 \n303(d) List.  \n \nTable 5. 2002 303(d) listings for the Coldwater River Watershed \nName ID County  HUC Cause Mon/Eval \nColdwater \nRiver  MSCOLDR2M2 \nDesoto, Tate, \nTunica 8030210 Sediment/Siltation Monitored  \nAt Pritchard: From confluence with Cub Lake Bayou to split with Pompey Ditch above Sara  \n \nColdwater \nRiver  MSCOLDR2E \nDesoto, Tate, \nTunica 8030204 Sediment/Siltation Evaluated \nAt Coldwater River: From Spillway Arkabutla Reservoir to confluence with Pompey Ditch \n \n \n \nTable 6. Water Quality Standard \nParameter Beneficial Use Narrative Water Quality Criteria \nSediment/Siltation \nAquatic Life \nSupport \nWaters shall be free from materials attributable to municipal, \nindustrial, agricultural, or other dischargers producing color, \nodor, taste, TSS, or other conditions in such a degree as to create \na nuisance, render the waters injurious to public health, \nrecreation, or to aquatic life and wildlife, or adversely affect the \npalatability of fish, aesthetic quality, or impair the waters for any \ndesignated uses. \n \n \nTable 7. Total Maximum Daily Load \nSegment WLA LA MOS TMDL \nMSCOLDR2M2 \n8.8E-02 to \n2.4E-01* 8.8-02 to 2.4E-01* implicit 8.8E-02 to 2.4E-01 \nMSCOLDR2E \n8.8E-02 to \n2.4E-02* 8.8-02 to 2.4E-02* implicit 8.8E-02 to 2.4E-02 \n*tons per acre per day at the effective \ndischarge  \n   \n \n \n \n \n \n \n \n\n \nColdwater River Watershed Implementation Plan - Draft \n4/11/13 \n \n 21\n4.3  TMDLs \n \nNonpoint sources of sediment (due to erosion) are the primary sources of concern. \nSources identified in the TMDL include agriculture, aquaculture, and the natural \nlandscape of which ridge and swell topography is common. Wet weather conditions are \ncritical for sediment loading to the water bodies. The target measure of sediment \nretention would reduce sediment yields to a range of 8.8E-02 to 2.4E-01 tons per acre per \nday. \n \nThe TMDL also addresses organic enrichment and low dissolved oxygen listings for \nThe Coldwater River on the Mississippi 2006 Section 303(d) List of Impaired Water \nBodies. There are currently no numerical criteria for nutrient concentrations in \nMississippi surface waters. MDEQ currently has a Nutrient Task Force working on the \ndevelopment of nutrient criteria. An annual concentration of 1.05mg/l is an applicable \ntarge for TN and 0.16mg/l for TP for water bodies located on the west side of the Delta \n(TMDL for Yazoo River Basin Tunica and Coahoma Counties 2008). These numbers \nmay be revised after the development of nutrient criteria by the NTF. Nonpoint organic \nsources are considered to be the primary source of oxygen demand in the Coldwater \nsystem. The TMDL calls for a 95.0% reduction of the phosphorus loads entering these \nwaterbodies to meet the preliminary target of 0.16mg/l. Based on the estimated existing \nand target total nitrogen concentrations, this TMDL recommends an 83.5% reduction of \nthe nitrogen loads entering these water bodies to meet the preliminary target of 1.05mg/l \n \n \n  \n\n \nColdwater River Watershed Implementation Plan - Draft 4/11/13 \n \n 22\nTable 8. TMDL targets and land use calculations.\nWater \nBody \nColdwater \nRiver Water Urban Barren Forest Pasture/Grass Cropland Wetland Total \nAcres 260.9 641.8 0 45.1 0 14618.5 3787.6 19353.9 \nLanduse TN KG/Mile² Percent 1.30% 3.30% 0.00% 2.00% 0.00% 75.50% 5.90% 100.00% \nForest 111.3 Miles² in watershed 0.41 1 0 0.07 0 22.8 5.9 30.2 \nPasture 777 Flow cfs based on area 44.2 cfs \nCropland 10956.2 \nUrban 287.8 TN Load kg/mi² annual avg 259.0 287.8 111.3 777.0 10956.2 259.0 \nWater 259 TP Load kg/mi² annual avg 259.0 4.3 61.3 61.3 1295.0 5490.9 259.0 \nWeltand 259 \nAquaculture 2590 TN Load kg/day 29.00 0.79 0.00 0.02 0.00 684.39 4.19 689.70 \nTP Load kg/day 0.29 0.01 0.00 0.01 0.00 342.99 4.19 347.50 \nLanduse TP kg/Mile²  \nForest 60.3 TN target concentration 1.05 mg/l \nPasture 1295 TP target concentration 0.16 mg/l \nCropland 5490.9 \nUrban 4.3 TN target load 250.3 lbs/day \nWater  259 TP target load 38.2 lbs/day \nWetland 259 \nAquaculture 2590 TN estimated load per day 1517.3 lbs/day \nTP estimated load per day 764.5 lbs/day \nTN estimated concenteration 6.36 mg/l \nTP estimated concenteration 3.21 mg/l \nTN reduction needed 83.50% The land use calculations are based on 2004 data.  \nTP reduction needed 95.00% The nutrient estimates are based USDA ARS. The TMDL \ntargets are based on EPA guidance for calculations \nof targets when considering all available data. \n\n \nColdwater River Watershed Implementation Plan - Draft 4/11/13 \n \n 23\n4.4 Groundwater Resources \n \nThe majority of drinking water use in this watershed is supplied by groundwater from the \ndeep aquifer. The majority of agricultural water use in this watershed is supplied by groundwater \nfrom the shallow alluvial aquifer. No issues have yet been raised with regard to the quality of \ngroundwater in this watershed. Declining groundwater levels in the alluvial aquifer are an issue \nin the watershed (MDEQ 2000). \n \n4.5 Fisheries, Plant, and Wildlife Resources \n \nA few federally threatened species may occur within the watershed. These are Least tern \n(Sterna antillarum), Pallid sturgeon (Scaphirhynchus albus), Fat pocketbook (Potamilus capax), \nand although not federally the state of Mississippi has listed the Bald Eagle (Haliaeetus \nleucocphalus). All water bodies in the Delta, including those in the Coldwater River watershed, \nwere placed under fish consumption advisory in 2001 for the legacy pesticides DDT and \nToxaphene.  As previously listed the fish covered by the advisory were carp, buffalo, gar, and \nnon-farm raised catfish over 22 inches (MDEQ 2001). \n \nSince 1985, bottomland wetland and forest habitats have been restored in the watershed \nthrough USDA Farm Bill Programs such as CRP and WRP.  A small percentage of the \nwatershed has been restored to bottomland hardwood forests in the past 25 years using these \nfederal cost-share programs. Because of increased forest lands and a moderate amount of natural \nwetlands, the Coldwater River watershed has fair populations of numerous consumptive wildlife \nspecies such as white-tailed deer, migratory waterfowl, and small game.   \n \nFishing and hunting both take place in the watershed. Hunting primarily takes place on \nprivate land and includes deer, waterfowl and small game hunting. Moon Lake is a popular \nrecreational lake within the watershed. The lake has experience reduced fishing opportunity due \nto its impairment from sedimentation. Several projects have been proposed or completed \nadjacent to Moon Lake in order to stabilize and improve the fisheries and overall health and \nrecreational value of the lake.  \n\n \nColdwater River Watershed Implementation Plan - Draft 4/11/13 \n \n 24\n5.0 Conservation Practice Implementation \n \n5.1 Goal \n \nThe goals of the following implementation actions are to: \n1. Improve water quality in local water bodies  \n2. Improve water quality in downstream receiving waters \n3. Through monitoring and evaluation, provide answers to questions outlined in the \nDelta Nutrient Reduction Strategy. \n \n5.2 Participants \n \nAgencies/Organizations - Delta F.A.R.M., Delta Wildlife, FTN Associates, MS Department of \nEnvironmental Quality, MS Department of Wildlife, Fisheries, and Parks, MS Farm Bureau \nFederation, MS Soil and Water Conservation Commission, Mississippi State University, The \nNature Conservancy, Tunica County Soil and Water Conservation District, USDA- NRCS, \nUSDA-ARS National Sedimentation Laboratory, U.S. Army Corp of Engineers, U.S. \nEnvironmental Protection Agency, U.S. Geological Survey, and the Yazoo-Mississippi Delta \nJoint Water Management District \nProducers – Buddy Allen, Mike Boyd, Daniel Shannon \n \n5.3 Implementation  \n \nConservation practices are to be implemented on three project sites as identified in Figures 7-\n9.  Practices to be implemented include: \n \n tail-water recovery systems (two systems) \n land leveling (905 acres) \n water control structures (30) \n low grade weirs (2) \n two-stage ditch (3,850 linear feet) \n \n\n \nColdwater River Watershed Implementation Plan - Draft 4/11/13 \n \n 25\nThese practices address the three primary resource concerns of sediment/nutrient runoff and \nthe declining alluvial aquifer.  \n \nFigure 5. Coldwater River MRBI Watershed Project - Allen Site Map \n\n \nColdwater River Watershed Implementation Plan - Draft 4/11/13 \n \n 26\n \nFigure 6. Coldwater River MRBI Watershed Project – Shannon Site Map \n \n \n\n \nColdwater River Watershed Implementation Plan - Draft 4/11/13 \n \n 27\n \nFigure 7. Coldwater River MRBI Watershed Project – Boyd Site Map \n \n \n\n \nColdwater River Watershed Implementation Plan - Draft 4/11/13 \n \n 28\n5.4 Implementation Budget \n \nFunding for implementation of these conservation practices is provided by: \n \n Producers – Buddy Allen, Mike Boyd, Daniel Shannon \n USDA Natural Resource Conservation Service – Mississippi River Basin Initiative, \nCooperative Conservation Partnership Initiative, Agricultural Watershed \nEnhancement Program, and th"
}