{
  "slug": "muddy-bayou-opossum-bayou-9-key-element-plan-2022",
  "source": "Muddy_Bayou_Opossum_Bayou_9_Key_Element_Plan_2022.pdf",
  "length": 26102,
  "part": 2,
  "text": "ect partners to advance and implement this watershed-based plan. During this \neffort, resource agency partners will work with the Watershed Implementation Team and MDEQ \nProject Manager (where applicable), to perform the tasks identified below: \n  \n1. Work to develop, execute, and implement a Subgrant Agreement that specifies the \nroles, tasks, requirements, and milestones for project implementation. (Month 1) \n \n2. Facilitate, in coordination with MDEQ and other partners, meetings, media and social \nmedia promotion of the project, and coordinate activities to fully implement this plan.  \n(Months 1-36) \n \n3. Work with the Quitman and Tallahatchie County SWCDs, MSWCC, NRCS, and \nMDEQ to inform landowners and operators within the watershed about the project \nand work to secure commitments from priority area landowners and operators who \nare willing to participate in the project.  (Months 1-6) \n \n4. Work with the local SWCDs, MSWCC, NRCS, and MDEQ to determine through GIS \napplications and intensive site surveys the priority areas within the sub-watershed that \nare contributing significant pollutant loads.  All BMPs shall be installed in \n\nMuddy Bayou Watershed Plan GY2022 \n10 \n \naccordance with the guidelines developed in the latest edition of the NRCS Technical \nField Manual, or other approved guidelines.  (Months 1-36) \n \n5. Facilitate, in cooperation with MDEQ and other monitoring partners, the completion \nand implementation of an effective and efficient plan to monitor baseline water \nquality conditions in the watershed and track changes in water quality over time \nresulting from the BMPs implemented through this project.  (Months 3-36) \n \n6. Submit blank copies of standard maintenance agreements to MDEQ. (Months 3-36) \n \n7. Conduct inspections of BMPs during construction (Months 3-36) \n \n8. Coordinate with and support the local SWCD, MSWCC and NRCS in the collection \nof relevant GPS coordinates of all installed BMPs and incorporate this information \ninto a GIS format.  All geospatial data shall be collected in a manner consistent with \nthe Federal Geographic Data committee-endorsed standards.  (Months 3-36) \n \n9. Collect adequate photo documentation before, during, and after installation of the \napproved BMPs. (Months 3-36) \n \n10. Report measured, or estimated, nonpoint source pollutant load reduction, acreage \naffected, pre-and post- site conditions, and GIS data. (1-36) \n \nElement g:  Milestones and Outcomes \n \nMilestone Outcome Probable Completion \nDate \nCoordinate with the MDEQ, NRCS, \nMSWCC, and the Quitman and \nTallahatchie Co. Soil and Water \nConservation Districts to determine \npriority areas that are contributing \nsignificant pollutant loads to Muddy \nBayou \nTarget priority areas \nfor BMPs \nMonth 1-36 \nEstablish Watershed Implementation \nTeam.  \nEstablish WIT \n \nMonth 1-2 \nInitiate watershed monitoring Baseline Condition \nMonitoring \nMonths 1-12 \nMeet with landowners and cooperators \nto secure commitments to install BMPs \nin priority areas \nLandowner \nCommitment \nMonths 1-36 \nEstablish routine meeting schedule for \nWIT to support WBP revision \nWIT Meetings Months 1-36 \nImplement BMPs BMP Instillation Months 6-36 \n\nMuddy Bayou Watershed Plan GY2022 \n11 \n \nCoordinate with Landowners to inspect \nBMPs that were installed using Section \n319 funds \nBMP Inspection Months 6-36 \nBegin monitoring to collect data on \npost-BMP water quality \nPost-BMP Monitoring  Months 40-48 \nImplement education and outreach plan   Education/Outreach \nevents scheduled \nMonths 8-36 \nFinalize revised WBP Final Revised WBP Months 30-36 \n \nGoal: Reduce sediment and nutrient loads entering waters in the Muddy Creek Watershed that could \ncontribute to impairment in Opossum Bayou. \n \nElement h:  Load Reduction Evaluation \n \nMississippi’s water quality criteria do not include a water quality standard applicable to aquatic \nlife protection due to sediment or nutrients. However, a narrative standard for the protection of \naquatic life was interpreted to determine an applicable target for Opossum Bayou (TMDL \nMS269E) which serves as the receiving stream for the drainage from the Muddy Bayou \nWatershed. The narrative standard is that waters shall be free from materials attributable to \nmunicipal, industrial, agricultural, or other dischargers producing color, odor, taste, total \nsuspended solids, or other conditions in such degree as to create a nuisance, render the waters \ninjurious to public health, recreation, or to aquatic life and wildlife, or adversely affect the \npalatability of fish, aesthetic quality, or impair the waters for any designated uses.  In lieu of \nnumeric criteria for sediment, monitoring will be conducted to collect data on parameters that are \nconsidered surrogates for sediment concentrations and may include measurements for Total \nSuspended Solids, Total Suspended Sediment, and turbidity along with conventional parameters \ngenerally measured to determine aquatic health (e.g. Dissolved Oxygen, pH, Temperature, \nConductivity).  Water quality samples will be taken to measure total nitrogen and total \nphosphorus as well.  The following thresholds will be used to measure compliance with water \nquality criteria and/or target thresholds:   \n \nSuccess Measurement Thresholds: \nParameter Threshold \nDissolved Oxygen \nDaily Average of 5.0 mg/L; Instantaneous threshold of 4.0 \nmg/L \nDissolved Oxygen % \nSat. > 70% - < 125% \npH 6.0-9.0 \nTemperature Not to exceed 90°F \nSpecific Conductance Less Than 1000 micromhos/cm \nDissolved Solids \nMonthly average less than 750 mg/L; instantaneous \nthreshold less than 1500 mg/L \nChemical Oxygen \nDemand <50 mg/l \nTurbidity <100 NTU \n\nMuddy Bayou Watershed Plan GY2022 \n12 \n \nTotal Suspended Solids <80 mg/l \nTotal Nitrogen 1.05 mg/L  \nTotal Phosphorus 0.16 mg/L \n \nIt should be noted that recovery time of a stream is variable and may extend beyond the \ntimeframe identified in the workplan.  At the end of the project, data will be analyzed to \ndetermine if the data indicate improvements to water quality in Muddy Bayou.  In the event data \nindicate little or no positive change, a Stressor Analysis will be conducted to determine if any \nnew or additional stressors are preventing improvements to water quality.  If any new stressors \nare identified, the Watershed Implementation Team will identify future actions/activities to \naddress those stressors. \n \nElement i: Monitoring  \n \nPrior to BMP installation, pre-implementation water quality chemical monitoring will be \ncollected to serve as baseline data for the project along with any historical data available in \nMuddy Bayou. Water quality monitoring will include water chemistry data (nutrients, suspended \nsolids, oxygen demand, chlorides, etc.), in-situ field measurements for such parameters as \ndissolved oxygen, pH, temperature, specific conductance, and turbidity, datalogger (sonde) \ndeployment for continuous in-situ field measurement data. A list of this historical water quality \nmonitoring in the Muddy Bayou watershed is provided in the table below and the sample \nlocations are shown in Figure 2. \n \nStation \nID \nWater \nSample \nYear(s) \nCollecting \nAgency \nProject \nWater \nChem \nIn-\nSitu \nSonde Benthics \nBody \n113B47 \nMuddy \nBayou \n2012   MDEQ    D-BISQ    X     X \n \nX \n \nMonitoring locations will be selected using best professional judgment and will be targeted to \nreflect water quality downstream of BMP activity.  Once BMP installation is complete, and there \nhas been sufficient time for the stream to stabilize, post BMP monitoring will be initiated.  Post \nBMP monitoring will be conducted in a way that allows for comparison with the pre-\nimplementation data.  Because recovery periods of streams can be dependent on type and amount \nof BMPs installed, more than 1 year of post BMP data may be needed to observe a change in \nwater quality.  In some cases, it may take 5 or more years to see full benefits of BMPs. All data \ncollection efforts will be conducted using trained personnel following established Standard \nOperating Procedures and adhering to agency Quality Assurance protocols.   \n \n "
}