{
  "slug": "middle-porter-bayou-watershed-plan-2013",
  "source": "Middle_Porter_Bayou_Watershed_Plan_2013.pdf",
  "length": 108477,
  "part": 2,
  "text": "chael Muzzi, Ronnie Richard,  Lars Eli,  Michael Raconni,  \n Warren Satterfield,  Harper Ross \n• Mississippi Dept of Environmental Quality \n• Natural Resources Conservation Service  \n• Environmental Protection Agency  \n• Mississippi State University  \n• U.S. Army Corp of Engineers  \n• U.S. Geological Survey \n• Delta F.A.R.M. \n• Delta Wildlife  \n• Delta Council  \n \n \n \n \n \n \n \n \n1-  1\n\n \n \n \n \n \n \n \n \n \n2.0 WATERSHED DESCRIPTION \n \n \n2.1    Geography \n \nMiddle Porter Bayou is a tributary of the Sunflower River in northwest Mississippi (Figure 2.1). \nThe 20,039 acre Middle Porter Bayou Watershed (HUC # 080302070504) includes parts of Bolivar and \nSunflower Counties, Mississippi (Figure 2.1). The watershed is located in the Delta physiographic region, \n in the Mississippi Alluvial Plain Northern Holocene Meander Belts ecoregion. Geology in this area  \nconsists of mostly unconsolidated deposits of sands, silts, and clays dating back as far as the Pleistocene \n(Stewart 2003). \n Only one municipality exists in the watershed, the City of Shaw (Figure 2.1). Several smaller \ncommunities are scattered throughout the watershed including Choctaw and Fraizer. State Highways 61,  \n278, 442, and 448 pass through the watershed. Cleveland and Indianola  are two larger municipalities in  \nclose proximity (i.e., within 10 miles). \n \n \n \n2.2    Soils \n \nSoils in the Mississippi River Alluvial Plain physiographic region are primarily young \nsoils (inceptisols) formed on alluvium, and range from mildly acidic to mildly alkaline \n(Stewart 2003). The 20,039 acre watershed is diverse, ranging from frequently flooded areas \nwith heavy clay soils to well drained “cotton ground” with sandy loam soils. Alligator \n(poorly drained clay), Dundee (moderately to somewhat poorly drained fine sandy loam to silty \nclay loam), and Forestdale (somewhat poorly to poorly drained silty clay loam) soils are \npredominant throughout the watershed. \n \n \n \n \n \n \n \n \n \n \n \n \n \n \n \n \n \n \n \n2-  1\n\n \n \n \n \n \n \n \n \n \n \n \n  \n \n \n \n \n \n \n \n \n \n \n \n \n \n \n \n \n \n \n \n \n \n \n \n \n \n \n \n \n \n \n \n \n \n \n \n \n \n \n \n \n \n \n \n \n \n \n \n \n \n \n \n \n \n \n \n \nFigure 2.1. Middle Porter Bayou Watershed, Mississippi \n \n \n \n \n \n \n \n2-  2\n\n \n \n \n \n \n \n \n \n2.3    Hydrology \n \nThe tributaries of Middle Porter Bayou vary from roadside ditches and drainage canals to  \nUpper Porter Bayou proper which transitions to Middle Porter Bayou at Shaw, MS. Traveling  \ndownstream, the bayou meanders through parts of Bolivar and Sunflower Counties in a large  \n“horseshoe” fashion. Certain portions of the bayou are wide with gently sloping banks defined by  \ncypress trees, while other portions are extremely narrow with high, steep banks. Eventually, Middle  \nPorter Bayou transitions to Lower Porter Bayou which then empties in to the Sunflower River north  \nof Indianola, MS. Non-storm flows in Delta streams naturally decrease during summer months due to  \nlow rainfall. However, in the Middle Porter Bayou Watershed, irrigation water often supplements  \nsummer non-storm flows by providing a constant source of runoff throughout the growing season. \nThe watershed is characterized by poor drainage. The slow, meandering nature of the \nbayou has resulted in the accumulation of sediments and dense vegetation, both of which \nnegatively impact drainage. \n \n \n \n2.4    Land Use \n \nA map of watershed land use is shown in Figure 2.2. Production agriculture comprises about 89% \n(18,804 acres) of the w atershed. Soybeans are the dominant crop although; corn, cotton, and rice are all \ncommon. In addition to production agriculture, there are several hundred acres of open water mostly \ncomprised of Porter Bayou. There are also about three thousand acres of wetlands. The city of Shaw is the \nonly area of urban development within the watershed. \n \n \n \n2.5    Socioeconomics \n \n \n2.5.1    Demographics \n \n           According to the 2010 census, the population for Bolivar County was 34,145, and 29,450 for \n Sunflower County\n1\n. In Both counties the 2010 population was down from the 2008 estimated population. \n \n \n \n \n_________________________________________ \n1\nhttp://factfinder2.census.gov/faces/nav/jsf/pages/community_facts.xhtml \n \n \n \n2-  3\n\n \n \n \n \n \n \n \n \n \n \n2.5.2    Economy \n \nShaw, is the principal town within the Middle Porter Bayou Watershed. There are a few small  \nbusiness within the town but the principal industry in the watershed is production agriculture. In  \naddition to row crop agriculture, catfish farming is an important contributor to the economy of  \nSunflower County, and occurs in the Porter Bayou watershed (MSU 2009). The Delta region of  \nMississippi where Porter Bayou is located is classified as economically depressed. The estimated 2008  \nmedian household income for Bolivar County ($28,779) and Sunflower County ($28,266) were both  \nbelow the state median household income ($37,818), and were in the lowest 11% of the state\n2\n. \n \n \n \n \n \n \n \n \n \n \n \n \n \n \n \n \n \n \n \n \n \n \n \n \n \n \n \n \n \n \n \n \n \n \n \n \n \nFigure 2.2. Land use map of Middle Porter Bayou Watershed \n \n \n \n______________________________________ \n2\n http://www.census.gov/did/www/saipe/data/index.html \n \n \n \n2-  4\n\n \n \n \n \n \n \n \n \n2.6    Regulations \nFederal and state regulations that apply in the Porter Bayou watershed may be useful \ntools, or impediments to achieving the vision for the watershed. \n \n \n \n2.6.1    Federal \n2.6.1.1 Clean Water Act \n \n2.6.1.1.1. NPDES Point Sources \nThere is one NPDES permitted wastewater discharge that discharges in the Porter Bayou \nwatershed. The Shaw Publicly Owned Treatment Works (POTW) discharges in to Porter Bayou \n(permit # MS0024953)(enSearch, accessed June 2010). The Shaw POTW has a design flow \ncapacity of 0.36 MGD. \n \n \n \n \n2.6.1.1.2. NPDES Stormwater \nThe Middle Porter Bayou Watershed does not appear to be subject to MS4 storm water \npermitting under the Clean Water Act. Construction activities disturbing an area greater than \n1 acre are subject to NPDES stormwater regulations. \n \n \n \n2.6.1.1.3. 303(d) and TMDLs \nPorter Bayou was placed on the Mississippi 2006 Section 303(d) List of Impaired Water \nBodies (MDEQ 2007). Porter Bayou was listed due to evaluated causes of sediment/siltation, \norganic enrichment/low dissolved oxygen, nutrients, and total toxics (Figure 2.3). The Clean \nWater Act requires that total maximum daily load (TMDL) studies be completed for all water \nbodies included on the 303(d) list. Table 2.1 summarizes the TMDLs addressing Porter Bayou \nwater quality impairments that have been completed as of June 2010. Because these TMDLs \nhave been completed, Porter Bayou does not appear on the  2010 303(d) list (MDEQ 2010). \n \n \n \n \n \n \n \n \n \n \n \n \n \n \n2-  5\n\n \n \n \n \n \n \n \n \n \n \n \n \n \n \n \n \n \n \n \n \n \n \n \n \n \n \n \n \n \n \n \n \n \n \n \n \n \n \n \n \n \n \n \n \n \n \n \n \n \n \n \n \n \n \n \n \n \n \n \n \n \n \n \n \n \n \n \n \n \n \nFigure 2.3. Location of impaired waters in Middle Porter Bayou Watershed with completed TMDLs \n \n \n \n \n \n2-  6\n\nParameter TMDL Approval Date Source to be Reduced \nRecommended % \nReduction \nTotal nitrogen June 2008 NPS 84.05% \nTotal phosphorus June 2008 NPS 95.17% \nSediment April 2008 NPS NA \nLegacy pesticides November 2005 NPS NA \n \n \n \n \n \n \n \n \n \n \nTable 2.1. TMDLs for Porter Bayou \n \n \n \n \n \n \n \n \n \n \n \n2.6.1.1.4. Navigable Waters \nSeveral sections of the Clean Water Act deal with controlling impacts to navigable \nwaters. Section 404 of the Clean Water Act controls the placement of dredge or fills materials into \nwetlands and other waters of the US. Section 401 of the Clean Water Act requires MDEQ to \ncertify that a project requiring a Section 10 (see 2.6.1.2) or Section 404 permit will not violate \nthe state water quality standards. These sections of the Clean Water Act require that impacts to \nqualifying waterbodies be avoided or minimized. Where impacts are unavoidable, mitigation \nmay be required. Qualifying waterbodies include wetlands and “Other Waters of the US”. The \nbasic definition for Other Waters of the US, for the purpose of Section 404, is any waterbody \nthat displays an ordinary high water mark (OHWM). This includes lakes and ponds that have a \nhydrological connection to a qualifying waterbody, and perennial, intermittent, or ephemeral \nstream channels which exhibit an OHWM. The US Army Corps of Engineers (USACE) \nadministers the regulations associated with both of these sections. \nThe USACE issues two types of permits under Section 404; Individual Permits and \nNationwide Permits (NWPs). Individual Permits are required when 1) impacts to wetlands \nexceed 0.5 acre, and/or 2) greater than 300 linear feet of a qualifying waterbody is to be \nimpacted. This Individual Permit includes a period of public review, and processing generally \ntakes between 60 and 120 days. The processing time can be greater if public hearings or \nenvironmental statements are required, or if all required information on the permit application \nform is not provided. NWPs are general permits typically used when minor impacts are \nnecessary to wetlands (less than 0.5 acre) or a qualifying waterbody (any impacts less than \n300 linear feet). Processing time is generally less and no public review period is necessary. \n \n \n \n \n \n \n2-  7 \n\n \n \n \n \n \n \n \n \nMitigation for both wetland losses or stream function and value losses may be required \nby the USACE for a project authorized under either an individual or nationwide permit. The \nextent of the mitigation is dependent upon the size, quality, and functionality of the wetland or \nwaterbody to be impacted. \n \n \n \n2.6.1.2 Rivers and Harbors Act \n \nSection 10 of the Rivers and Harbors Act regulates activities that have the potential to \nobstruct navigation in waters of the US, including wetlands. \n \n \n2.6.1.3 Farm Bill \n \nUnder the Federal Food Security Act (Farm Bill), initially passed in 1985, all US farm \noperators are required to follow soil and wetland conservation guidelines specified in the law \n(i.e., Sodbuster and Swampbuster programs). Compliance with these guideline is a prerequisite \nfor participation in most federal farm programs. Subsequent amendments to the Farm Bill have \nadded programs that provide incentives to farm operators for enhancing water quality through \nsuch actions as taking highly erodible lands out of production, and restoring wetlands. One such \nprogram is the Mississippi River Basin Healthy Watersheds Initiative (MRBI). The MRBI is \nbeing implemented through NRCS programs funded by the Farm Bill, including the Cooperative \nConservation Partnership Initiative, Wetlands Reserve Enhancement Program, and Conservation \nInnovation Grants. The Middle Porter Bayou Watershed is a target sub-watershed of the Sunflower \nRiver watershed for the MRBI. \n \n \n \n2.6.1.4 National Flood Insurance Program \n \nThe National Flood Insurance Program (NFIP) is a non-regulatory federal program, \nwhich is administered by the Federal Emergency Management Agency (FEMA). However, this \nprogram provides mechanisms that can be used to restrict development in floodplains, which can \nhave beneficial effects on water quality. The NFIP supports development and enforcement of \n \n \n \n \n \n \n \n \n \n2-  8\n\n \n \n \n \n \n \n \n \nfloodplain management plans and ordinances. All of the unincorporated areas of Bolivar and \nSunflower Counties participate in the NFIP, as well as the City of Shaw\n3\n. \n \n \n2.6.1.5 Safe Drinking Water Act \n \nAll drinking water systems serving 25 people or more are considered public drinking \nwater systems and are subject to EPA regulation through the Safe Drinking Water Act. Elements \nof the Safe Drinking Water Act include the Enhanced Surface Water Treatment Rule, Disinfection \nByproducts Rule, and the requirement for Source Water Assessment and Protection. In Mississippi,  \nthe Safe Drinking Water Act is administered by the Mississippi State Department of Health. The lists  \nof public water utilities provided on the Mississippi State Department of Health website indicate that  \nthere is one public water utility serving the residents of the Porter Bayou watershed – the Town of  \nShaw\n4\n. According to the EPA Safe Drinking Water Information System, the Shaw utility water source  \nis groundwater, it serves 2,319 people, and the only drinking water quality standard violation was for  \nfecal coliforms in 2002\n5\n. \n \n \n \n2.6.2    State \n2.6.2.1 Water Quality Standards \n \nThe water use classifications are established by the State of Mississippi in the document \nState of Mississippi Water Quality Criteria for Intrastate, Interstate, and Coastal Waters (MDEQ, \n2007). The designated beneficial use for Middle Porter Bayou is Fish and Wildlife (MDEQ 2008).                 \nThe water quality standard applicable to the use of the water body and the pollutant of concern is \n defined in the State of Mississippi Water Quality Criteria for Intrastate, Interstate, and Coastal Waters \n(MDEQ,2007). Mississippi’s current standards contain a narrative criteria that can be applied to nutrients \nwhich states “Waters shall be free from materials attributable to municipal, industrial, agricultural, \nor other discharges producing color, odor, taste, total suspended or dissolved solids, sediment, \nturbidity, or other conditions in such degree as to create a nuisance, render the waters injurious to \npublic health, recreation, or to aquatic life and wildlife, or adversely affect the palatability of fish, \naesthetic quality, or impair the waters for any designated use (MDEQ, 2007).” \n \n \n \n3 http://www.msema.org/insurance/floodplain.html \n4 http://msdh.ms.gov/msdhsite/_static/30,0,76,256.html \n5 http://oaspub.epa.gov/enviro/sdw_form_v2.create_page?state_abbr=MS \n \n \n2-  9\n\n \n \n \n \n \n \n \n \nThe standard for dissolved oxygen states, “DO concentrations shall be maintained at a \ndaily average of not less than 5.0 mg/l with an instantaneous minimum of not less than 4.0 mg/l.” In \naddition, the State water quality standard regulations include a natural condition clause which was \nused in the TMDL to determine the appropriate DO for Porter Bayou under critical conditions. \nNatural conditions are defined as background water quality conditions due only to non-anthropogenic \nsources. The DO numeric criteria apply specifically with regard to substances attributed to sources \n(discharges, nonpoint sources, or instream activities) as opposed to natural phenomena. Waters may \nnaturally have characteristics outside the limits established by these criteria. Therefore, naturally \noccurring conditions that fail to meet criteria should not be interpreted as violations of these criteria \n(MDEQ 2007). \n \n \n2.6.2.2 Highway Construction Runoff \n \nThe Mississippi Department of Transportation (MDOT) is responsible for implementation \nof erosion and sediment control practices on highway construction. MDOT is required to apply to \nMDEQ for a Certificate of Permit Coverage for construction projects to be permitted through the \nstate construction storm water general permit. As of August 9, 2013, there are no active water \npermits for highway construction in the Middle Porter Bayou Watershed (MDEQ enSearch) \n \n \n \n2.6.2.3 On-Site Wastewater Treatment Regulations \n \nState regulations addressing on-site wastewater treatment systems are administered \nthrough the Mississippi State Department of Health. Regulations are in place to address single- \nfamily residence on-site wastewater treatment systems, as well as on-site systems serving \nrecreational vehicle campgrounds, developments, and multi-family dwellings. These regulations \nrequire approval and certification of all new installations of on-site wastewater treatment \nsystems, including replacement of old systems. Certification is not required for systems in use \nprior to enactment of the regulations, providing they meet criteria specified in the regulations.\n6\n \n \n \n \n \n \n \n \n \n \n_______________________________________________ \n6\n http://www.msdh.ms.gov/msdhsite/_static/30,0,78.html \n \n \n \n2-  10\n\n \n \n \n \n \n \n \n \n2.6.2.4 Fish Consumption Advisories \n \nFish tissue sampling is conducted by MDEQ for the purpose of identifying potential \nhuman health threats. These data are used by a multi-agency task force to evaluate the need for \nfish consumption advisories in Mississippi. Porter Bayou is included in the Delta-wide \nconsumption advisory for toxaphene and DDT. This advisory recommends that people limit \nconsumption of carp, buffalo, gar, and catfish larger than 22 inches to no more than one meal \nevery two weeks (MSDH 2001). \n \n \n \n2.6.2.5 Water Withdrawals \n \nUnder Mississippi law, all wells drilled with a casing diameter of 6 inches or greater are \nrequired to have a water use permit. In addition, water use permits are required for surface water \nwithdrawals, and construction of water storage impoundments. Permits are good for 10 years. \nThe Yazoo Mississippi Delta Joint Water Management District (YMD) is responsible for \nprocessing water use permits in the Delta, including the Middle Porter Bayou Watershed. Water use \npermits are issued by the MDEQ State Permit Board. Stakeholders are concerned about requirements \nto meter groundwater withdrawals because of future implications. \n \n \n \n \n2.7    Existing Management \n \nNumerous drainage improvement efforts have been made over the years, and intense \nefforts are ongoing, including; 1) Stream Bank Restoration, and 2) Alligator Weed Control and \nEradication. Numerous sediment reducing BMPs have been voluntarily implemented throughout the \nwatershed. Sediment reducing measures are also an integral part of the above projects. \nThe NRCS has sponsored watershed protection and flood prevention work in the \nwatershed starting in 2003 under the authority of (CFR 68(10): 2007 and Environmental Quality \nIncentives Program [EQIP] 7 CFR Part 1466). Middle Porter Bayou is primarily used for agricultural \ndrainage and as a source for irrigation water. \n \n \n \n \n \n \n \n \n \n \n \n2-  11\n\n \n \n \n \n \n \n \n \n \n3.0 RESOURCES AND CONDITION \n \n3.1    Water Quality \n \nUSGS and MSU began water quality sampli"
}