{
  "slug": "magees-creek-watershed-plan-2007",
  "source": "Magees_Creek_Watershed_Plan_2007.pdf",
  "length": 55428,
  "part": 2,
  "text": "oultry Houses.  \n \n  These BMPs will be installed by cooperating landowners in the watershed.  \nThe program that these BMPS will be installed under is the MSWCC cost-share \n\n 18 \nprogram. The Natural Resources Conservation Service (NRCS) will provide the \ntechnical/planning assistance for this project.  Most of the BMPs that will be installed \nthat are permanent structures must be maintained by the landowner for a period of \n10 years.  NRCS identified landowners in the watershed that had agricultural land \nusing maps provided by the Mississippi Department of Environmental Quality \n(MDEQ).   \n \n \nD. Project Tracking/Assessment of Progress \n \n The Magees Creek 319 project began in October 2005 and is scheduled to \nend August 2008.  The milestones for the Magees Creek Watershed 319 project are \nlisted below:  \n \n1. Sign grant contract with MS Department of Environmental Quality.  (Month 0) \n \n2. Determine priority areas that are contributing significant pollutant loads in the \nwatershed. This will be carried out with assistance from the Magees Creek \nWIT.  (Month 1) \n \n3. Issue policies and procedures for implementing the project to the SWCD \noffice. (Month 1) \n \n4. Meet with the board of SWCD commissioners to get their understanding of \ntheir responsibilities and participation. (Month 2) \n \n5. Provide training to district staff. (Month 2-3) \n \n6. Assist in establishing an evaluation system in conjunction with the MS \nDepartment of Environmental Quality to indicate the benefits of the project. \n(Month 2-3) \n \n7. Conduct a landowner meeting to inform potential participants about the \nproject. (Month 3)     \n \n8. Secure commitments from several landowners and operators who are willing \nto participate in the project. (Month 3-4)  \n \n9. Assist participants in developing a conservation plan and applying best \nmanagement practices. (Month 4-12) \n \n10. Establish at least one demonstration farm. (Month 4-12)  \n \n11. Document pre-existing site conditions. (Before and after photo documentation \nwill be conducted). (Month 2-12) \n\n 19 \n \n12. Accelerate conservation planning and application assistance.  Special effort \nwill be made to complete conservation plans during this time frame.  \n (Month 13-24) \n \n13. Conduct at least one informational field day/tour to inform the public about the \nproject. (Month 13-24) \n \n14. Establish at least one demonstration farm. (Month 13-24) \n \n15. As requested, assist MDEQ with evaluations. (Month 0-36) \n \n16. Collect GPS coordinates and other data required by MDEQ on all BMPs \ninstalled in the project. (Month 0-36) \n \n17. Assemble data on the amount of soil saved. (Month 0-36)  \n \n18. Erect project roadside signs which designate where water quality practices \nare in progress or have been completed. (Month 4-36) \n \n19. Provide continued conservation planning and application assistance to \nparticipants. (Month 25-36) \n \n20. Review the status of applying best management practices to reach the \nobjectives of the project. (Month 25)  \n \n21. Based upon the needs and finding of milestone 18, assistance in planning \nand/or application will be redirected and/or accelerated. (Month 25-36) \n \n22. Publish at least four articles about the project. (Month 0-36) \n \n23. Publicity of the project will be increased; at least one field day/tour will be \nconducted and at least 1,000 fact sheets will be developed and distributed. \n(Month 25-36)  \n \n24. Bi-annual reports will be made to MDEQ. (Month 0-36) \n \n25. Make final report to MDEQ. (Month 36) \n \n \n \n \n \n \n\n 20 \nE. Desired Results/Benefits \n The desired benefit of this project will be to reduce the fecal coliform loading \nby 45% to implement the TMDL.  Hopefully, this will reduce the pathogen loadings \nsufficiently enough to  remove Magees Creek from the state’s 303(d) list. \n \nF. Roles/Responsibilities \n There are several different groups with responsibilities in this watershed.  \nMSWCC has the responsibility and role of handling all payments and recordkeeping \nthat goes along with the 319 project.  The Walthall County Soil and Water \nConservation District and the local NRCS staff have the role of technical assistance \non the project.  Landowners have the responsibility of implementation of BMPs in the \nproject area.  The Magees Creek Watershed Implementation Team has the role of \nhelping compile all the information needed to write the Watershed Implementation \nPlan.  MSWCC also has the responsibility of compiling all the information and writing \nthe initial plan for the watershed. \n \nG. Budget \n The table below shows a list of potential Best Management Practices to be \ninstalled with the 319 grant.   \nTable 8.1 Funded 319 Project Budget for BMPs \nPractice Area \nAffected \nBMP \nCost \nBMP Total \nCritical Area Planting 25 acres $200/ac $5,000 \nGrade Stabilization Structure 5 structures $1,500/ea $7,500 \nPasture & Hayland Planting 75 acres $100/ac $7,500 \nWater and Sediment Control \nBasin \n3 basins $2,500/ea $7,500 \nNutrient Management 500 acres $154/ac $77,000 \nLivestock Watering Pond 10 ponds $3,000/ea $30,000 \nTank/Trough 10 tanks $2,000/ea $20,000 \nStream Crossing 5 crossings $3,000/ea $15,000 \nFencing 40,000 feet $1.10/ft $44,000 \nWaste Treatment Lagoon 2 lagoons $17,000/ea $34,000 \nWaste Storage Facility 2 facilities $17,000/ea $34,000 \nComposting Facilities 4 facilities $17,000/ea $68,000 \nGrassed Waterways 5 acres $500/ac $2,500 \nPrescribed Grazing 200 acres $11/ac $6,600 \nIncinerator 5 units $5,500 $27,500 \nTree Planting 100 acres $94/ac $9,400 \nAlum Treatment in Poultry Houses 36 houses $2000/ea $72,000 \nConservation Cover 200 acres $176/ac $35,200 \nChiseling and Subsoiling 200 acres $10/ac $2,000 \nTotal   $504,700 \n\n 21 \nTable 8.2 Contractual Services for BMP Design \nItem Cost \nContractual Services for BMP Design $8,333 \nTotal $8,333 \n \nTable 8.3 Technical Assistance \nItem Cost \nTechnical Assistance $25,000 \nTotal $25,000 \n \n \n \n \n \n \n \n \n \n \n \n \n \n \n \n \n \n \n \n\n 22 \nIX. EDUCATION/OUTREACH ACTIVITIES \n \nA. Educational Activities to be Implemented \n \n The overall objective of community education in the Magees Creek watershed \nis to develop an atmosphere that promotes sustained, long-term protection and \nimprovement of aquatic resources in the watershed. Specific objectives of \neducation efforts in the watershed include the following. \n \n• Increase public awareness of the value of clean water. \n• Increase public awareness of how common activities affect water \nquality and critical flora and fauna. \n• Increase public awareness of how BMPs can be used to reduce \nnegative water quality and habitat effects. \n• Increase public awareness of the long term environmental and \neconomic advantages of protecting and improving water quality and \nhabitat in the Magees Creek watershed. \n \n1. Signage \n  Signs identifying the BMPs that have been installed will be erected in \nareas where they will be visible and landowners will allow the signs to be \nerected. \n \n  Primary partners- Mississippi Soil and Water Conservation \n Commission, Mississippi Department of Environmental Quality, Walthall \n County Soil and Water Conservation District, Natural Resources \n Conservation Service, and Environmental Protection Agency. \n \n a. Indicators   \n  \nThere will be field days held to show other landowners and the  \n interested public these BMPs.  Participants will be counted at these field  \n days.  Also, these signs will be seen by individuals riding through the \n watershed.  We have no way of documenting the number of people who will \n actually see these BMP signs while traveling.  \n \n \n\n 23 \n b. Schedule \n  \nThe BMP signs will be erected as practices are completed and  \n  landowners agree to placing the signs on their property. \n \n c. Budget  \nTable 9.1 Projected Costs for Signage. \nItem Unit Cost Total Cost \nSigns 20 $100.00 $2,000.00 \nTotal   $2,000.00 \n \n \n2. Field Days \n There will be at least two field days held to highlight the BMPs that have been \ninstalled during the project period.  This will allow other landowners and the \ninterested public to view some of the practices that are being installed to benefit \nwater quality in the watershed. \n \n \n Primary partners- Mississippi Soil and Water Conservation Commission, \nMississippi Department of Environmental Quality, Walthall County Soil and Water \nConservation District, Natural Resources Conservation Service ,and  \nEnvironmental Protection Agency \n \n a.    Indicators \n  \nAttendance at these field days will be documented and reported to \n MDEQ. The number of BMPs implemented as a result of that landowner  \n attending the field day will also be documented. \n \n b. Schedule \n  \nField days in the watershed will take place in 2007-2008. \n  \n  \n \n\n 24 \nc. Budget \nTable 9.2 Projected Costs for Field Days. \nItem Units Cost Total Cost \nEvent Flyers 375 .80/each $300.00 \nMailing/Delivery 375 .39/each $146.25 \nMiscellaneous \n(facilities, supplies) \n2 $6,6110.37 $13,220.74 \nTotal   $13,667.00 \n  \n3. Fact Sheets \n  A fact sheet will be developed at the end of the project.  This fact sheet \nwill contain information about the watershed, the number  and type of BMPs that \nwere installed, the number of tons of soil being saved, and the number of acres \nimpacted by the BMPs. \n \n Primary Partners- Mississippi Soil and Water Conservation Commission, \nWalthall County Soil and Water Conservation District, and Natural Resources \nConservation Service. \n \n a.    Indicators \n  Fact sheets will be handed out at the final field day and will also be \n available in the district office.   \n \n b. Schedule \n  \nThe fact sheet will be developed once all BMPs are in place to get a \n total on all tons of soil saved, the correct number of BMPs installed, and the \n total number of acres affected by the project. \n \n c. Budget    \nTable 9.3 Projected Costs for Fact Sheets. \nItem Unit Cost Total Cost \nPrinting 1,000 1.00/each $1,000.00 \nTotal   $1,000.00 \n\n 25 \n4. Adopt-A-Stream \n  There will be at least one Adopt-A-Stream workshop conducted for the \nwatershed.  Adopt-A-Stream is a program that promotes environmental \nstewardship through training workshops, outdoor field activities, and by \nintroducing participants to watershed action projects.  One and two-day \nworkshops inform participants about watershed topics such as stream health, \nstream ecology, aquatic life and water chemistry.  \n \n Primary Partners- Mississippi Department of Environmental Quality and \nMississippi Wildlife Federation. \n a. Indicators \n  \nThe number of participants for the workshop will be documented.           \n Also, the number of participants that move forward with the stream stewardship \n project will be documented. \n \n b. Schedule \n  \nThis workshop will take place before August 2008. \n   \n c. Budget \nTable 9.4 Projected Costs for Adopt-A-Stream Workshop. \nItem Unit Cost Total \nCost \nAdopt A Stream \nWorkshop \n1 day \nworkshop \n$1,500.00 $1,500.00 \nTotal   $1,500.00 \n \n \n5. Project Learning Tree \n  At least one Project Learning Tree (PLT) workshop will be held for the \nwatershed.  PLT is an award winning education program designed for teachers \nand other educators, parents, and community leaders working with youth from \npre-K to 8\nth\n grade. PLT activity guides and modules are not sold, but are earned \nby educators who attend a six-hour workshop.  The PLT activity guide is a 400 \npage book containing 96 activities written in the form of lesson plans.  PLT’s goal \nis to “teach students HOW to think, not WHAT to think about environmental \nissues.” \n\n 26 \n  Primary Partners- Mississippi Department of Environmental Quality and \nMississippi Forestry Commission. \n \n a.    Indicators \n  The number of participants for the workshop will be documented. \n \n b. Schedule \n  \nThis workshop will take place before August 2008. \n \n c.   Budget \nTable 9.5 Projected Costs for Project Learning Tree. \nItem Unit Cost Total \nCost \nPLT Workshop 1 workshop $1,350.00 $1,350.00 \nTotal   $1,350.00 \n \n \n6.    Watershed Harmony Puppet Show \n  At least one Watershed Harmony puppet show will be held in the \nwatershed.  Watershed Harmony is a musical puppet performance aligning with \nthe fourth and fifth grade Mississippi Framework and National Science \nStandards.  Audiences of all ages will delight in environmental stewardship \nthrough this toe tapping musical.  Performances are not only enjoyed by school \ngroups, but also by adults attending teacher workshops, civic clubs, and \nconferences.  This program serves to inform, excite, and enlist the help of \ncitizens in an ongoing effort to promote water quality in their communities. \n \n Primary Partners- Mississippi Department of Environmental Quality and \nBayou Town Productions. \n \n a.    Indicators \n The number of participants will be documented and submitted to \nMDEQ.   \n \n\n 27 \n  \n b. Schedule \n  \nWatershed Harmony will be presented before August 2008. \n \n c. Budget \nTable 9.6 Projected Costs for Watershed Harmony Puppet Show \n Item Unit Cost Total \nCost \nWatershed Harmony Puppet Show 1 show $500.00 $500.00 \nTotal   $500.00 \n \n \n \n7. Total Projected Cost of Education/Outreach Activities \n  \nTable 9.7 Total Projected Education Budget  \nItem Unit Cost Total Cost \nSignage   $2,000.00 \nField Days   $13,667.00 \nFact Sheets   $1,000.00 \nAdopt-A-Stream   $1,500.00 \nProject Learning Tree   $1,350.00 \nWatershed Harmony Puppet Show   $500.00 \nTotal   $20,017.00 \n \n \n \n \n \n \n\n 28 \n8. Total Budget for Magees Creek Watershed   \n  Implementation Plan \n \n Table 9.8 Magees Creek Watershed Implementation Plan Total Budget \nItem Total Cost \nBMPs $504,767.00 \nContractual Services $8,333.00 \nTechnical Assistance $25,000.00 \nEducation $20,017.00 \nTotal $558,117.00 \n \n \n \n \n \n \n \n \n \n \n \n \n \n \n \n \n \n \n \n \n \n\n 29 \nX. EVALUATION \n \nA. Plan Evaluation Procedure \n \nThis watershed implementation plan will be evaluated and revised every five \nyears or on an as needed basis.  The evaluation of this plan will be organized by \nthe Magees Creek Implementation Team (see Chapter II)  .   At this time, the \nImplementation Team will develop a detailed schedule for review and revision of \nthis watershed implementation plan. The Implementation Team members will be \nresponsible for notifying their stakeholders of the opportunity to propose changes \nto the watershed implementation plan. One month will be allowed for notification of \nstakeholders. \n The plan will be evaluated by the Team, or their designee, and any  interested \nstakeholders. One month will be allowed for evaluation and submittal of comments. \nTherefore, comments will be due two months after the evaluation  procedure is \ninitiated. The plan will be evaluated in two ways. First, to determine if the plan \ngoals have been achieved, and second, to determine if it reflects the current \ncondition of the watershed, state of science, and issues in the watershed. \n \n \n \nB. Implementation Evaluation Strategy \n \n  The monitoring that will take place on this project will include the \nfollowing: \n• Before and after photo documentation on a representative \n sample of the BMPs installed, \n• Before and after soil loss collection on each BMP installed, and \n•  An R5 Load Estimation Model Field Data Entry Sheet \n completed on each BMP installed.  \n Agencies responsible for implementing management activities will track \nimplementation and provide annual reports to the Basin Group III Coordinator. \nProgress will be assessed based on meeting the scheduled management activity \nmilestones outlined in Chapter VIII. Success of Section 319 funded projects in \nthe watershed will be evaluated based on the criteria specified in the project \nproposals (Appendix B). \n During 2009, the Assessment year of the Basin Group III Basin Management \nCycle, progress towards the goals of this watershed implementation plan will be \nassessed. Water quality data, as well as information on activities occurring in the \n\n 30 \nwatershed and stakeholder concerns collected during the period from 2005 \nthrough 2008, will be utilized. The criterion that will be used to determine \nprogress toward plan goals is achievement of all state water quality criteria in \npreviously impaired stream segments. Not meeting this criterion warrants \ninvestigation of the effectiveness of implementation of management practices, \nand/or the effectiveness of the management practices. \n \n \n \n \n \n \n \n \n \n \n \n \n \n \n \n \n \n \n \n \n \n \n \n \n \n \n \n\n 31 \nXI. PLAN REVISION \n \nA. Plan Revision Procedure \n \n After evaluation, the watershed implementation team  will prepare a revised \nwatershed implementation plan incorporating the changes requested by the \nreviewersafter five years. At this point it may be necessary to call a meeting to \nreconcile any conflicting comments or requests for change.  \n If the evaluation criteria are all being met in Magees Creek surface waters, \nthe watershed implementation plan will be revised to address a different \nrestoration issue or issues, or to protect the water quality of the watershed. If the \nevaluation criteria for the watershed are not being met, the approach for restoring \nMagees Creek watershed will be revised based on the knowledge that has been \ngained since 2005.  \n The draft watershed implementation plan will be submitted to the \nImplementation Team, and all others who submitted comments. Within two \nweeks of receiving the draft watershed implementation plan, the Implementation \nTeam will notify their stakeholders of the availability of the revised watershed \nimplementation plan for stakeholder review. One month will be allowed for review \nof the draft. Comments will be due at the end of this review period. \n Within a month after the comments on the draft watershed implementation \nplan are received, MDEQ will prepare a DRAFT watershed implementation plan. \nThe DRAFT watershed implementation plan will be submitted to the \nImplementation Team for review and approval. After the DRAFT watershed \nimplementation plan has been approved, the Implementation Team will notify \ntheir stakeholders of the completion and availability of the"
}