{
  "slug": "ross-barnett-reservoir-watershed-plan-2011",
  "source": "Ross_Barnett_Reservoir_Watershed_Plan_2011.pdf",
  "length": 1021493,
  "part": 52,
  "text": " and require a higher frequency of maintenance than wet ponds. \n\nAppendix O  \nGreen Infrastructure Resources October 31, 2011 \n \n \n \nO-11 \nStormwater retention ponds require a significant amount of space, which can be a \nlimiting factor in retrofitting. Some cities have allowed sharing of stormwater retention ponds \n(Flowood and Madison). Shared stormwater retention ponds reduce construction costs and allow \nfor a large enough contributing drainage area to maintain desired pool elevations in wet ponds. \n \n4.3      Constructed      Wetlands      \nConstructed stormwater wetlands are another option for managing stormwater. These \nsystems are highly recommended because they are among the most effective stormwater \ntreatment practices in terms of pollutant removal, and also offer aesthetic value and wildlife \nhabitat. Constructed wetlands have limitations due to land requirements and costs (typically \n25% higher than stormwater ponds). Constructed stormwater wetlands work best in soils that \nhave water holding capacity (types C and D). \n \n4.4 Streamside Buffer Zones \nStreamside buffer zones (also called riparian buffers) are natural or constructed low-\nmaintenance ecosystems adjacent to surface waterbodies, where trees, grasses, shrubs, and \nherbaceous plants function as a filter to remove pollutants from overland stormwater flow prior \nto discharge to receiving waters, and they function to stabilize banks. Maintaining a vegetated \nbuffer or setback along creeks, streams, and rivers provides an attractive landscape and can \nimprove water quality by removing sediment and chemicals before they reach the waterway. In \naddition, buffers provide flood control, help recharge groundwater, prevent soil erosion, and \npreserve or improve certain types of wildlife habitat. \nRegulatory controls to prevent disturbance of riparian buffer zones near perennial streams \nare an important protection strategy for the Reservoir watershed. MDEQ’s Large Construction \nStorm Water General Permit (issued January 2011) recommends maintaining a 150-ft buffer \nzone between the land disturbance and any perennial waterbody\n14\n. EPA has proposed a new \ngeneral National Pollutant Discharge Elimination System (NPDES) permit for discharges from \nconstruction activities. If approved, this permit would require a 50-ft buffer of undisturbed \n                                                \n \n14\n http://deq.state.ms.us/MDEQ.nsf/page/epd_epdgeneral?OpenDocument \n\nAppendix O  \nGreen Infrastructure Resources October 31, 2011 \n \n \n \nO-12 \nnatural vegetation between the disturbed areas of a construction site and any water of the state. In \nlieu of a buffer zone, the developer will be required to provide sediment and erosion controls that \nachieve the equivalent pollution load reduction of a 50-ft buffer\n15\n. \n \n4.5      Level      Spreaders      \nLevel spreaders are used to distribute concentrated runoff onto vegetated areas (restored \nriparian buffers and open space), so that it can be treated via infiltration and evaporation. Since it \nuses infiltration to treat stormwater, this practice works best in areas with type B soils. \n \n4.6 Vegetated Filter Strips and Water Quality Swales \nVegetated filter strips provide treatment for stormwater running off parking lots and other \nimpervious areas. In areas where slopes permit and water velocities are slow enough to prevent \nscouring, water quality swales or grassed swales should be used to convey stormwater in place of \nconcrete structures. Water quality swales are more expensive to build and maintain than grassed \nswales, but have higher pollutant removal rates than grassed swales. \n \n4.7      Cluster      Development      \nCounty zoning ordinances in Madison and Rankin Counties allow cluster development in \nareas zoned as Planned Urban Development (PUD) districts. PUDs allow for reduced length of \nroads and utility rights-of-way through clustering of housing. PUD districts are superimposed \nover residential developments and must maintain the density requirements of the residential zone \nover which they are imposed. However, minimum lot size and width can be reduced and \nremaining land reserved in contiguous tracts of common open space for use by residents. The \nrequirement in Rankin County is that 20% of the developed area be preserved as common open \nspace.\n16\n However, there are no restrictions on the amount of this area that must be kept as green \nspace. \n \n                                                \n \n15\n http://cfpub.epa.gov/npdes/stormwater/cgp.cfm \n16\n Zoning Ordinance of Rankin County, Mississippi 2004. Revised December 2010. Prepared by Central Mississippi \nPlanning and Development District. Available online at www.cmpdd.org.  \n\nAppendix O  \nGreen Infrastructure Resources October 31, 2011 \n \n \n \nO-13 \n4.8      Overlay      District      \nOverlay districts are commonly used to retain certain landuses and architectural \nguidelines within a specific area. They are also commonly used to protect drainage areas of \nsurface water supplies used for drinking water (Kitchell, no date). There is presently a citizen \ngroup interested in developing an overlay district in the developed area near the Reservoir within \nRankin County. Although the main intent of this group is to develop guidelines to maintain \narchitectural guidelines and landuse controls, additional requirements to protect source water \ncould also be incorporated. It is recommended that Rezonate project managers coordinate with \nthis citizen group regarding the overlay district. \n \n4.9      Other      Stormwater Control Measures \nOther green infrastructure stormwater controls applicable to the Reservoir watershed \ninclude rain barrels, green roofs, preservation of green spaces and trees, and BMPs for fertilizer \nand herbicide application. Fact sheets that fully describe these measures are included in \nAppendix N of the Comprehensive Protection and Restoration Plan for the Ross Barnett \nReservoir Watershed, Mississippi. \n \n\nAppendix O  \nGreen Infrastructure Resources October 31, 2011 \n \n \n \nO-14 \n5.0 REFERENCES \n \nKitchell, A. 2001. Managing Lakes for Pure Drinking Water. Watershed Protection \nTechniques 3(4). Center for Watershed Protection. Online at \nhttp://www.cwp.org/documents/cat_view/74-articles-from-watershed-protection-\ntechniques-special-issue-on-urban-lake-management.html. \n\n \n \n \n \n \n \n \n \n \n \n \n \n \nAPPENDIX P \n \nSEDIMENT BUDGET FOR \nMILL-PELAHATCHIE HUC12 WATERSHED \n\nAppendix P  \nSediment Budget for Mill-Pelahatchie HUC12 Watershed October 31, 2011 \n \n \n \ni \nTABLE OF CONTENTS \n \n1.0       INTRODUCTION       ...........................................................................................................       P-1 \n2.0 RURAL, UPLAND EROSION ....................................................................................... P-4 \n2.1 GWLF Model Setup ............................................................................................. P-4 \n2.2 GWLF Model Results .......................................................................................... P-8 \n3.0       GULLY       EROSION       ........................................................................................................       P-10 \n4.0 CONSTRUCTION AND SURFACE MINE SITES ..................................................... P-12 \n4.1 Disturbed Area ................................................................................................... P-12 \n4.2 Sediment Concentrations in Runoff ................................................................... P-13 \n4.3 Runoff from Construction and Mining Sites ..................................................... P-13 \n4.4 Estimated Sediment Load from Construction and Mining Sites ....................... P-14 \n5.0 MEASURED SEDIMENT LOAD ................................................................................ P-15 \n6.0       CONCLUSIONS............................................................................................................       P-17 \n7.0       REFERENCES       ..............................................................................................................       P-19 \n \n \n\nAppendix P  \nSediment Budget for Mill-Pelahatchie HUC12 Watershed October 31, 2011 \n \n \n \nii \nLIST OF TABLES \n \nTable P.1 Preliminary sediment budget for the Mill-Pelahatchie Creek \nwatershed ............................................................................................................. P-2 \nTable P.2 Sediment input parameters for GWLF model of Mill-Pelahatchie \nCreek watershed ................................................................................................... P-5 \nTable P.3 Curve numbers for Mill-Pelahatchie Creek watershed ........................................ P-7 \nTable P.4 Cover management factors .................................................................................. P-7 \nTable P.5 ET during the growing season ............................................................................. P-7 \nTable P.6 ET during the non-growing season ...................................................................... P-8 \nTable P.7 Summary of RUSLE input data for Mill-Pelahatchie Creek watershed .............. P-8 \nTable P.8 Annual average runoff per landuse ...................................................................... P-9 \nTable P.9 Monthly average sediment yield from rural landuses .......................................... P-9 \nTable P.10 Disturbed areas by construction and mining activity \nin the watershed ................................................................................................. P-13 \nTable P.11 Monitoring data summary .................................................................................. P-15 \n \n \nLIST OF FIGURES \n \nFigure P.1 Schematic of sediment sources ............................................................................ P-3 \nFigure P.2 Estimated sediment sources for Mill-Pelahatchie Creek watershed .................... P-3 \nFigure P.3 Regression between flow and sediment yield for Mill Creek \nat Highway 25 .................................................................................................... P-16 \n \n\nAppendix P  \nSediment Budget for Mill-Pelahatchie HUC12 Watershed October 31, 2011 \n \n \n \nP-1 \n1.0 INTRODUCTION \n \nSediment budgets include both upland sources of sediments and sediments contributed \nfrom within stream channels. Upland sources can be attributed to land management activities that \nresult in removal of natural vegetation and lead to erosion of exposed sediments from \nconstruction sites, surface mining, forest harvesting, and agricultural activities. Land \ndevelopment removes natural vegetation and increases impervious surface areas results in \nreduced infiltration and increased peak flows in urban streams. This leads to erosion of stream \nbanks and resuspension of stream bed sediments. \nA preliminary sediment budget has been developed for the Mill-Pelahatchie Creek \nwatershed as delineated by US Geological Survey (USGS) 12-digit hydrologic unit code \n(HUC12). The sediment budget was based on watershed modeling and available monitoring data. \nThe budget can be used to guide management practices and manage expectations related to \nsediment reductions expected from implementation of practices. This sediment budget should be \nconsidered preliminary because it is based on many simplifying assumptions. The budget was \ndeveloped for annual average conditions. Thus, it does not reflect temporal variation in sediment \nloads (i.e., the large amount of sediment movement that occurs during high-flow events). Also \nthe budget does not consider differences in sediment particle size, which can be used as an \nindicator of the sediment source. Sediments from the upland watershed are typically fine-grained \nsediments (silts and clays), while sediments from stream beds are typically larger (sands and \ngravels). Larger sediments often take many years to move downstream through a stream system, \nwhile fine materials move through the system quickly.  \nThis sediment budget uses a simplified process to simulate sediment sources (Figure P.1). \nSediment generated from rural areas must travel over land surfaces and within ditches and small \nstream channels before reaching the watershed boundary. Sediments lost during transport are \nreferred to as hillslope storage. The percentage of sediments not deposited as hill slope storage \ncan be estimated as the sediment delivery ratio (SDR). Urban sediment sources include gully \nerosion and construction and surface mining sites. Urban sediments are also subject to hillslope \nstorage. Once reaching the stream, sediments may be subject to aggradation (settling) or \ndegradation (resuspension) based on the flow energy and sediment content of the overlaying \n\nAppendix P  \nSediment Budget for Mill-Pelahatchie HUC12 Watershed October 31, 2011 \n \n \n \nP-2 \nwater. Bank failure may also contribute sediments. The total instream sediment contribution is \nthe sum of degradation and bank failure minus aggradation.  \nThe budget can be summarized by the following equation, where all sediment is \nmeasured in kilograms per year: \n \nMeasured sediment load   =    (rural uplands erosion * SDR) + (gully erosion * SDR) + \n(construction and mine sites erosion * SDR) + instream \ncontribution from bed and banks \n \nIn developing the sediment budget, sediment loads from erosion in rural uplands, gully \nerosion in urban areas, and erosion at construction and surface mining sites were estimated using \nthe methods described in Sections 2.0 through 5.0. The measured sediment load was calculated \nfrom available monitoring data. The instream contribution from bed and banks was estimated as \nthe measured sediment load minus the sum of the sediment loads from rural erosion, gully \nerosion in urban areas, and erosion at construction and surface mining sites. \nThe preliminary sediment budget for the Mill-Pelahatchie Creek HUC12 is shown in \nTable P.1 and on Figure P.2. This budget indicates that the majority of the annual sediment load \nis from instream sources. The second greatest sediment source is rural uplands. Rural upland \nsediments originate from row-crop agriculture, pastures, forest/woodlands, and shrublands.  \n \nTable P.1. Preliminary sediment budget for the Mill-Pelahatchie Creek watershed. \n \nSource \nSediment Load \n(kg/year) Percent of Load \nRural uplands*SDR 46.40E+05                     29.2%                     \nConstruction/mine sites*SDR 8.24E+05                       5.2%                       \nGully erosion*SDR 1.78E+05                       1.1%                       \nInstream contribution from bed and banks 103.00E+05 64.5% \nMeasured Sediment Load 159.00E+05 100.0% \n \n \n\n \n \n \nP-3 \nrural \n29%\nconstruction sites \nand surface mines\n5%\ngullies\n1%\nStream banks and beds\n65%\nFigure P.1. Schematic of sediment sources. \nFigure P.2. Estimated sediment sources for Mill-Pelahatchie Creek watershed. \n \n \n \n \n\nAppendix P  \nSediment Budget for Mill-Pelahatchie HUC12 Watershed October 31, 2011 \n \n \n \nP-4 \n2.0 RURAL, UPLAND EROSION \n \nSediments generated from rural, upland areas are based on the Generalized Watershed \nLoading Function (GWLF) Model (Dai et al. 2000). Loads were predicted on a monthly basis for \na 5-year period (2000 through 2005). The GWLF model simulates the hydrologic cycle in a \nwatershed and predicts streamflow based on precipitation, evapotranspiration, land uses, and soil \ncharacteristics (Dai et al. 2000). The model was used to provide monthly estimates of \nstreamflow, soil erosion, and sediment yield. The model is also capable of predicting nutrient \nloads based on loading functions from surface runoff, groundwater, point sources, and septic \nsystems. Nutrients were not predicted in this application of the model. However, this capability \nmay be useful in future applications when sufficient nutrient monitoring data are available. \n \n2.1 GWLF Model Setup \nThe GWLF model uses the universal soil loss equation to (USLE) estimate soil loss from \nrural lands. The sediment yields predicted by the USLE include sheet and rill erosion\n. GWLF \npredicts sediment yields on a monthly basis using the assumption that sediment yields are \nproportional to the amount of runoff. The amount of runoff is computed daily using the Soil \nConservation Service (SCS) curve number equation (Ogrosky & Mockus 1964). An SDR \nestimates the amount of soil generated that actually reaches the streams. Table P.2 gives a \nsummary of the types of input data, sources of the data, and the value used in the GWLF model \nof the Mill-Pelahatchie HUC12. Tables P.3 through P.6 include additional data needed for the \nGWLF model. A summary of the ULSE factors is given in Table P.7.  \n \n\nAppendix P  \nSediment Budget for Mill-Pelahatchie HUC12 Watershed October 31, 2011 \n \n \n \nP-5 \nTable P.2. Sediment input parameters for GWLF model of Mill-Pelahatchie Creek watershed. \n \nInput Parameter Explanation/Data Source Input Values \nDaily Precipitation \nand Temperature \nJackson International Airport, COOPID 224472 \n(downloaded from National Climatic Data Center \nin December 2010) \nVaries daily; the model was run for a \n5-year period (April 2000 through \nMay 2005). Model output from years 2\nthrough 5 was processed as the model \noutput. \nCurve Number GWLF manual and SCS tables. \nVaries based on land use and \ncondition, and hydrologic soil group C \n(see Table P.3 for details). \nSDR \nGWLF calculates the SDR based on the watershed \narea \n13% for Mill-Pelahatchie Creek \nHUC12. \nSoil Erodibility \nFactor (K) \nThe soil erodibility factor measures the resistance \nof the soil to detachment and transportation by \nraindrop impact and surface runoff. Soil \nerodibility is a function of the inherent soil \nproperties, including organic matter content, \nparticle size, permeability, etc. Values of K were \nbased on the State Soil Survey Geographic \n(SSURGO) database. The average v"
}