{
  "slug": "magees-creek-watershed-plan-2007",
  "source": "Magees_Creek_Watershed_Plan_2007.pdf",
  "length": 55428,
  "part": 4,
  "text": " \n \n \n \n \n \n\n 47 \n \n \n \n \n \n \n \n \n \n \n \n \n \n\n 48 \n \n \n \nAppendix C \n \n \n \n \nStressors \n \n \n\n 49 \nTable 2 \nStressor Summary Table \n \n \n \n \nConcern Link/Immediate \nCause \nStressor Description of \nStressor \nLocation/Extent \nFecal coliform \nloading  \nwildlife populations, \nagricultural animal \npopulations, failing septic \nsystems, and urban \ndevelopment \nFecal \nColiform \nPermitted facilities discharging \ninto water sources, failing \nseptic systems, land \napplication of poultry litter and \ncattle manure, and urban \ndevelopment \nLocated throughout the \nwatershed- see attached \nmap (Figure 2.1) \n     \n\n 50 \n \n \n \n \nAppendix D \n \n \n \n \n \nChecklist of Watershed \nImplementation Elements \n \n \n \n \n \n\n 51 \nTable D. 9 Key Elements of a Watershed Plan for 319 Grant  \n \nRequired WIP Elements for 319 Grant \n \nLocation in Watershed Implementation Plan \n \n1. Watershed Description and Background \n \nChapter V \n \n2.  Implementation \n \nChapter VIII Section A Subsection 3 \n \n3. Project Goals \n \nChapter VIII Section A Subsections 2 and 5 \n \n4. Project Costs \nChapter VIII Section A Subsection 7 \nChapter IX Section A Subsection 7 \n \n5. Education and Outreach \n \nChapter IX \n \n6. Implementation Schedule \n \nChapter VIII Section A Subsection 4 \n \n7. Milestones \n \nChapter VIII Section A Subsection 4 \n \n8. Adaptations and Revisions \n \nChapter X Section A, Chapter XI Section A \n \n9. Monitoring \n \nChapter X Section B Subsections 1 and 2 \n "
}