{
  "slug": "bee-lake-watershed-plan-2006",
  "source": "Bee_Lake_Watershed_Plan_2006.pdf",
  "length": 112659,
  "part": 4,
  "text": "t\nThe Yazoo-Mississippi Delta Joint Water Management District (YMD) is charged with the duty of man-\naging water supply in a majority of the Yazoo Basin, including the Bee Lake Watershed.  YMD permits\nand  monitors  both  ground  and  surface  water  use  in  the  watershed  for  MDEQ.    YMD  promotes  and\nimplements  water  conservation  measures  through  a  number  of  methods,  one  of  which  is  the  Delta\nStudy (Mississippi Delta Comprehensive Multipurpose Water Resource Plan).  Initially, the study was\ndesigned to investigate the feasibility of various water conservation practices.  The initial phase of the\n30\nPracticeUnit Cost \n(w/installation)\nNumber of UnitsTotal Cost\nWater Control Structures$2,500.0050$125,000.00\nOverfall Pipes$5,000.0020$500,000.00\nRiparian Buffers$1,175/acre20/acres$23,500.00\nGrass Waterways$450.00/acre15/acres$6,750.00\nStiff Grass Hedges$250.00/site20/sites$5,000.00\nField Borders$1,165.00/acre5/acres$5,825.00\nLand Forming$400.00/acre500/acres$200,000.00\nBank Stabilization$10,000.00/site15/sites$150,000.00\nCover/Double Cropping$20.00/acre x 15 years500/acres$150,000.00\nDrainage Improvement$10,000.00/mile2/miles$20,000.00\nUSGS Construction/Instrumentation$30,000.001$30,000.00\nUSGS Monitoring $20,000.00/yr.5 yrs$100,000.00\nTOTAL   $1,316,075.00\n\nstudy has been completed.  Today, funding for the Delta Study is being used to implement large-scale\nwater conservation practices that benefit multiple users and the public.  The Delta Study is funded by\nthe USDA-NRCS.  \nYMD has committed to stabilize the Bee Lake weir with Delta Study funding in late 2005 and rebuild\nthe  weir  in  2006.    Funding  has  already  been  secured.    Preliminary  surveys,  elevation  options,  and\ndesign options have also been completed. \n(b).Private Landowners\nAll  preliminary  weir  designs  and  elevations  will  inundate  +/-  15  acres  of  production  cropland.\nInundation will affect at least two different property owners, both of which have agreed to these terms.\nFurthermore,  the  weir  will  be  built  on  private  property  (owned  by  a  third  landowner).    At  least  three\nlandowners  will  be  sacrificing  either  land  and/or  potential  revenue  to  ensure  the  construction  of  the\nnew weir.  \n(c).U.S. Geological Survey\nThe monitoring station installed on Bee Lake will also measure lake level.  Data may be reviewed on\nthe USGS website.  This will help to measure the effectiveness of the weir and determine. \n(d)Natural Resource Conservation Service\nEngineers with the USDA-NRCS will assist in the design of the weir.\n2.Weir Construction Activities\nYMD has already begun preliminary survey and design work.  Furthermore, the existing weir has been\n“patched” until construction can begin.  Design, site selection, and elevation options will be presented\nto  potentially  affected  landowners  and  users.    Once  a  design,  site,  and  elevation  are  agreed  upon,\nconstruction will begin in 2006.  YMD shall conduct all activities associated with weir survey, design,\nand construction.  YMD will monitor the weir and either maintain the weir or establish a maintenance\nagreement with local landowners. \n3.Schedule\nYMD began preliminary survey and design work in 2005.  During the winter of 2005 and 2006, YMD\nand local stakeholders will decide on a design, site, and elevation for the weir.  As soon as conditions\nare suitable, construction will begin in 2006.  Construction should be complete before December 31,\n2006.  Delta Wildlife and/or YMD will submit weir construction status reports to MDEQ when (1) the\nsite, design, and elevation have been approved, (2) when construction begins, and (3) when construc-\ntion is complete.  The USGS monitoring station will be installed by December 31, 2005.\n31\n\n4.Budget\nProjected costs for implementing practices required by this plan are listed in the table below.  Funding\nfor these items include USDA-Delta Study Funds, YMD, NRCS and Private Landowners.\nTable 7.2.  Projected Costs for Weir Construction\nC.       NOXIOUS AQUATIC VEGETATION – DESIRED BENEFITS\nNoxious  aquatic  vegetation  has  created  numerous  problems  in  Bee  Lake.    Alligator  Weed  restricts\naccess and movement on the lake.   Furthermore, there is a isolated coon-tail problem on the upper\nend of the lake that threatens the entire lake if it is spread.  Both poses a safety threat to swimmers\nand skiers. Plant materials cover the surface of the water, blocking sunlight for phytoplankton produc-\ntion.  This ultimately reduces overall fish carrying capacity as lake productivity is then based on a less\nefficient means of energy conversion. A rapid die-off of aquatic vegetation can stress dissolved oxy-\ngen supplies.   By best management of the aquatic vegetation Bee Lake should see an increase in\naccessible  water  acres,  improved  safety,  a  more  diverse  fish  habitat,  and  higher  aesthetic  value.\nVegetation coverage on most areas of the lake is currently at optimum levels for lake use while pro-\nviding a diverse habitat for fish. A few areas have invasive vegetation that needs to be controlled.\n1.Participants\n(a).Mississippi Department of Wildlife, Fisheries, and Parks \nMDWFP has been and will continue to monitor aquatic vegetation in Bee Lake.  To date, MDWFP fish-\neries biologist have significantly reduced Alligator Weed in the lake through the stocking of Alligator\nWeed Flea Beetles.  MDWFP will continue to monitor and control noxious aquatic weeds in Bee Lake.\n(b).Delta Wildlife\nDelta Wildlife will work with MDWFP to monitor and control noxious aquatic vegetation\nin Bee Lake.  Delta Wildlife and MDWFP will pursue additional funding sources to more aggressively\naddress noxious aquatic weeds in the lake.  If none can be secured, some Section 319 funds may be\nused for eradication of coon-tail in the upper lake.\n32\nPractice\nUnit Cost \n(w/installation)\nNumber of UnitsTotal Cost\nYMD weir repair$15,000.001$15,000.00\nNRCS Survey & Design$100/hr.20 hrs.$2,000.00\nYMD Construction$200,000.001$200,000.00\nUSGS Monitoring Station$20,000.0/yr5 yrs$100,000.00\nTotal$317,000.00\n\n(c).Recreational Fishermen and other Boaters\nMany noxious aquatic plant materials are transferred by different parts of a boat when they move with-\nin a lake and from one lake to another.  Recreational fishermen, skiers, and other boaters must play\na role in the control of noxious aquatic weeds in Bee Lake.  Through educational outreach activities\n(further  outlined  in  section  4.0),  boaters  will  be  encouraged  to  clean  their  boat  hulls,  live  wells,  and\nlower units before and after they launch their boats in Bee Lake.  \n(d).U.S. Army Corps of Engineers\nThe USACOE has historically provided MDWFP with Alligator Weed Flea Beetles used in the control\nof Alligator Weed.  The USACOE will continue to provide these insects to MDWFP for use in Bee Lake\nand other areas with severe Alligator Weed problems.\n2.Noxious Aquatic Weed Activities\nMDWFP will continue their on-going efforts to monitor aquatic weed and control Alligator Weed in Bee\nLake.  Delta Wildlife and MDWFP staff will work together to identify other noxious aquatic weeds in\nBee Lake and develop a control or eradication plan.  Funding for such plans will be pursued through\nextramural grants.  If no grants are secured, Section 319 funding may be used if the need is deter-\nmined critical.  Educational outreach components needed for noxious aquatic weed control will also be\ndeveloped by MDWFP in conjunction with Delta Wildlife.\n3.Schedule\nMDWFP has been and shall continue to monitor aquatic weed problems in Bee Lake.  Furthermore,\nthey will continue to control Alligator Weed with Alligator Weed Flea Beetles until which time Alligator\nWeed  is  at  perceived  optimal  levels.  In  2006,  MDWFP and  Delta  Wildlife  will  identify  other  noxious\naquatic weeds in Bee Lake and develop a control and/or eradication plan.  MDWFP and Delta Wildlife\nwill also submit grant proposals for the plan in 2006.  If funding is secured through extramural grants,\nimplementation will begin in 2007.  If funding is not secured, MDWFP, Delta Wildlife, and MDEQ will\ndetermine the feasibility of using Section 319 funds to implement parts or all of the proposed control\nand/or eradication plan in 2007.  Educational outreach components needed for noxious aquatic weed\ncontrol  will  be  developed  and  implemented  in  2006.    Delta  Wildlife  will  submit  bi-annual  reports  to\nMDEQ on the status of noxious aquatic weed control in Bee Lake.\n4.Budget\nProjected costs for implementing practices required by this plan are listed in the table below.  Funding\nfor these items include MDWFP, USACOE, Delta Wildlife, and a potential extramural grant source.\n33\n\nTable 7.3.  Projected Costs for Noxious Aquatic Weed Control\nD.         ORGANIC ENRICHMENT – DESIRED BENEFITS\nImpairments  listed  in  the1996  Mississippi  303(d)  list  for  Bee  Lake  included  nutrients  and  organic\nenrichment.    It  is  possible  that  phosphorus,  nitrogen,  and  failing  septic  systems  are  contributing  to\norganic enrichment in Bee Lake.  Despite this concern, the WIT does not believe that there is enough\ndata to support listed impairments for nutrients and organic enrichment in Bee Lake.  Therefore, the\nWIT shall advise MDEQ that further monitoring and assessment should be conducted to determine if\nin fact there is a problem.  If a problem is clearly identified, the WIT will then develop a plan of action\nto address the issues in an amended and updated version of this WIP. \n1.Participants\n(a).MS Dept. of Environmental Quality\nMDEQ may provide monitoring and assessment to determine the extent and severity of organic enrich-\nment, nutrient loading, and other associated water quality measurements.\n(b).MS Dept. of Health\nMDH may provide monitoring and assessment to determine the extent and severity of organic enrich-\nment, nutrient loading, and other associated water quality measurements.  Furthermore, if failing sep-\ntic  systems  are  identified  as  a  concern,  they  will  assist  in  developing  an  action  plan  to  address  the\nissue.\n(c).U.S. Geological Survey\nUSGS may provide monitoring and assessment to determine the extent and severity of organic enrich-\nment, nutrient loading, and other associated water quality measurements\n34\nPractice\nUnit Cost \n(w/installation)\nNumber of UnitsTotal Cost\nMDWFP Monitoring$300 day/yr.3 days/yr./3years$ 2,700.00\nDelta Wildlife Assistance$100.00/hr.80 hrs.$8,000.00\nAlligator Weed Flea Beetles$0.00/500 insects10/yr.$0.00\nStocking Flea Beetles$300/day/yr.1 day/yr./3years$900\nOther Control/Eradication\n(Other Possible Sources)\n$20,000.001$20,000.00\nTotal$20,700.00$31,600.00\n\n(d).MS Dept. of Wildlife, Fisheries, and Parks\nMDWFP may  provide  monitoring  and  assessment  to  determine  the  extent  and  severity  of  organic\nenrichment, nutrient loading, and other associated water quality measurements\n(e).YMD Joint Water Management District \nYMD may provide monitoring and assessment to determine the extent and severity of organic enrich-\nment, nutrient loading, and other associated water quality measurements\n2.Organic Enrichment Activities\nThe WIT shall submit a request to MDEQ asking for assistance in monitoring and assessing organic\nenrichment and nutrient loading in Bee Lake.  MDEQ will then develop a monitoring program and pos-\nsible ask for assistance from other agencies (listed above).  If monitoring activities indicate a need to\naddress organic enrichment and nutrient loading, the WIT will re-convene to develop a plan of action.\nThis plan will be added to the WIP.\n3.Schedule\nThe WIT shall make this request upon submission of the initial WIP to MDEQ in the spring of 2006.\nMonitoring schedules shall be determined by MDEQ or other agencies involved in the monitoring and\nassessment phase.  The WIT will develop a plan of action based on needs determined by the assess-\nment, at which time an assessment is completed.\n4.Budget\nProjected  costs  for  monitoring  and  assessment  requested  by  the  WIT are  listed  in  the  table  below.\nFunding for these items may possibly include MDEQ, USGS, MDH, MDWFP, and YMD.\nTable 7.4.  Projected Costs for Monitoring Organic Enrichment\nE.        FUTURE DEVELOPMENT – DESIRED BENEFITS\nWith  Bee  Lake’s  aesthetic  values,  popularity  among  fishermen,  and  its  proximity  to  Yazoo  City  and\nJackson,  future  development  of  lake  front  properties  could  pose  a  threat  to  the  lake’s  water  quality,\nnatural beauty, and property values.  By establishing covenants or building codes around Bee Lake,\nwater quality, natural beauty, and property values can be preserved or improved.\n35\nPractice\nUnit Cost \n(w/installation)\nNumber of UnitsTotal Cost\nMonitoring$30,000.00/yr2 yrs.$60,000.00\nAssessment$5,000.001 time$5,000.00\nTotal  $65,000.00\n\n1.Participants\nPrivate Land and Business Owners\nIt  will  be  the  initiative  of  the  private  land  and  business  owners  to  develop  an  association,  develop\ncovenants, or to work with Holmes County officials to develop building codes for Bee Lake.  The WIT\nwill assist if requested.\n2.Future Development Activities\nThe  private  land  and  business  owners  of  Bee  Lake  will  determine  the  activities  associated  with  this\nWIP action item.  The WIT will assist if requested and keep abreast of all activities and actions.\n3.Schedule\nThe WIT shall submit a letter to the land and business owners on Bee Lake respectfully requesting\ntheir consideration in developing covenants or building codes for future development.  This letter will\nbe  mailed  after  the  final  submission  of  this  WIP to  MDEQ  in  the  spring  of  2006.    Delta  Wildlife  will\nupdate  MDEQ  on  any  actions  taken  by  the  land  and  business  owners  through  standard  bi-annual\nreports.\n4.Budget\nProjected costs for implementing this WIP action items will be negligible and assumed by the land\nand business owners on Bee Lake.\nF.FISHERIES MANAGEMENT – DESIRED BENEFITS\nFishing pressure, water quality, and many other factors limit the fisheries potential and overall fish pro-\nductivity at Bee Lake. The stocks of sunfish and bass in Bee Lake are believed to be well below lev-\nels that were present in the 1950’s and 1960’s (MDWFP, Bee Lake Fishery Management Plan, 2005).\nMany of the factors limiting fish production will be addressed through other action items that reduce\nsedimentation, reduce turbidity, sustain lake levels, reduce noxious aquatic weeds, and improve water\nquality  in  general.    However,  intensive  fisheries  management  is  needed  on  Bee  Lake  to  address\nintense fishing pressure and fish harvest.  Through management, creel limits, slot restrictions, habitat\nmodification, water quality improvements and other means, the fishery at Bee Lake can be improved\nto sustain current and future fishery demands, with a possible restoration of the sunfish and bass fish-\neries.\n1.Participants\n(a).MS Dept. of Wildlife, Fisheries, and Parks\nMDWFP acts  to  manage  the  public  fisheries  of  Mississippi,  including  Bee  Lake.    MDWFP Fisheries\nBiologists will continue to monitor, assess, and manage the fishery at Bee Lake.\n(b).Delta Wildlife\n36\n\nDelta Wildlife will provide assistance to MDWFP to manage the fishery at Bee Lake as needed.\nFurthermore, Delta Wildlife’s Adopt-a-Lake Program may be used to add additional deep water fish-\ning structures for fishermen at Bee Lake.\n(c).Recreational Fishermen\nRecreational  fishermen  must  recognize  all  regulations  and  management  activities  implemented  on\nBee Lake.  Full cooperation with MDWFP will be needed to properly manage the fishery.  Additionally,\nthe Adopt-a-Lake Program administered by Delta Wildlife will require the assistance of fishermen and\nresidence of the lake to be implemented.\n2.Fisheries Management Activities\nMDWFP monitors fish species diversity, populations, age structure, sizes, and harvest at Bee Lake.\nThese activities will continue.  Furthermore, MDWFP actions are guided by a Fisheries Management\nPlan for Bee Lake that was implemented in 2005.  Through monitoring activities, creel limits, slot lim-\nits, and other regulations may be placed on the harvest of fish in the lake.  MDWFP is also develop-\ning a new map for the lake with depth profile and user features.  Delta Wildlife also encourages fish-\nermen  to  participate  in  the  Adopt-a-Lake  Program  whereas  structures  will  be  placed  in  deep  water\nareas of the lake for summer and early fall fishing.\n3.Schedule\nMDWFP implemented the Bee Lake Fisheries Management Plan in the spring of 2006.  The new lake\nmap  will  be  available  in  2007.    If  interest  exists,  the  Adopt-a-Lake  Program  will  be  implemented  in\n2006.  Delta Wildlife will submit a report of actions to MDEQ bi-annually.\n4.Budget\nProjected costs for fisheries management are listed in the table below.  Funding for these items include\nMDWFP, Delta Wildlife, and recreational fishermen.\n37\n\nTable 7.5.  Projected Costs for Fisheries Management\nG.  LAKE ACCESS – DESIRED BENEFITS \nDuring peak fishing periods at Bee Lake (February, March, and April), there are not enough boat ramps\nto service the needs of the public.  There are only two public boat ramps (both fee based) on the 1,400-\nacre lake.  For those that do launch their boats during the peak fishing season, many must park their\nvehicles and trailers on the shoulder of US Highway 49E, creating safety issues for motorists.  At least\none additional public boat ramp with adequate parking is needed to service the public during peak fish-\ning periods.  A public fishing pier would also be beneficial.  \n1.Participants\n(a).MS Dept. of Wildlife, Fisheries, and Parks\nMDWFP, through the Sports Fish Restoration Program, provides funding for the construction of boat\nramps  and  fishing  piers  on  public  waters.    MDWFP maintains  a  full,  year-round,  crew  building  boat\nramps around the state.  If a site is identified, MDWFP will provid"
}