{
  "slug": "bee-lake-watershed-plan-2006",
  "source": "Bee_Lake_Watershed_Plan_2006.pdf",
  "length": 112659,
  "part": 7,
  "text": " promotes sustained, long-term protection and\nimprovement of aquatic resources in the watershed. Specific objectives of educa-\ntion efforts in the watershed include the following.\nChapter IX\nAll BMPs, both structural and vegetative, will be implemented by December 31,\n2007.\nChapter VII\nThe USGS has a real time water quality monitoring station on Bee Lake that will\nassess the real-time affects (before, during, and after) of 7 basic water quality\nparameters.  MDEQ will take annual water quality samples at the lake to meas-\nure more specific parameters.  Furthermore, MDEQ will estimate the reduction of\nsediments and other pollutants from each structural and vegetative structure\ninstalled as a part of this project through the used of a modeling system devel-\noped by EPA.\nChapter X\n\nAPPENDIX D: Section 319 Funded Projects and Maps\nArthur Abercrombie\nCo-Owner, Quofaloma Plantation\nP.O. Box 2471\nBaton Rouge, LA 70821\n(225) 381-0259\nCooperator providing $160,631.00 match towards project through installation and maintenance.\n60\nItemUnit Cost*# of Units\n12\" x 30' Plastic Pipe$1421\n15\" x 30' Plastic Pipe$1905\n18\" x 30' Plastic Pipe$26710\n24\" x 30' Plastic Pipe$4165\n30\" x 40' Steel Culvert$1,6001\nInstallation of Above$1,0001\n24\" x 30' x 2' 45 degree drop w/ splatter plate$1,4001\nInstallation of Above$1,0001\nditch excavation$1.509360 ft.\nHydro Mats$130/roll52 rolls\n\nJamie, Rich, and/or Sonny Peaster\nGumgrove Plantation\nJenkins Plantation\nRenter, Part of Holmes Co. 16th Section\n964 Belle Air Circle\nYazoo City, MS  39194\n662.746.2883\nCooperator providing $22,000.00 match towards project through installation and maintenance.\n61\nItemUnit Cost*# of Units\n15\" x 30' Plastic Pipe$1902\n24\" x 40' x 3' drop w/ splatter plate$1,800.001\nInstallation of Above$1,000.001\n18\" x 35' x 2' 45 degree drop w/ splatter plate$1,200.001\nInstallation of Above$1,000.001\n24\" x 30' w/ slotted side outlet$1,000.004\nInstallation of Above$1,000.004\n\nBryan Jones\nOwner, Big Bonanza\nOwner, Little Bonanza\nRenter, Lakeland Plantation\nRenter, part of Holmes Co. 16th Section\nP.O. Box 1062\nYazoo City, MS  39194\n662.746.0360\nCooperator providing $239,500.00 match towards project through a donation of pipe, installation and\nmaintenance.\n62\nItemUnit Cost*# of Units\n12\" x 30' Plastic Pipe$1424\n15\" x 30' Plastic Pipe$1905\n18\" x 20' Plastic Pipe$17825\n24\" x 30' Plastic Pipe$41617\n24\" x 20' Plastic Pipe$2772\n24\" x 30' x 3' riser$1,2501\nInstallation of above$1,0001\n18\" x 30' x 3' drop on front$1,0001\nInstallation of above$1,0001\n24\" x 20' x 3' riser w/ 6\" perm. stoplogs$1,0001\n4' riser only (48\" x 48\")$5001\n\n63\nItemUnit Cost*# of Units\nInstallation of above$5001\n24\" x 30 x 3' riser on front and 5' 45 degree drop on\nrear\n$1,8002\nInstallation of above$1,0002\nInstallation of 60\" x 60' steel culvert and all associated\ndirt work, rip rap placement, etc...\n$10,0001\n18\" x 30' x 5' 45 degree drop$1,2501\nInstallation of above$1,0001\n30\" x 32' steel culvert$1,2801\nInstallation of above$1,0001\n24\" x 30' x 3' drop on front$1,5001\nInstallation of above$1,0001\n24\" x 30' x 2' drop w/ splatter plate$1,5001\nInstallation of above$1,0001\n24\" x 30' x 3' drop w/ splatter plate$1,5502\nInstallation of above$1,0002\n90# Rip Rap$1,000/truck10\n\nWilliam Thompson\nCo-Owner, Pluto Plantation\nRenter, Maryland Plantation\n3410 Bee Lake Road\nTchula, MS 39169\n(662) 571-3653\nCooperator providing $32,500.00 match towards project through installation and maintenance.\n64\nItemUnit Cost*# of Units\n15\" x 30' Plastic Pipe$1902\n24\" x 30' x 3' drop w/ splatter plate$1,5001\n30\" x 40' steel culvert$1,6001\n24\" x 50' x 3' stand pipe$1,8001\nInstallation of Above$6,0001\n48\" x 50' x 3' stand pipe$5,5001\nInstallation of Above$6,0001\n\nJohn Newcomb\nOwner, Stonewall Plantation\n10500 Bee Lake Road\nTchula, MS 39169\n(870) 822-0303\nCooperator providing $29,686.25 match towards project through installation and maintenance.\n65\nItemUnit Cost*# of Units\n15\" x 30' Plastic Pipe\n$1905\nInstallation of above\n$5006\n24\" x 50' Plastic Pipe\n$6931\n8' x 60' steel pipe with 3' traugh\n$8,4001\nInstallation of above plus dirt work, levee construction,\nwetland treatment area, clearing, etc..\n$25,0001\nSonar Herbicide Application to Lake Frontage\n$10,0002\nDitch Excavation\n$1.503000 ft.\nHydro Mats$130/roll 90 rolls\nPlanting Grass Buffer$125/ac.2.4 ac.\n\nBEE LAKE WATERSHED IMPLEMENTATION MAP\nBEE LAKE WATERSHED IMPLEMENTATION MAP - WESTERN REACHES\nLakeland, Gumgrove, Jenkins Plantations\nPart of Stonewall and Pluto Plantations\n66\n\nBEE LAKE WATERSHED IMPLEMENTATION MAP - SOUTHEAST REACHES\nPluto, Bonanza, Maryland Plantations\nBEE LAKE WATERSHED IMPLEMENTATION MAP - NORTHEAST REACHES\nQuofaloma and Stonewall Plantations\n67"
}