{
  "slug": "bee-lake-watershed-plan-2006",
  "source": "Bee_Lake_Watershed_Plan_2006.pdf",
  "length": 112659,
  "part": 3,
  "text": "thrive  in  the  watershed.    Forestlands  are  man-\naged for timber production, white-tailed deer, and turkey.  Wetlands are managed for waterfowl and\nshorebirds.  Southern reaches of the watershed have been enrolled in the Wetland Reserve Program\nand adjoin the Hillside National Wildlife Refuge.  \nPrivate landowners have also planted native warm season grasses and legumes around field borders\nfor quail and other small game. \nFood plots are maintained within the watershed for migratory ducks, mourning dove, white-tailed deer,\nand eastern wild turkey.  \nAlthough  there  have  been  no  recorded  sightings,  the  watershed  does  fall  within  the  range  of  the\nLouisiana  Black  Bear.    Other  federally  (added  by  PB)  threatened  or  endangered  species  that  may\noccur in the watershed, but are presently not documented, are the Least Tern and Pondberry.  Species\nof special interest that do occur in the watershed include Bald Eagle, American Alligator, Black-bellied\nWhistling Duck, Osprey, Grasshopper Sparrow, Roseate Spoonbill, Wood Stork, and White Ibis.\nPublic duck hunting is allowed on Bee Lake.  However, there is no other public hunting or fee based\nhunting opportunities in the watershed.  Ducks, mourning dove, quail, white-tailed deer, eastern wild\nturkey, and rabbits are commonly hunted on private lands in the watershed by landowners, family, and\ninvited guests.\nTable 6.1.  Water quality criteria for Bee Lake watershed.\n23\nParameterCriteria\nDissolved Oxygen5.0 mg/L daily average, 4.0 mg/L instantaneous\nPHBetween 6.0 and 9.0 su\nTemperature32.2 deg C\nFecal coliformMay – October: geometric mean of 200 per 100 mL, 400\nper 100 mL less than ten percent (10%) of the time during\na 30 day period.\nNovember – April: geometric mean of 2000 per 100 mL,\n4000 per 100 mL less than ten percent of the time during\na 30 day period.\nSpecific conductance1000 uohms/cm\nDissolved Solids750 mg/L monthly average, 1500 mg/L instantaneous\n\nVI.WATER QUALITY STANDARDS\nThe designated use class for Bee Lake stated in the Mississippi water quality regulations is Fish and\nWildlife Support. The designated beneficial uses for Bee Lake are Aquatic Life Support and Secondary\nContact  Recreation  (http://www.deq.state.ms.us/MDEQ.nsf/page/WMB_yazoodesignate?OpenDocument). Table  2,Lists\nthe numeric water quality criteria applicable to Bee Lake watershed surface waters (MDEQ  2002).\nMississippi’s water quality standard for sediment is narrative and reads as follows: “Waters shall be\nfree from materials attributed to municipal, industrial, agricultural or other discharges producing color,\nodor, taste, total suspended or dissolved solids, sediment, turbidity, or other conditions in such degree\nas to create a nuisance, render the waters injurious to public health, recreation or to aquatic life and\nwildlife or adversely affect the palatability of fish, aesthetic quality, or impair the waters for any desig-\nnated use ” (MDEQ  2002).\nA.  Current Condition\nThere is not a routine water quality monitoring station in Bee Lake watershed. Bee Lake was sampled\nat one station during both the 1994 and 1995 clean lake sampling programs. The water quality data\nfrom these sampling programs can be found in the Bee Lake TMDL (Tetra Tech 2003) and in the Yazoo\nRiver  Basin  water  quality  data  compendium  (MDEQ  2003a).  Bee  Lake  was  included  on  the  1996\n303(d) List as impaired due to nutrients, organic enrichment/low DO, pesticides, and sediment/silta-\ntion. TMDLs addressing these impairments have been completed, and Bee Lake is in the process of\nbeing removed from the 303(d) List (MDEQ  2004a).\nB.  Total Maximum Daily Load (TMDL)\nBee Lake was included on the 1996 Mississippi 303(d) list as impaired due to nutrients, organic enrich-\nment/low dissolved oxygen, pesticides, and sediment/siltation; Two total maximum daily load studies\n(TMDLs)  related  to  these  listed  segments  have  been  completed,  one  addressing  nutrients,  organic\nenrichment/low dissolved oxygen, and sediment/siltation, and one addressing pesticides.\nA TMDL addressing  nutrients,  organic  enrichment/low  dissolved  oxygen,  and  sediment/siltation  has\nbeen completed and approved by U.S. EPA (Tetra Tech 2003). The TMDL report states that no known\npoint sources related to these pollutants/impairments are present in the watershed. Nonpoint sources\nrelated  to  these  pollutants/impairments  that  were  accounted  for  in  the  development  of  the  TMDL\nincluded  runoff  from  cultivated  and  non-cultivated  agricultural  lands,  catfish  pond  discharges,  and\nbackground sources (forest land). Wet weather conditions were identified as the critical condition for\nthese impairments. Failing septic systems were assumed to contribute a negligible load and so were\nexcluded  from  the  analysis.  Furthermore,  a  noxious  aquatic  weed  (Alligator  Weed)  has  consumed\nmore than 20% of the surface water acres of Bee Lake itself and may be contributing to low DO lev-\n24\n\nels during the fall and winter when cold weather causes the plant material to die off and begin decom-\nposing.  Since Mississippi does not currently have nutrient water quality criteria, a nutrient TMDL was\nnot  developed,  however,  nutrient  contributions  to  oxygen  demand  were  included  in  this  TMDL.  No\nreductions were recommended for oxygen demanding loads to Bee Lake. Sediment load reductions\nof 33%-60% were recommended in the TMDL; these reductions were achieved by reducing sediment\nloads from agricultural lands. TMDLs for oxygen demand and sediment are shown in Table  3(Tetra\nTech 2003).\nTable  6.2.  Bee Lake TMDL\nThe  Bee  Lake  pesticide  impairment  was  addressed  in  a  pesticide  TMDL for  the  Yazoo  River  basin\n(MDEQ  2003b).  The  target  for  this  TMDL is  removal  of  fish  consumption  advisories  for  DDT  and\nToxaphene,  and  reduction  of  water  column  concentrations  to  the  DDT  human  health  and  aquatic\norganism  standard,  and  the  Toxaphene  fresh  water  chronic  standard.  The  methods  proposed  for\nachieving these targets included implementation of BMPs to reduce sediment loading to water bodies\n(pesticides are present in basin soils) and natural attenuation (historical pesticide monitoring data from\nthe Yazoo River basin indicate a decreasing trend in pesticide concentrations in soils, fish tissue, and\nwater)  (MDEQ  2003b).    However,  fish  advisories  for  Bee  Lake  were  lifted  after  TMDLs  for  Legacy\nPesticides were developed in the Yazoo River Basin (MDEQ 2005).\nVII.    WATERSHED IMPLEMENTATION PLAN\nThe initial goal of this WIP is to address the concerns identified by the WIT. This will be achieved by\nthe implementation of projects (listed later in this section) to address short-term concerns and an edu-\ncational strategy to address long-term concerns. By addressing these concerns, Bee Lake will achieve\nits Mississippi water quality criteria and beneficial use designation for Aquatic Life Support while meet-\ning local stakeholder objectives.\nThe underlying principle of this WIP (and the Basin Management Program itself) is adaptive manage-\nment. While the initial goal of this WIP is to address concerns identified by the WIT, post-project mon-\nitoring  may  suggest  that  not  all  concerns  were  fully  addressed.    Likewise,  additional  concerns  may\n25\nTypeTBODu \n(lb/day)\nSediment\n(ton/acre/year)\nWaste Load Allocation\n0\n0.2 – 0.33\nLoad Allocation\n234\n0.2 – 0.33\nMargin of Safety(implicit)(implicit)\nTMDL\n234\n0.2 – 0.33\n\narise that were not originally identified by the WIT.  Therefore, this WIP is a living document and should\nbe  reviewed  and  modified  periodically  to  ensure  adequate  improvements  are  made  and  sustained\nthroughout the life of the watershed.\nThe initial actions taken through the implementation of this WIP should provide measurable results by\nthe end of 2007.  In 2008, the WIP should be updated with the results of the initial actions and modi-\nfied to address any inadequacies and newly identified concerns.\nFollowing  are  detailed  descriptions  of  management  actions  planned  for  the  initial  implementation  of\nthis  WIP.  Note  that  the  values  shown  for  load  reductions,  number  of  management  practices  to  be\ninstalled, and costs are planning estimates and subject to change.\nA.AGRICULTURAL BEST MANAGEMENT PRACTICES - DESIRED \nBENEFITS\nThe objective of this action is to reduce sediment loadsfrom agricultural land to approximately 1900\nto 3300 tons/year (Tetra Tech 2003). Estimated load reductions associated with this objective are list-\ned below:\n•  Approximately 1800 to 3200 tons/year reduction of sediment load, 35% to 67% reduction of\nload from agricultural lands, 33% to 60% reduction of total sediment load;\n•  Approximately 18 tons/year reduction of total nitrogen load, 70% reduction; and\n•  Approximately 2.3 tons/year reduction of total phosphorus load, 33% reduction; and\n•  Approximately 33% reduction of DDT and Toxaphene loads (Tetra Tech 2003).\nThrough this load reduction, several benefits will arise for farmers, businesses, recreational fishermen,\nand the general public.  The TMDL for sediment will be met.  Water storage capacity and lake depth\nwill be maintained.  Consolidated sediment on the bottom of the lake will be minimized, providing bet-\nter spawning areas for game fish.  Turbidity will be reduced improving DO levels, fisheries productivi-\nty, and aesthetic values. \n1.Participants\n(a).Delta F.A.R.M.\nDelta  F.A.R.M.  (Farmers  Advocating  Resource  Management)  will  enroll  willing  farmers  in  the  water-\nshed into the organization’s self-assessment program to improve overall environmental stewardship.\nThe organization will assist farmers by providing information on voluntary BMP implementation that is\nabove and beyond BMPs identified in this WIP.  A majority of these BMPs directly address non-point\nsource agricultural runoff.\n26\n\n(b).Delta Wildlife\nDelta  Wildlife  will  administer  EPA/MDEQ  319  funds  for  the  implementation  of  projects  critical  to  the\nsuccess of the WIP that cannot be cost-shared through USDA Conservation Programs or other part-\nners.  These projects may include bank stabilization, drainage improvements, water control structures,\ngrass filter strips, riparian buffers, stiff grass hedges, land forming, and other BMPs.  Delta Wildlife will\nwork with the landowners in the watershed to identify critical areas and develop BMP implementation\nplans.  Furthermore, Delta Wildlife will coordinate the implementation and certification of all BMPs in\nthe watershed with private landowners and other partners, no matter the funding source.  \n(c).USDA-NRCS and FSA\nThe USDA offers a suite of cost-shared conservation practices that can be used by private landown-\ners  and  farmers  to  address  almost  all  water  quality,  quantity,  and  wildlife  resource  concerns.    The\nNatural Resource Conservation Service (NRCS) provides technical assistance on all USDA conserva-\ntion programs and administers a large majority of programs.  The Farm Service Agency (FSA) admin-\nisters the Conservation Reserve Program.  Delta Wildlife and the NRCS will work with landowners in\nthe  watershed  to  identify  critical  areas  and  determine  USDA program  eligibility.    If  eligibility  require-\nments  are  met  and  funding  is  secure,  the  landowner  will  enroll  in  the  program.    The  Environmental\nQuality Incentives Program (EQIP) will be used for land forming, conservation tillage practice incen-\ntive,  water  control  structures,  bank  stabilization  and  other\nBMPs  to  the  extent  of  program  availability  in  Holmes\nCounty. Conservation Reserve Program (CRP) will be used\nfor riparian buffer establishment and grass filter strips.\n(d).Mississippi Partners for Fish \nand Wildlife\nThe Mississippi Partners for Fish and Wildlife is a conglom-\nerate  of  natural  and  wildlife  resource  organizations  and\nagencies headed by the U.S. Fish and Wildlife Service that\nprovides cost-sharing on various BMPs in Mississippi.  Most\nnotably,  the  Partnership  can  provide  water  control  struc-\ntures and tree seedling for reforestation or riparian buffers.   \n(e).U.S. Geological Survey\nThe U.S. Geological Survey (USGS) will provide data from\nthe Mississippi Systems Evaluations Area (MSEA Project).\nThis  data  documents  the  measured  benefits  of  various\nBMPs.    By  using  this  data,  the  WIT can  choose  the  best\nBMP to address a specific concern.  Furthermore, the data\ncan be used to measure the benefits of each BMP installed. \n27\nUSGS  Monitoring  Station  installed  on\nBee Lake in the fall of 2005.\n\nThe USGS will also be installing a permanent water monitoring station on Bee Lake to measure tur-\nbidity, lake level, pH, conductivity, temperature, and other baseline water quality measurements.  The\ndata will be “real time” and downloaded to the USGS server hourly.  The data will be posted on the\nUSGS website.  This will enable the WIT and MDEQ to monitor improvements in turbidity and other\nwater quality measurements during pre and post project implementation.\n(f).MS Dept. of Environmental Quality\nMDEQ shall provide 50% of the cost of the USGS water quality monitoring station through a cooper-\native agreement with the USGS.\n(g).Private Landowners\nAlthough almost every BMP that will be implemented through this plan will be cost-shared, none will\nbe 100% cost-shared.  Therefore, the private landowners and farmers in the watershed will be required\nto provide equipment, labor, fuel, and some money to off set the cost of implementation. \n2.Best Management Practices (BMP) Activities\nTo properly address sedimentation, turbidity, and all ag related non-point source pollution in Bee Lake,\na suite of BMPs must be installed throughout the watershed.  These BMPs may include, but are not\nlimited to:\n•Structures for Water Control (+/- 50 units)\n•Overfall Pipes (+/-20 units)\n•Riparian Buffers (+/-20 acres)\n•Grass Filter Strips (included in riparian buffer estimate)\n•Grass Waterways (+/-15 acres)\n•Stiff Grass Hedges (+/-20 sites)\n•Field Borders (+/-5 acres)\n•Land Forming (+/-500 acres)\n•Bank Stabilization (as needed, +/-15 sites, may include grass waterway estimate)\n•Cover/Double Cropping (+/-500 acres)\n•Drainage Improvement (+/-2 miles)\nDelta Wildlife will work with the landowners and the WIT to survey the watershed and identify areas of\nconcern.    Then,  Delta  Wildlife  will  work  with  the  landowner  to  identify  solutions  to  the  concern  and\ndevelop an implementation plan specific to his/her property.  Funding for the implementation of each\npersonal  implementation  plan  will  vary.    USDA funding  will  be  targeted  first,  followed  by  Mississippi\nPartners for Fish and Wildlife and other sources.  If no funding is available through these sources, \n28\n\nSection 319 funds will be used if the need is critical.  If USDA funding is used, NRCS staff and engi-\nneers will survey, design, and certify BMP installations.  If other sources are used, qualified profession-\nals and/or engineers will be used to survey, design, and certify BMP installations.  Ultimate responsi-\nbility for ensuring installation of these measures rests with MDEQ under MS Code Ann. 49-17-29(a)\n(2).\nRegardless of the funding source, the long-term maintenance of BMPs installed through this WIP will\nbe  the  responsibility  of  the  private  landowners.    USDA funded  projects  will  required  maintenance\nagreements, as will Mississippi Partners for Fish and Wildlife projects.  15-year minimum maintenance\nagreements will also be required on projects funded through Section 319.  Section 319 maintenance\nagreements  will  be  held  and  monitored  by  Delta  Wildlife  through  December  31,  2007  and  then  the\nMississippi Department of Environmental Quality. \n3.Schedule\nThe first process in implementation is the identification of sites for treatment.  This survey process was\ncompleted in March of 2006.  Implementation plans for each landowner will then be developed.  BMPs\nwill be designed and engineered to USDA-NRCS specifications.  Funding for implementation will then\nbe  identified,  and  once  secured,  each  approved  practice  will  be  installed.    Installation  of  BMPs  will\nbegin in 2006 and continue through 2007.  The USGS monitoring station was installed in September,\n2005.    Delta  Wildlife  will  submit  reports  on  the  progress  of  implementation  bi-annually  to  MDEQ\nthrough December 31, 2007.\n4.Budget\nProjected costs, for implementing practices required by this plan are listed in the table below.  Funding\nfor  these  items  include  USDA,  Mississippi  Partners  for  Fish  and  Wildlife,  Section  319,  and  private\nlandowners.\n29\n\nTable 7.1.  Projected Costs for Agricultural BMPs\nB.WEIR RECONSTRUCTION – DESIRED BENEFITS\nThe  objective  of  this  action  is  to  reconstruct  the  existing  weir  in  order  to  maintain  an  adequate  lake\nlevel in Bee Lake when the Yazoo River and Tchula Lake drop below the lake’s outlet elevation. A reli-\nable  weir  is  critical  to  sustain  an  adequate  lake  depth  for  year-round  recreational  fishing  and  water\nstorage capacity for surface water irrigation.  Furthermore, an improved weir will reduce head cutting\nand associated sediment loading in the lake.  The fisheries, water quality, water supply, aesthetics, and\neconomy of the watershed depend on a reliable and functioning weir.  A reliable weir is the single most\nimportant component of this WIP. \nA new weir will ensure Bee Lake’s ability to store at least 7,000 acre/feet of water for recreational fish-\ning and surface water irrigation.  Currently, the lake provides water for 15-20 permitted surface water\nusers and would provide ample water to permit additional users in the future.  Furthermore, the weir\nwould maintain an average depth of 7.1 feet throughout the lake, maximizing fisheries potential.\n1.Participants\n(a).Yazoo-Mississippi Delta Joint Water Mgt Distric"
}