{
  "slug": "red-bud-catalpa-creek-watershed-plan-2016",
  "source": "Red_Bud_Catalpa_Creek_Watershed_Plan_2016.pdf",
  "length": 299315,
  "part": 10,
  "text": "ed in this resource concern:  (338), (394), (490), & (666). \n (647) Early Successional Habitat Development & Management – Manage plant \nsuccession to develop and maintain early successional habitat to benefit desired \nwildlife and/or natural communities such as nesting areas and transition zones \nby disking.  Associated practices listed in this resource concern:  (314), (315), \n(338), (394), (386), & (666). \n (666) Forest Stand Improvement – Manipulating species composition and \nstocking by cutting or killing selected trees and understory vegetation.  To \nenhance and improve a stand of trees, to conserve soil and water, to improve \nwildlife habitat, or to produce wood crops for diverse wildlife habitat.  \nAssociated practices listed in this resource concern:  (315), (338), (394), & (647). \nSelection and Siting of Management Practices.  NRCS and Oktibbeha County Soil & \nWater Conservation District staff have developed an estimated annual budget for \nimplementation of appropriate management practices to address the four resource \nconcerns in the Catalpa Creek Watershed.  Site selection will be based upon best \nprofessional judgment of NRCS and Oktibbeha County Soil & Water Conservation \nDistrict staff, and MSU researchers with experience in the Catalpa Creek Watershed, \nmonitored water quality analytical results, and observed conditions.  \nNRCS Estimated Average Annual Cost for Each Resource Concern.  Resource \nConcern-specific tables (Table 11.1.1,Table 11.1.2,Table 11.1.3,Table 11.1.4)and \naverage yearly estimates (Table 11.1.5) illustrate NRCS’ estimates for implementing \nbest management practices in one year to address the resource concerns identified \nfor the Catalpa Creek Watershed.  Total costs for a three-year implementation are \nincluding in Table 11.1.6.\n\n \n \nWRMP for Red Bud – Catalpa Creek Watershed_Final   80 \n \n \nTable 11.1.1. NRCS’ Estimated Average Annual Cost for Resource Concern:  Water Quality – Sedimentation. \nPRACTICE \nCODE UNIT TYPE \nUNIT ESTIMATE \nAVERAGE NRCS COST \nNUMBER OF \nAVERAGE UNITS \nONE YEAR \nAVERAGE \nESTIMATED COST \nNRCS COST CAPS \nPER CONTRACT \nASSOCIATED \nPRACTICES \n     \n  \n340 acre $79.29 100 $7,929.00   \n342 acre $248.10 3 $744.30   \n350 Cu. Yd. $3.13 3500 $10,955.00  342 \n362 Cu. Yd. $2.28 500 $1,140.00  342, 412, & 620 \n386 acre $476.27 10 $4,762.70   \n393 acre $126.96 10 $1,269.60   \n410 each $10,000.00 2 $20,000.00  342 & 460 \n412 acre $1,648.48 10 $16,484.80  342 & 620 \n460 acre $368.06 3 $1,104.18   \n580 Ln.Ft./Cu.Yd. Determined by Staff $0.00 $40,000 - $50,000 342 \n600 feet $1.54 2500 $3,850.00  342 & 620 \n620 feet $7.42 900 $6,678.00   342, 412, & 600 \n \n  \n\n \n \nWRMP for Red Bud – Catalpa Creek Watershed_Final   81 \n \nTable 11.1.2. NRCS’ Estimated Average Annual Cost for Resource Concern:  Grazing Lands. \nPRACTICE \nCODE UNIT TYPE \nUNIT ESTIMATE \nAVERAGE NRCS COST \nNUMBER OF \nAVERAGE UNITS \nONE YEAR \nAVERAGE \nESTIMATED COST \nNRCS COST CAPS \nPER CONTRACT \nASSOCIATED \nPRACTICES \n315 acre $21.85 35 $764.75  528, 590, & 595 \n342 acre $248.10 5 $1,240.50   \n362 Cu. Yd. $2.28 300 $684.00  342 \n378 Cu. Yd. $4.00 2688 $10,752.00 $6,300 - $7,500 \n342, 382, 516, \n& 614 \n382 feet $1.91 10000 $19,100.00 $7,500 - $9,000  \n410 each $10,000.00 2 $20,000.00  342 & 460 \n460 acre $368.06 2 $736.12 Limited to purpose  \n512 acre $180.26 15 $2,703.90 $7,300 - $ 8,800 315 & 528 \n516 feet $1.75 4000 $7,000.00 $1,380 - $1,660 342 & 614 \n528 acre $25.52 25 $638.00 $2,000 - $2,500  \n561 Sq Ft. $1.04 6300 $6,552.00  342, 516, & 614 \n576 Sq Ft. $2.83 2000 $5,660.00 $7,800 - $9,400 382, 528, & 614 \n578 Sq Ft. $3.55 800 $2,840.00 $10,000 - $12,000 342 & 382 \n614 Gallon $2.93 2100 $6,153.00   342, 516, & 561 \n  \n\n \n \nWRMP for Red Bud – Catalpa Creek Watershed_Final   82 \n \n \nTable 11.1.3. NRCS’ Estimated Average Annual Cost for Resource Concern:  Sustainable Forestry. \nPRACTICE \nCODE UNIT TYPE \nUNIT ESTIMATE \nAVERAGE NRCS COST \nNUMBER OF \nAVERAGE UNITS \nONE YEAR \nAVERAGE \nESTIMATED COST \nNRCS COST CAPS \nPER CONTRACT \nASSOCIATED \nPRACTICES \n315 acre $50.49 5 $252.45 $3,200 - $3,800 666 \n338 acre $42.35 50 $2,117.50  666 \n342 acre $248.10 5 $1,240.50   \n394 feet $0.26 5800 $1,508.00 $2,400 - $4,300 338 & 666 \n410 each $10,000.00 2 $20,000.00  342 & 460 \n460 acre $368.06 4 $1,472.24   \n490 acre $186.00 50 $9,300.00  \n338, 394, 612, \n& 666 \n612 each $0.46 31100 $14,306.00  \n338, 394, 490, \n& 666 \n666 acre $135.66 50 $6,783.00 $5,200 - $6,200 315, 338, & 394 \n  \n\n \n \nWRMP for Red Bud – Catalpa Creek Watershed_Final   83 \n \nTable 11.1.4. NRCS’ Estimated Average Annual Cost for Resource Concern: Declining Wildlife Habitats. \nPRACTICE \nCODE UNIT TYPE \nUNIT ESTIMATE \nAVERAGE NRCS COST \nNUMBER OF \nAVERAGE UNITS \nONE YEAR \nAVERAGE \nESTIMATED COST \nNRCS COST CAPS \nPER CONTRACT \nASSOCIATED \nPRACTICES \n       \n314 acre $52.68 4 $210.72  647 & 666 \n315 acre $50.49 10 $504.90 $3,200 - $3,800 647 & 666 \n338 acre $42.35 10 $423.50  647 & 666 \n386 acre $476.27 4 $1,905.08  647 \n394 feet $0.26 2000 $520.00 $2,400 - $4,300 338, 647, & 666 \n490 acre $186.00 10 $1,860.00  \n338, 394, 612, \n& 666 \n512 acre $378.11 4 $1,512.44 $7,300 - $8,800 315 & 647 \n587 Dia.Ln.Ft. $1.87 2200 $4,114.00   \n612 each $0.46 6000 $2,760.00 $500 - $4,500 \n338, 394, 490, \n& 666 \n647 acre $23.10 10 $231.00  \n314, 315, 338, \n394, 386,  \n& 666 \n666 acre $135.66 10 $1,356.60 $5,200 - $6,200 \n315, 338, 394, \n& 647 \n  \n\n \n \nWRMP for Red Bud – Catalpa Creek Watershed_Final   84 \n \nTable 11.1.5. NRCS Estimated Average Annual Cost for Four Resource Concerns. \nRESOURCE CONCERN ESTIMATED ANNUAL COST \nWater Quality – Sedimentation  $74,917.58 \nGrazing Lands  $84,824.26 \nSustainable Forestry $56,979.69 \nDeclining Wildlife Habitats $14,398.24 \nAdministrative Costs $5,000.00 \nTotal $236,119.78 \n \nTo determine restoration success, a comprehensive monitoring plan is being developed \nfor Catalpa Creek Watershed that addresses water quality and habitat monitoring \n(Section 12). At the advent of the restoration component of this watershed-scale \nproject, it is anticipated that implementation of management practices should occur at a \nconsistent level over a three-year period. Post-implementation monitoring will then \ndetermine whether additional management practices should be implemented to \nachieve the desired goals and targets and/or the level of protection that will be needed \nto protect the restoration achievements.  \nTable 11.1.6. NRCS Estimated Cost for Four Resource Concerns for Three Years. \nRESOURCE CONCERN ESTIMATED ANNUAL COST ESTIMATED THREE YEAR COST \nWater Quality – Sedimentation  $74,917.58 $224,752.74 \nGrazing Lands  $84,824.26 $254,472.78 \nSustainable Forestry $56,979.69 $170,939.07 \nDeclining Wildlife Habitats $14,398.24 $43,194.72 \nAdministrative Costs $5,000.00 $15,000 \nTotal $236,119.77 $708,359.31 \n \nAdditional NRCS Practices Under Consideration.  In addition to the practices \nrecommended above, NRCS has identified additional common management practices \nused by agricultural producers in Catalpa Creek Watershed area. These practices are \nbeing considered for future protection activities in the watershed.    \n NRCS Practice Code:  Conservation Practice Name: \n (102)   Comprehensive Nutrient Management Plan \n (104)   Nutrient Management Plan (NMP) \n (106)   Forest Management Plan (FMP) \n (110)   Grazing Management Plan (GMP) \n (114)   Integrated Pest Management Plan (IPM) \n (142)   Fish and Wildlife Habitat Management Plan \n (201 & 202)  Edge of Field Water Quality Monitoring \n (327)   Conservation Cover \n (328)   Conservation Crop Rotation \n\n \n \nWRMP for Red Bud – Catalpa Creek Watershed_Final   85 \n \n (329)   Residue Mgt./Conservation Tillage   \n (391)   Riparian Forest Buffer \n (449)   Irrigation Water Management \n (472)   Use Exclusion/Access Control \n (516)   Pipeline (livestock) \n (558)   Roof Run Off Structures (Not a cost shared practice in \nMississippi yet.  Is listed as a NRCS conservation practice.)  \n (590)   Nutrient Management   \n (595)   Integrated Pest Management    \n (641)   Watering Facility  \n11.2 STREAM MORPHOLOGY AND FUNCTION RESTORATION \n \nActivities to improve the function of Catalpa Creek will follow the framework outlined in \n“A Function-based Framework for Stream Assessment and Restoration Projects” (Harman \net al., 2012). The framework is based on hierarchical relationships between hydrology \n(Level 1), hydraulics (Level 2), geomorphology (Level 3), physicochemistry (Level 4), and \nbiology (Level 5) in a conceptual pyramid with hydrology at the base moving upward to \nbiology.  \nThe application of this framework will entail the evaluation of the hydrological and \nhydraulic changes that have occurred in the past and contribute to their current \ncondition, as well as geomorphological and biological attributes in the present. The \nevaluation will apply knowledge from existing stable reference reaches in the headwater \ntributaries and upper reaches of Catalpa Creek (where available); the integrated modeling \nof existing watershed hydrology, stream hydraulics and sediment transport, and channel \nmorphology conditions; and the modeling of changes associated with proposed typical \nstream restoration design scenarios. \nTypical design scenarios would address hydrodynamic processes, sediment transport \nprocesses, stream stability and riparian buffer restoration, which according to Fischenich \n(2006), are the most fundamental stream functions and processes that create and \nmaintain the diverse biological communities, chemical and nutrient processes, diverse \nhabitats, and water and soil quality improvement in a stream, being the more dependent \nfunctions that typically require time to be established in a fluvial system.  \nBased on the physical and economic constraints identified from the entailed evaluation, \nthe restoration design scenarios of existing incised streams would search for establishing \na connection between the bankfull stage of the channels and its floodplain, or stabilizing \ndegraded streams, while addressing the underlying processes that create and maintain \nstream biological functions. In other words, the priority levels for the restoration of \nincised streams developed by Rosgen (1997) is the chosen approach to replace the incised \n\n \n \nWRMP for Red Bud – Catalpa Creek Watershed_Final   86 \n \nchannel with a new, stable stream at a higher elevation (Priority 1), or to widen or create \na new stable stream and floodplain at the existing channel bed elevation (Priorities 2, and \n3). Channel stabilization techniques using in-stream structures and bioengineering to \ndecrease streambed and streambank erosion (Priority 4) would be used only along highly \nconstrained environments.   \nA monitoring and management plan will be prepared and implemented to evaluate not \nonly the criteria used, but how well the criteria met the objectives; direct any necessary \nmodifications or improvements for future work; and validate the models used for \nassessment leading to the design to ensure that predictions are correct in relation to \nobservations. \nImplementation monitoring would determine if the design variables, structures and \nriparian plantings were constructed or established correctly. The natural variability of \nstream-type morphological data should be used to help evaluate if the channel \ndimension, pattern and profile were implemented within a range that matches the \nnatural variability of the reference reach data. \nEffectiveness monitoring would evaluate if the intended objectives of the restoration \nwere met. It will also determine if post-runoff channel adjustments following restoration \nfall within the range of natural variability for dimension, pattern and profile data. \nValidation monitoring would evaluate if the predictions match the post-restoration \nresponse. This monitoring is directed at the response of post runoff, such as streambank \nerosion reduction and bed stability vs. the predicted response generated from hydrology, \nhydraulic, sediment transport and channel evolution modeling. \nPhysical monitoring would involve cross-sections and longitudinal profiles resurveys to \ncheck post-restoration construction (implementation) vs. post-runoff response \n(effectiveness). The biological monitoring should include pre- and post-restoration \npopulation estimates and macro-invertebrate inventories. Vegetative mortality and \nsurvival plots will establish post-restoration success response. \nA management plan for the Catalpa Creek Watershed will be developed to ensure that \nthe implemented design is successful. The plan would include replanting or seeding \nreestablished riparian vegetation; post-runoff inspections of structures for grade control, \nstreambank stabilization, cross roads, or fish habitat enhancement; post-runoff \ninspections for the dimension, pattern, and profile of the design to verify restored \nreaches stay within the natural variability of stable reference channels within each typical \ndesign scenario. \n \n\n \n \nWRMP for Red Bud – Catalpa Creek Watershed_Final   87 \n \n11.3 SURFACE WATER QUALITY AND HABITAT RESTORATION AND PROTECTION IN THE URBAN \nENVIRONMENT   \n \nRestoration and protection activities in the urbanized area of the Catalpa Creek \nWatershed will focus largely on MSU’s campus. Fortuitously, MSU’s Master Plan \ncomprehensively addresses this issue.  \n \nMSU Master Plan.  In 2010, MSU released its Master Plan that provides a vision for the \nfuture and serves as a living document that establishes a framework that conceptualizes a \nlong-term strategic view for future campus development (MSU, 2010). The Master Plan \npromotes sustainable and responsible development with the aim of enriching the natural \nenvironment, local community and campus life. It concentrates academic, research and \nsupport facilities in the central campus area, limits impacts on surrounding farm land and \nwooded areas, aims to utilize existing infrastructure efficiently and promotes a collegiate, \npedestrian—scale environment.  \nThe sustainable design strategies of the Master Plan address the relationship between \nthe quality of life, the local climate and resource consumption patterns, and addresses \nenvironmental sustainability in four key areas – land use, water resources, climate \nresponse (energy and atmosphere), and mobility. Because of the location of a portion of \nMSU’s campus in the headwaters of the Catalpa Creek Watershed, the need and \nopportunity exists to integrate urban land use planning contained in MSU’s Master Plan \nwith watershed-scale planning for the 28,939 acre watershed.  \nThe following portions of the Mississippi State University 2010 Master Plan were \noriginally produced by consultant LPK Architects, P.A. and provided by the MSU Master \nPlan Development Advisory Committee (MSU, 2010). Parts of the following information \nare excerpted and/or paraphrased from various sections of MSU’s Master Plan.  \nMaster Plan Principles.  MSU’s Master Plan embraces the concept of sustainability and is \ninformed by a comprehensive range of social, environmental and economic principles. \nThe environmental principles are identified below. \n \nNatural Environment \nClimate – sustainable building and landscape design requires an understanding of the \nlocal climate conditions and the impact these conditions have on human comfort, energy \nuse, and rainwater management. In response, the Master Plan provides specific guidance \nfor building orientation and the use of landscape to address shading and rainwater (storm \nwater) management objectives. \nHabitat – as a land grant institution, the way in which MSU protects the land resources, \nforests and the habitats of the campus is a reflection of the sustainability values of the \n\n \n \nWRMP for Red Bud – Catalpa Creek Watershed_Final   88 \n \ninstitution. The Master Plan provides policies, planning and design guidance to ensure \nthat sustainable land management practices are incorporated. \nHydrology – with the focus on sustainability, storm water management concepts are \nincorporated in the landscape and infrastructure design recommendations for the \ncampus and the surrounding context. Storm water is noted to be a community-wide \nconcern given the way in which off campus development affects the hydrological \nconditions on the campus and vice versa. The Master Plan recommends a comprehensive \nstorm water management strategy for the campus utilizing low-impact design techniques \ncombining engineering with landscape elements. The intended outcome is a storm water \nstrategy featuring ponds, bioswales, and rain gardens that manage water above ground in \nassociation with landscape solutions that improve the aesthetic qualities of the campus \nenvironment. \nBuilt Environment \nLand use – MSU’s legacy as a land grant University is evident in the 4,400 acre main \ncampus and extensive land holdings across the state. To ensure that land resources are \nprovided to support the existing and future mission of MSU, the Master Plan includes \npolicies and planning guidance to protect and preserve land for mission-related purposes. \nLandscape – sustainable landscape practices are proposed in the Master Plan to assist the \nUniversity in developing a “working landscape”.  A working landscape strategically \npositions trees and other landscape elements to provide shade, mitigate the heat island \neffect and contribute to a comprehensive storm water management strategy. A working \nlandscape contributes to energy efficiency goals by shading buildings and horizontal \nsurfaces, thereby, reducing the air conditioning loads on buildings. The landscape can also \nbe viewed as a location for geothermal energy. \nSpace – providing appropriate and adequate space to support the academic, research and \noutreach mission of MSU is a key goal of the Master Plan. The space needs \nrecommendations are based on an understanding of the building conditions assessments \nand the space needs analysis. Building renovation and demolition recommendations are \nprovided al"
}