{
  "slug": "pickwick-reservoir-watershed-plan-2009",
  "source": "Pickwick_Reservoir_Watershed_Plan_2009.pdf",
  "length": 67802,
  "part": 4,
  "text": " Macroinvertebrate data will be collected twice during each five year interval.  Initial data will be \ncollected at the beginning of the project (2008).  Additional data will be collected after three \nyears (2011) and again after two more years (2013).  If additional funding is available to extend \nthe project beyond the original three years, monitoring will continue on the three/two year \ninterval throughout the project life. \n \n Fish data will be collected every five years.  Initial data will be collected at the beginning of the \nproject (2008) and additional data will be collected in five years (2013). \n \n Under TVA’s current valley monitoring plan, all hydrologic units in the Tennessee Valley are \nmonitored every five years for biological health.  Both macroinvertebrate and fish data are \ncollected.  Typically only one site is sampled in each hydrologic unit; however, TVA currently \nmonitors two sites in the Yellow Creek watershed.  In the Bear Creek watershed, TVA has only \none routine monitoring location, but also collects data at two sites immediately downstream of \nthe project area in Alabama (see Sample Locations). \nPickwick Reservoir Watershed Management Plan Page 29  \n\n  \nBiological Sample Locations \n \n In the Yellow Creek watershed, biological data will be collected at two locations.  These two \nsites are located in the lower reaches of each stream’s watershed and are both part of TVA’s \nroutine monitoring efforts. \n¾ Caney Creek at Mississippi Highway 365 \n¾ Little Yellow Creek at Mississippi Highway 365 \n \n In the Bear Creek watershed, biological data will be collected at five locations.  One of these \nlocations is part of TVA’s routine monitoring efforts. \n¾ Bear Creek at Mississippi Highway 30 (TVA routine location) \n¾ Bear Creek at County Road 86 \n¾ Cripple Deer Creek at County Road 157 \n¾ Cripple Deer Creek at the Alabama/Mississippi state line (Vulcan Quarry) \n¾ Holly Branch at County Road 85 \n \nChemical Monitoring\n \n \nChemical monitoring during this project will consist of multiple parameters sampled on a monthly basis \nthroughout the project period.  Minimal historical data is available for these watersheds.  Baseline data \nwill be obtained during the first year of the project period.  Comparison with the following two years \nwill be made to determine if improvements can be documented or if additional data must be collected \nafter the first phase of the project.  Portions of both Bear and Caney Creek watersheds are considered \nbiologically impaired possible due to sediment contamination.  Measurements of total suspended solids \n(TSS) and turbidity will be used to tract reductions in sediment loading in these streams.  Biological \nimpairment of Caney Creek may also be caused by organic enrichment and subsequent low dissolved \noxygen levels.  Measurements of dissolved oxygen (DO) and biological oxygen demand (BOD) will be \nused to tract conditions.  Since nutrient loading in a stream greatly affects conditions leading to low DO \nimpairment (i.e. algal blooms), nitrogen (TKN, NO\n2\n-NO\n3\n and NH\n3\n-N) and Phosphorus (TP) levels will \nalso be monitored.  Since most devices used to measure DO also contain temperature, pH and \nconductivity capabilities, these parameters will also be measured.  Alkalinity and hardness will be \nmeasured when possible to provide general information about the conditions in these watersheds \n \nStandard operating procedures (SOP) and quality assurance/quality control (QA/QC) manuals of any \norganization (field crews or laboratory) must meet minimum MDEQ and TVA requirements.  In-situ \nparameters will be made using calibrated devices or other similar method.  Laboratory parameters will \nbe processed by an approved laboratory.  Sample collection, handling and analysis will be conducted \nusing approved SOP and follow QA/QC guidelines. \n \nPickwick Reservoir Watershed Management Plan Page 30  \n\n  \nChemical Sample Schedule \n \n All parameters will be sampled monthly at all sites.  Since dissolved oxygen and pH levels are \ngreatly influenced by aquatic plant photosynthesis activities, measurements of these parameters \nin the Yellow Creek watershed must be made before 10:00 a.m. during summer months (May-\nSeptember).  If low DO or high pH conditions are determined at other locations during the first \nyear (2009), samples will be made before 10:00 a.m. during future years.  If significant \nfluctuations in DO and/or pH are suspected or measured, additional samples may be taken \nbetween 1:00 p.m. and 4:00 p.m. on the same days of morning measurements. \n \nChemical Sample Locations\n \n \n In the Yellow Creek watershed, chemical data will be collected at six locations. \n¾ Choate Creek at County Road 260 (Alcorn County) \n¾ Coke Creek at County Road944  \n¾ Caney Creek at Mississippi Highway 365 \n¾ Caney Creek at County Road 300 \n¾ Little Yellow Creek at Mississippi Highway 365 \n¾ Little Yellow Creek at mouth \n \n In the Bear Creek watershed, chemcial data will be collected at nine locations. \n¾ Bear Creek at Mississippi Highway 30 \n¾ Bear Creek at Natchez Trace Parkway (or at Tishomingo State Park canoe access) \n¾ Bear Creek at County Road 86 \n¾ Bear Creek at County Road 68 \n¾ Cripple Deer Creek at Mississippi Highway 25 \n¾ Cripple Deer Creek at County Road 157 \n¾ Cripple Deer Creek at the Alabama/Mississippi state line (Vulcan Quarry) \n¾ Little Cripple Deer Creek at County Road 957 \n¾ Holly Branch at County Road 85 \n \nChemical Monitoring – BMP site locations\n \n \nAdditional chemical monitoring, using same methods and parameters as monthly monitoring efforts, \nwill be conducted at selected BMP locations, as feasible.  Locations will be selected based on access and \nlikely direct impact of BMP installation.  Samples will be collected during or immediately after storm \nevents with at least two inches of rainfall in a twenty-four hour period.  At least three samples will be \ncollected before the BMP’s are installed.  After installation, samples will be collected during similar \nstorm events (same magnitude and season) to determine BMP effectiveness.  Since some BMP’s require \nmultiple years to become effective (vegetative buffers, biological stabilization, etc.), monitoring may be \nneeded for several years after installation before effectiveness can be determined. \nPickwick Reservoir Watershed Management Plan Page 31  \n\n  \nProject Budget \n \nPrimary funding of project activities will be made through a Clean Water Act, Section 319 grant from \nEPA through MDEQ and matching funds from various partners.  Estimated project costs for initial BMP \ninstallation are approximately $1.5 million, including in-kind services and cost-shares.  Matching funds \nwill be provided by various Implementation Team members, stakeholder groups and participating land \nowners.  See Table 1 for a summary of anticipated expenses. \n \nTable 1 – Budget Summary for Project Implementation \n \nTotal Expenditure \nGrant (Federal) \nFunds \nMatching Funds \nPersonnel \n$524,150.00                $134,400.00                $389,750.00                \nAdministration                  $47,400.00                  $35,400.00                  $12,000.00                  \nProject                  Coordination                  $123,000.00                  $84,000.00                  $39,000.00                  \nMonitoring                                           $60,000.00                                           $0.00                                           $60,000.00                                           \nSource Water Assessment $51,000.00 $15,000.00 $36,000.00 \nBMP Activities $242,750.00 $0.00 $242,750.00 \nTravel \n$11,500.00                           $0.00                           $11,500.00                           \nSeptic System Seminars $1,500.00 $0.00 $1,500.00 \nSource Water Assessment $1,000.00 $0.00 $1,000.00 \nAdministration                                       $3,000.00                                       $0.00                                       $3,000.00                                       \nProject Coordination $6,000.00 $0.00 $6,000.00 \nEquipment \n$0.00                           $0.00                           $0.00                           \nSupplies \n$841,950.00                $690,675.00                $151,275.00                \nEducation                    Supplies                    $10,200.00                    $6,675.00                    $3,525.00                    \nBMP                Activities                $831,750.00                $684,000.00                $147,750.00                \nContractual \n$0.00$0.00$0.00\nConstruction \n$0.00$0.00$0.00\nEducation/Outreach \n$78,000.00                           $0.00                           $78,000.00                           \nPublic Education/Outreach $60,000.00 $0.00 $60,000.00 \nField Day Tours $8,100.00 $0.00 $8,100.00 \nForestry BMP Education $3,600.00 $0.00 $3,600.00 \nBoater Education $4,500.00 $0.00 $4,500.00 \nSeptic System $1,800.00 $0.00 $1,800.00 \nOther \n$12,250.00                  $12,250.00                  $0.00                  \nLand Owner Incentives $12,250.00 $12,250.00 $0.00 \nIndirect Charges \n$0.00$0.00$0.00\nTotal                $1,467,850.00                $837,325.00                $630,525.00                \n \nPickwick Reservoir Watershed Management Plan Page 32  \n\n  \nImplementation of the Plan \n \nThe Pickwick Reservoir Watershed Implementation Team was developed in 2005 to address water \nquality problems in the Yellow and Bear Creek watersheds.  In 2007-2008, the Implementation Team \nrequested, and has received grant money to help address these issues.  During the spring of 2008, a \nwatershed coordinator was hired to oversee project activities and coordinate efforts of local and agency \npartners. \n \nPublic forums will begin during the summer and fall of 2008 to increase awareness of water quality \nissues with local land owners.  These forums will be structured to provide background watershed \ninformation to local residents, government officials and agencies, and industrial and private land owners.  \nThese forums will hopefully generate enough interest in the Pickwick Reservoir watershed to fully \nimplement this watershed plan.  Cooperating partners will conduct numerous activities to address water \nquality issues in the watershed.  Project activities will be conducted during a three-year period to \nimplement all major actions (i.e., BMP installation) in the plan.  Continued monitoring and project \ncoordination will be conducted for at least 10 years to determine overall success of the efforts.  \nOversight of each aspect of project activities will be assigned to one or more of the participating \npartners; however, other partners will participate and assist with each activity.  These activities are \noutlined in the following timeline. \n \nActivity                                                    Initiation                                                    Completion                                                    Partner                                                    Oversight                                                    \nSeek grant funds to assist land \nowners with BMP installation \nMay 2006 May 2008 MSWCC, MFC, TVA \nProvide a Watershed Coordinator \nfor project oversight \nMarch 2008 End of project SWCD \nSolicit land owner participation in \ncost share programs \nJune 2008 August 2011 SWCD, MFC \nDevelop demonstration sites to \nincrease public awareness/ \ninvolvement \nJune 2008 June 2009 TVA, SWCD, MFC \nHost site tour to highlight BMPs \nand watershed activities \nJune 2009 End of project TVA, SWCD, MFC \nDevelop Source Water Assessment \nfor Short Coleman Water \nAssociation \nJune 2008 June 2009 TVA \nDevelop Source Water Protection \nPlan for Short Coleman Water \nAssociation \nJuly 2009 March 2010 MDEQ, EPA, TVA \nConduct educational events for \npublic awareness and participation \nSeptember 2008 End of project TVA, EPA \nProvide regular project updates to \npartners, local residents, \ngovernment officials and \ninterested parties \nJune 2008 End of project All partners \n \nPickwick Reservoir Watershed Management Plan Page 33  \n\n  \nProject Timeline (continued) \nActivity                                                    Initiation                                                    Completion                                                    Partner                                                    Oversight                                                    \nEstablish BMPs on lands \nthroughout the watershed to \nreduce pollution loading \nJune 2008 End of project SWCD, MFC \nConduct septic system education \nevents and assist home-owners \nwith failing septic systems \nJune 2008 End of project TVA, EPA \nConduct water quality protection \nevents with reservoir user groups \nto increase awareness for source \nwater protection \nOctober 2008 End of project TVA \nConduct regular public meetings \nto provide updates/information \nJune 2008 End of project All partners \nMonitor chemical status September 2008 December 2011 TVA, MDEQ \nMonitor biological status January 2008 December 2013 TVA, MDEQ \n \nPickwick Reservoir Watershed Management Plan Page 34  \n\n  \nPickwick Reservoir Watershed Management Plan Page 35  \n \nReferences \n \nMississippi Department of Environmental Quality, “Mississippi 2006 Section 303(d) List of Impaired \nWater Bodies, Draft”, April 2007 \n \nMississippi Department of Environmental Quality, “Mississippi 2008 Section 303(d) List of Impaired \nWater Bodies”, Draft, April 2008 \n \nMississippi Department of Environmental Quality, “TMDL, Bear Creek Watershed for Biological \nImpairment Due to Sediment”, October 2005 \n \nMississippi Department of Environmental Quality, Surface Water Division website, \nhttp://www.deq.state.ms.us/MDEQ.nsf/page/SurfaceWater_home\n \n \n\n \nAppendix A \n  "
}