{
  "slug": "ross-barnett-reservoir-watershed-plan-2011",
  "source": "Ross_Barnett_Reservoir_Watershed_Plan_2011.pdf",
  "length": 1021493,
  "part": 14,
  "text": " \n \n \n9-2 \nTable 9.1. Programmatic indicators. \n \nIndicator \nGoals \nShort-Range \n(year 1 to 2) \nMid-Range \n(year 2 to 10) \nLong-Range \n(after year10) \nAwareness of the importance of the Reservoir \nand the quality of its water \n \n*This would be measured by stakeholder \nsurveys. Surveys will measure stakeholder \nawareness and willingness to change behaviors \nto improve water quality. \nConduct survey \nShow \nimprovement in at \nleast three survey \ncategories \nMore than 90% of \ncitizens aware  \nImplementation of homeowner management \nmeasures including reduced fertilizer use, rain \ngarden/rain barrel installation, and preserving \nbuffer zones, vegetation, and trees.  \nFive demonstration \nprojects \nMeet goals for \ntargeted HUC12s \n(see Section 7.0) \nWide acceptance \nand use \nVisits to the Rezonate website 100/year 500/year \nMore than \n1,000/year \nParticipation in Watershed Implementation \nTeams \nOne team formed, \nminimum of seven \nindividuals per \nteam \nTwo teams \nformed and \nfunctioning \n87 teams formed \nand functioning \nand coordinating \nthrough the Pearl \nRiver Basin Team\nFunding available for implementation of WIPs \nFederal \nimplementation \nfunds  \nFederal and \nfoundation \nimplementation \nfunds \nFederal, \nfoundation, and \nprivate \nimplementation \nfunds \nNumber of schools using the curriculum and \nparticipating in WaterFest challenge events \n2                              10                              20                              \nAttendance at WaterFest and sponsorship \nfunding \n2,500 attendees, \n$10,000 \n3,500 attendees, \n$25,000 \n5,000+ attendees,\n$50,000+ \nLength of areas with active bank failures \nMeasure current \nconditions \n30% reduction 50% reduction \nNumber of construction sites with citations due \nto inadequate BMPs \nLess than 5% of \nactive permits \nLess than 2% of \nactive permits \nLess than 1% of \nactive permits \nReservoir management costs for removal of \nlitter and dredging \nNo increase \n20% decrease in \ncosts \n50% decrease in \ncosts \nCost of drinking water treatment and number of \ncomplaints related to drinking water quality \nLess than 10% increase in cost; no increase in annual \nnumber of complaints \nImplementation of recommended management \nmeasures (i.e., bioretention, riparian buffer \nzones, shoreline protection) for priority HUC12s\nGoals will be developed in WIPs. \n \nEnvironmental indicators are listed in Table 9.2. Annual evaluation of these indicators \nwill be based on water quality monitoring results. The long-term goal for environmental \nindicators is to meet the goals defined in Section 6.0. For example, meeting water quality criteria \n\n \nOctober 31, 2011 \n \n \n \n9-3 \nfor pollutants with established criteria, and no nuisance conditions caused by pollutants without \nestablished criteria. The environmental indicators should also be evaluated on an annual basis \nand compared with previous year’s data. \n \nTable 9.2. Environmental indicators. \n \nPollutant Indicators \nSediment \n• Measurements of TSS and water clarity (Secchi depth) at base \nmonitoring stations. \n• Measurements of turbidity at the drinking water intake (measured by the \nCity of Jackson). \n• Estimates of sedimentation rates in selected parts of the Reservoir \n(tons/year or inches/year) measured with a bathymetric survey and \nestablished sediment ranges OR sediment cores. \nNutrients \n• Measurements of nitrogen and phosphorous and chlorophyll-a at the \nbase monitoring stations. \n• Increased dissolved oxygen levels measured in the hypolimnion near the \ndam and at diel monitoring stations. \nPathogens \n• Measurements of fecal coliform bacteria at routine monitoring sites \n(existing sites and new sites). \n• Number of water quality standard exceedances measured near \nrecreational areas. \nPesticides \n• Measurements of pesticide levels in the water column and fish tissue. \nLitter \n• Trash index scores measured by Keep the Reservoir Beautiful. \nInvasive Species \n• Annual survey results for aquatic invasive vegetation. \n \n9.1 Annual Review and Adaptive Management \nRezonate project managers should review the programmatic and environmental \nindicators on an annual basis. Programmatic indicators can be compared to the short-, mid-, and \nlong-range goals. Environmental indicators will be compared to water quality criteria and short- \nand mid-range goals. If indicators fall short of the goals, project managers will need to evaluate \nthe reasons for this and make appropriate changes to the program. \nWhen programmatic indicators are measured at less than 50% of the short- and mid-range \ngoals and environmental indicators do not meet goals or show progress towards meeting goals, \nproject managers should consider making changes to program implementation in order to \nincrease participation. If voluntary measures are lacking, the incentive program should be \n\n \nOctober 31, 2011 \n \n \n \n9-4 \nevaluated and increased as budgets allow. Regulatory mechanisms (stricter ordinances and \nzoning requirements) should be considered when programmatic indicators are less than 50% of \ngoals and environmental indicators fail to meet goals.  \n \n9.2 Program Inputs, Outputs, and Outcomes \nRezonate project managers should evaluate the inputs, outputs, and outcomes of the \nprograms related to each area of deficiency. Results of this evaluation will help managers \ndetermine ways to improve program implementation. Inputs\n define the amount of time and \nresources put into implementation of the Comprehensive Protection and Restoration Plan, such \nas the following: \n \n• What resources are available to implement the program? This includes personnel \ntime and funding for implementation of management measures. If there are \nspecific needs that are not being met, identify these needs and look for resources \nthrough grants and cost-share programs. Funding is likely to be a significant \nlimiting factor for implementation of WIPs. \n• Are there sufficient experienced staff and technical resources available to properly \nimplement the Plan? Are staff members well trained? If not, identify options for \ntraining. Do project managers have the authority to make decisions regarding \nimplementation? If not, some modifications to project management may be \nneeded to ensure timely decision-making. \n \nOutputs\n refer to administrative accomplishments from implementing the plan. Most \noutputs can be measured with programmatic indicators (Table 9.1). Examples of outputs are \nshown below: \n \n• Is the schedule for implementation of management measures (Table 8.1) being \nmet? Because many of the management measures are voluntary, lack of \nlandowner participation may be a limiting factor. If landowners are not willing to \nfinance the cost of installing practices, project managers may need to assist them \nwith finding cost-share programs. Landowners may also be hesitant due to lack of \ninformation about management practices. If this is the case, education activities \nand incentives may improve participation. \n• Are goals for number/miles of management practices being met? If not, watershed \nimplementation teams may need encouragement and guidance to increase \nimplementation. Project managers should be aware, however, that the goals \n\n \nOctober 31, 2011 \n \n \n \n9-5 \nestablished in this plan are preliminary. Some adjustment may be needed when \nimplementation begins. \n \nOutcomes\n refer to measurements that show improvements in water quality or fewer \npollutant sources. Outcomes are important to track because they document the end result of \nimplementation activities: improved water quality. Even if the outcomes do not show positive \nresults they should be shared with stakeholders because they provide clearly understood \nfeedback about project results. Some outcomes are listed below: \n \n• Have concentrations or loads of the pollutants of concern decreased? This can be \ndetermined by comparing monitoring data to past results.  \n• Do we have less trash accumulating on the Pearl River sandbars? This can be \ndetermined by surveys conducted by Keep the Reservoir Beautiful Litter Index \nand by tracking litter clean-up costs. \n \n\n \nOctober 31, 2011 \n \n \n \n10-1 \n10.0 REFERENCES \n \nCarpenter, S.R. 2005. Eutrophication of aquatic systems: Biostability and soil phosphorus. \nProceedings of the National Academy of Sciences in the United States of \nAmerica 102(29):10002-10005. \nCole, G.A. 1983. Textbook of Limnology, Third Edition. Waveland Press: Prospect Heights, IL. \n401 pp. \nCooke, G.D., M.R. McComas, D.W. Walker, and R.H. Kennedy. 1977. The occurrence of \ninternal phosphorus loading in two small, eutrophic glacial lakes in northeastern Ohio. \nHydrobiologia 56:129-135. \nCorrell, D.L. 1998. The role of phosphorus in the eutrophication of receiving waters: A review. \nJournal of Environmental Quality 27:261-266. \nCox, M.C., J.D. Madsen, and R.M. Wersal. 2011. Aquatic Plant Distribution Assessment within \nthe Littoral Zone of the Ross Barnett Reservoir, MS in 2010: A Six Year Evaluation. \nGeosystems Research Institute Report #5044. February 7, 2011. Geosystems Research \nInstitute, Mississippi State University. \nD’Ambrosio, J., T. Lawrence, and L.C. Brown. 2004. “A Basic Primer on Nonpoint Source \nPollution and Impervious Surface.” Ohio State University Extension Fact Sheet. Food, \nAgricultural, and Biological Engineering Department, Ohio State University. Available \nonline at http://ohioline.osu.edu/aex-fact/0444.html\n. \nDelaware Department of Natural Resources and Environmental Control. 2008. The Inland Bays \nPollution Control Strategy [fact sheet]. Delaware Department of Natural Resources and \nEnvironmental Control, Division of Watershed Stewardship. Available online at \nhttp://www.dnrec.delaware.gov/swc/wa/Documents/IBPCSdocuments/FactSheet_IBPCS\n_101408.pdf. \nEPA, Mississippi Department of Environmental Quality, and MS Band of Choctaw Indians. \nPearl River Water Quality Study, Choctaw, MS, September 2003. \nEPA. 2009. National Lakes Assessment: A Collaborative Survey of the Nation’s Lakes \n[EPA-841-R-09-001]. US Environmental Protection Agency, Office of Water and Office \nof Research and Development, Washington, DC. \nFEMA. 2003. Rankin County, Mississippi, Flood Insurance Study. Available online at \nhttp://msc.fema.gov/webapp/wcs/stores/servlet/FemaWelcomeView?storeId=10001&cata\nlogId=10001&langId=-1. \nFischer, R.A., and J.C. Fischenich. 2000. “Design Recommendations for Riparian Corridors and \nVegetated Buffer Strips.” Ecosystem Management and Restoration Research Program \nTechnical Notes Collection (ERDC TN-EMRRP-SR-24). US Army Corps of Engineers, \nEngineer Research and Development Center. Vicksburg, MS. Available online at \nhttp://el.erdc.usace.army.mil/elpubs/pdf/sr24.pdf\n. \n\n \nOctober 31, 2011 \n \n \n \n10-2 \nFritscher, J. 2009. “Scraping Bottom, Silt Causing Problems in the Reservoir.” Rankin Ledger, \nMay 15, 2009. Jackson, MS. \nFritscher, J. 2010. “More Work Needed for Sediment Cleanup.” Rankin Ledger, June 15, 2010. \nJackson, MS. \nFTN. 2007. Fishery-Based Nutrient Criteria in Mississippi. \nHomer, C., C. Huang, L. Yang, B. Wylie, and M. Coan. 2004 (July). Development of a 2001 \nNational Landcover Database for the United States. Photogrammetric Engineering and \nRemote Sensing 70(7): 829-840. \nHoos, A.B., and G. McMahon. 2009. Spatial analysis of instream nitrogen loads and factors \ncontrolling nitrogen delivery to streams in the southeastern United States using spatially \nreferenced regression on watershed attributes (SPARROW) and regional classification \nframeworks. Hydrological Processes 23(16):2275-2294. US Geological Survey. \nLloyd, J.M., and K.M. Register. 2003. “Litter and Debris in Our Waterways.” In Chapter 3, \n“How Can We Help Protect Our Water Resources?” of Virginia’s Water Resources – A \nTool for Teachers. Clean Virginia Waterways, Department of Natural Sciences, \nLongwood University, Farmville, VA. pp. 3/5 - 3/14. Available online at \nhttp://www.longwood.edu/cleanva/images/Sec3.litterinwaterways.pdf\n . \nKillcreas, C., and Z. Musselman. 2009. “Source to Sink Sedimentological Characteristics within \nMill Creek, Rankin County, Mississippi.” Journal of the Mississippi Academy of \nSciences 54(1). Proceedings of the Mississippi Academy of Sciences Seventy-Third \nAnnual Meeting. February 25-27, 2009. Olive Branch, MS.  \nLondo, A. and J. Kushla. Forest Management Alternatives for Private Landowners. MSU \nExtension Service. \nMDEQ and Ray Montgomery Associates. 2009. Stressor Identification Report for Cane Creek, \nRankin County, MS. January 2009. \nMDEQ. 1999. Mississippi Source Water Assessment Program, Source Water Protection. \nMississippi Source Water Environmental Quality, Office of Pollution Control. Jackson, \nMS. Available online at \nhttp://deq.state.ms.us/MDEQ.nsf/pdf/GPB_MSSourceWaterAssessmentProgram/$FILE/\nmsswapp.pdf?OpenElement. \nMDEQ. 2000. Pearl River Basin Status Report 2000. \nMDEQ. 2002. Mississippi’s Phase II Small Municipal Separate Storm Sewer System (MS4) \nGuidance Manual. Mississippi Department of Environmental Quality. \nMDEQ. 2004a. Pearl River and Yockanookany River Phase One Total Maximum Daily Load for \nMercury, Pearl River Basin. Mississippi Department of Environmental Quality; Office of \nPollution Control; Standards, Modeling, and TMDL Branch. \nMDEQ. 2004b. TMDL for Polychlorinated Biphenols (PCBs) in Conehoma Creek and \nYockanookany River, Pearl River Basin, Attala and Leake Counties, Mississippi. \n\n \nOctober 31, 2011 \n \n \n \n10-3 \nMississippi Department of Environmental Quality; Office of Pollution Control; \nStandards, Modeling, and TMDL Branch. \nMDEQ. 2008a. Total Maximum Daily Load for Nutrients and Organic Enrichment/Low \nDissolved Oxygen for Bogue Chitto Creek. Mississippi Department of Environmental \nQuality; Office of Pollution Control; Standards, Modeling, and TMDL Branch. Final \nReport, December 2008. \nMDEQ. 2008b. Total Maximum Daily Load for Nutrients and Organic Enrichment/Low \nDissolved Oxygen for Noxapater Creek. Mississippi Department of Environmental \nQuality; Office of Pollution Control; Standards, Modeling, and TMDL Branch. Final \nReport, December 2008. \nMDEQ. 2009a. Total Maximum Daily Load, Total Nitrogen and Total Phosphorus for the Pearl \nRiver. Mississippi Department of Environmental Quality; Office of Pollution Control; \nStandards, Modeling, and TMDL Branch. \nMDEQ. 2009b. Total Maximum Daily Load Designated Streams in the Pearl River Basin for \nImpairment Due to Sediment. Mississippi Department of Environmental Quality; Office \nof Pollution Control; Standards, Modeling, and TMDL Branch. Approved March 25, \n2009. \nMDEQ. 2009c. Total Maximum Daily Load Nutrients and Organic Enrichment/Low Dissolved \nOxygen for Tuscolameta, Tallabogue, and Shockaloo Creeks. Mississippi Department of \nEnvironmental Quality; Office of Pollution Control; Standards, Modeling, and TMDL \nBranch. Draft Report, May 2009. \nMDEQ. 2009d. Nutrient Total Maximum Daily Load for Pelahatchie Creek. Mississippi \nDepartment of Environmental Quality; Office of Pollution Control; Standards, Modeling, \nand TMDL Branch. \nMDEQ. 2009e. Total Maximum Daily Load, Nutrients and Organic Enrichment/Low DO for \nCoffee Bogue Creek. Mississippi Department of Environmental Quality; Office of \nPollution Control; Standards, Modeling, and TMDL Branch. \nMDEQ. 2009f. Total Maximum Daily Load, Nutrients and Organic Enrichment/Low DO for \nEutacutachee Creek. Mississippi Department of Environmental Quality; Office of \nPollution Control; Standards, Modeling, and TMDL Branch. \nMDEQ. 2010. State of Mississippi Water Quality Assessment 2010 Section 305(b) Report. \nPrepared by Mississippi Department of Environmental Quality, Office of Pollution \nControl, Field Services Division, Water Quality Assessment Section. April 1, 2010. \nMDEQ. 2011. Planning and Design Manual for the Control of Erosion, Sediment, and \nStormwater, Second Edition. Draft Manual. Mississippi Department of Environmental \nQuality, Office of Pollution Control. Online at http://www.deq.state.ms.us\n. \nMFC. 2008. Mississippi’s Best Management Practices, Fourth Edition. Mississippi Forestry \nCommission. Jackson, MS. Online at \nhttp://www.mfc.ms.gov/pdf/Mgt/WQ/Entire_bmp_2008-7-24.pdf\n. \n\n \nOctober 31, 2011 \n \n \n \n10-4 \nMFC and Charlie Morgan, State Forester. 2007. 2007 BMP Implementation Survey for \nMississippi. Mississippi’s Voluntary Silvicultural Best Management Practices \nImplementation Monitoring Program. \nMFC and Charlie Morgan, State Forester. 2010. 2010 BMP Implementation Survey for \nMississippi. Mississippi’s Voluntary Silvicultural Best Management Practices \nImplementation Monitoring Program. \nMississippi Soil and Water Conservation Commission. Fannegusha Creek Water Quality \nImprovement Project, Final Report. October 6, 2005 – August 31, 2009. \nMoore, M.T., C.M. Cooper, S. Smith, Jr., R.F. Cullum, S.S. Knight, M.A. Locke, and E.R. \nBennett. 2007. Diazinon Mitigation in Constructed Wetlands: Influence of Vegetation. \nWater, Air, Soil Pollution 184:313-312. \nNational Hydrography Dataset. 2006. Medium-resolution metadata. US Geological Survey. \nNOAA. 2009 National Weather Service Advanced Hydrologic Prediction Service Pearl River \ngages. http://ahps.srh.noaa.gov/index.php?wfo=jan\n. \nOldham, L. 2003. Nitrogen in Mississippi Soils. Information Sheet 767. Mississippi State \nUniversity Extension Service. Online at http://msucares.com/pubs/infosheets/is0767.pdf. \nOldham, L. 2008. Phosphorous in Mississippi Soils. Information Sheet 871. Mississippi State \nUniversity Extension Service. Online at http://msucares.com/pubs/infosheets/is0871.pdf. \nPRVWSD. Forestry Management Plan. (Developed for the years 2000 through 2010). \nRankin County Board of Supervisors, MDEQ, NRCS, PRVWSD, USGS. 2009. Final Report, \nMill Creek Watershed Improvements Funded with Support of Section 319h Funding. \nMarch 30, 2009. \nRose, C.E., R.H. Coupe, and C.M. Smith. 2009. “Anthropogenic Chemicals in the Source and \nFinished Water From Three Mississippi Communities that Use Surface Water as Their \nDrinking-Water Supply.” In Proceedings"
}