{
  "slug": "upper-bay-of-st-louis-watershed-action-plan-2007",
  "source": "Upper_Bay_of_St_Louis_Watershed_Action_Plan_2007.pdf",
  "length": 39452,
  "part": 3,
  "text": "ecies.  \n• State and global ranking of species and communities.  \n• Protection and management priorities and urgency.  \nPlants – Hancock County \nScientific Name Common Name Global Rank State Rank \nAGALINIS APHYLLA COASTAL PLAIN FALSE-FOXGLOVE G3G4 S2S3 \nAGALINIS FILICAULIS THIN STEMMED FALSE-FOXGLOVE G3G4 S2? \nAMSONIA LUDOVICIANA CREOLE PHLOX G3 SH \nBURMANNIA BIFLORA NORTHERN BURMANNIA G4G5 S3S4 \nCALOPOGON BARBATUS BEARDED GRASS-PINK G4? S2S3 \n\nWatersheds of the Upper Bay of St. Louis  \nAction Plan \nSpring 2007 \nPage 22\n of 23 \nCALOPOGON MULTIFLORUS MANY-FLOWER GRASS-PINK G2G3 S1 \nCAREX EXILIS COAST SEDGE G5 S2 \nCHAMAECYPARIS THYOIDES ATLANTIC WHITE CEDAR G4 S2 \nCLEISTES DIVARICATA SPREADING POGONIA G4 S3 \nCOREOPSIS NUDATA GEORGIA TICKSEED G3? S1S2 \nELEOCHARIS ELONGATA SLIM SPIKE-RUSH G5? S1 \nEPIDENDRUM CONOPSEUM GREEN-FLY ORCHID G4 S2 \nERIOCAULON TEXENSE TEXAS PIPEWORT G4 S2S3 \nERYNGIUM AQUATICUM MARSH ERYNGO G4 S1 \nEULOPHIA ECRISTATA SMOOTH-LIPPED EULOPHIA G2 S1S2 \nGORDONIA LASIANTHUS LOBLOLLY BAY G5 S3S4 \nHIBISCUS COCCINEUS BRILLANT HIBISCUS G4? S2 \nILEX AMELANCHIER JUNEBERRY HOLLY G4 S3 \nILEX MYRTIFOLIA MYRTLE HOLLY G5? S3S4 \nJUNIPERUS SILICICOLA SOUTHERN RED CEDAR G5T4T5 S2 \nLACHNOCAULON DIGYNUM PINELAND BOGBUTTON G3 S2 \nLILAEOPSIS CAROLINENSIS CAROLINA LILAEOPSIS G3G5 S2S3 \nMACRANTHERA FLAMMEA FLAME FLOWER G3 S3? \nMELANTHIUM VIRGINICUM VIRGINIA BUNCHFLOWER G5 S2S3 \nPANICUM NUDICAULE NAKED-STEMMED PANIC GRASS G3Q S2 \nPHASEOLUS SINUATUS SANDHILL BEAN G3? S1S2 \nPHYSALIS ANGUSTIFOLIA COAST GROUND-CHERRY G3G4 S3S4 \nPINGUICULA PLANIFOLIA CHAPMAN'S BUTTERWORT G3? S2 \nPINGUICULA PRIMULIFLORA SOUTHERN BUTTERWORT G3G4 S3 \nPLATANTHERA INTEGRA YELLOW FRINGELESS ORCHID G3G4 S3S4 \nPOLYGALA HOOKERI HOOKER'S MILKWORT G3 S1S2 \nRHYNCHOSPORA CURTISSII CURTISS'S BEAKRUSH G4 S1 \nRHYNCHOSPORA MACRA LARGE BEAKRUSH G3 S3 \nRHYNCHOSPORA STENOPHYLLA CHAPMAN BEAKRUSH G4 S1? \nRUELLIA NOCTIFLORA NIGHT-FLOWERING RUELLIA G2 S2 \nRUELLIA PEDUNCULATA SSP \nPINETORUM \nPINE BARREN RUELLIA G5T3? S3 \nSAGERETIA MINUTIFLORA TINY-LEAVED BUCKTHORN G4 S2 \nSPIRANTHES LONGILABRIS GIANT SPIRAL LADIES'-TRESSES G3 S2S3 \nSYNGONANTHUS FLAVIDULUS YELLOW PIPEWORT G5 S2? \n\nWatersheds of the Upper Bay of St. Louis  \nAction Plan \nSpring 2007 \nPage 23\n of 23 \nUTRICULARIA PURPUREA PURPLE BLADDERWORT G5 S2S3 \nXYRIS DRUMMONDII DRUMMOND'S YELLOW-EYED GRASS G3 S2 \nXYRIS SCABRIFOLIA HARPER'S YELLOW-EYED GRASS G3 S1S2 \n \n \nAnimals – Hancock County \n \nScientific Name Common Name Global Rank State Rank \nALOSA ALABAMAE ALABAMA SHAD G3 S1 \nCRYSTALLARIA ASPRELLA CRYSTAL DARTER G3 S1 \nELANOIDES FORFICATUS SWALLOW-TAILED KITE G5 S2B \nEUDOCIMUS ALBUS WHITE IBIS G5 S3B,SZN \nFARANCIA ERYTROGRAMMA RAINBOW SNAKE G5 S2 \nGOPHERUS POLYPHEMUS GOPHER TORTOISE G3 S2 \nGRAPTEMYS OCULIFERA RINGED MAP TURTLE G2 S2 \nHALIAEETUS LEUCOCEPHALUS BALD EAGLE G4 S1B,S2N \nHETERODON SIMUS SOUTHERN HOGNOSE SNAKE G2 SH \nLAMPROPELTIS CALLIGASTER \nRHOMBOMACULAT \nMOLE KINGSNAKE G5T5 S3? \nMICRURUS FULVIUS EASTERN CORAL SNAKE G5 S3S4 \nNOTROPIS CHALYBAEUS IRONCOLOR SHINER G4 S2 \nNOTURUS MUNITUS FRECKLEBELLY MADTOM G3 S2 \nPERCINA LENTICULA FRECKLED DARTER G2 S2 \nPITUOPHIS MELANOLEUCUS \nLODINGI \nBLACK PINE SNAKE G4T3 S2 \nPLEUROBEMA BEADLEIANUM MISSISSIPPI PIGTOE G2G3 S3? \nPOLYODON SPATHULA PADDLEFISH G4 S3 \nPROCAMBARUS BIVITTATUS RIBBON CRAYFISH G4 S3 \nPTERONOTROPIS WELAKA BLUENOSE SHINER G3G4 S3 \nRHADINAEA FLAVILATA PINE WOODS SNAKE G4 S3? \nUNIOMERUS DECLIVIS TAPERED PONDHORN G5 S2 \n \n \n "
}