{
  "slug": "fannegusha-creek-watershed-plan-2009",
  "source": "Fannegusha_Creek_Watershed_Plan_2009.pdf",
  "length": 57327,
  "part": 4,
  "text": "t of Best Management Systems are listed in the project \ndescription of this proposal.  The application of best management systems in the \nproject will be the responsibility of the landowners and operators participating in the \nproject as cooperators of the local soil and water conservation district. \n \nPublic Education, Awareness, and Action - this project will include the establishment of \nat least 2 demonstration farms that will be used to inform the public about best \nmanagement systems.  These will be utilized during the 2 field day/tours that will be \nconducted in the project.  Also, at least 1,000 informational fact sheets highlighting the \nbenefits derived from the project will be developed and distributed as well as the \npublishing of at least 4 articles about the project in newsletters and local newspapers.  \nAt least 20 project roadside sign will be erected where water quality practices are \ninstalled in the project.    Other educational actions will be conducted to measure the \nsuccess of the project.  These include such things as increased public awareness; \nbefore and after photo documentation; increased cooperation among agencies, \nassociations, public bodies and educational institutions; and the economic benefits of \napplying best management practices.  The Mississippi Soil and Water Conservation \nCommission will request information through the local soil and water conservation \ndistrict that will assist in measuring the success of the project in the project area. \n \nPROJECT PERIOD \n \nThe length of this project will be 3 years. \n \n\n 44 \n \n \n \n \n \n \n \n \n \n \n \nAppendix C \n \n \n \nStressors \n\n \n45\n \nTable 2 \nStressor Summary Table \n \nConcern  Link/Immediate \nCause \nStressor\n \nDescription of \nStressor \nLocation/Extent\n \nSediment Loading From \nAgricultural \nLands \nLanduse runoff and inchannel sediment processes \nSediment \nA stressor identification study \nwas completed for Fannegusha Creek Watershed.  This analysis identified sediment as the most probable stressor of the waterbody.  Certain contaminants may be associated with sediment such as pesticides and nutrients.  However, these contaminants would also be controlled by the same best management practices (BMPs) that control sediment coming from fields. \nSee figure 3.1 for the locations of cropland along streams. There are approximately 21,700 acres of agriculture land in the watershed.  The majority of this land is cropland. \nAll the lands referred to \nabove are in HUC 03180002. \n       \n\n 46 \n \n \n \n \nAppendix D \n \n \n \n \n \n \n \n \n \nChecklist of Watershed \nImplementation Elements \n\n \n47\n \n Table D. 9 Key Elements of a Watershed Plan for 319\n Grant  \n \nRequired WIP Elements for 319 Grant \n \nLocation in Watershed Implementation Plan\n \n 1. Watershed Description and Background \n Chapter V, Chapter VII Section A \n 2.  Implementation \n Chapter VIII Section A Subsection 3 \n 3. Project Goals \n Chapter VIII Section A Subsections 2 and 5 \n 4. Project Costs \nChapter VIII Section A Subsection 7 Chapter IX Section A Subsection 7 \n 5. Education and Outreach \n Chapter IX \n 6. Implementation Schedule \n Chapter VIII Section A Subsection 4 \n 7. Milestones \n Chapter VIII Section A Subsection 4 \n 8. Adaptations and Revisions \n Chapter X Section A, Chapter XI Section A \n 9. Monitoring \n Chapter X Section B Subsections 1 and 2 \n "
}