{
  "slug": "tchoutacabouffa-river-watershed-action-plan-2007",
  "source": "Tchoutacabouffa_River_Watershed_Action_Plan_2007.pdf",
  "length": 36216,
  "part": 2,
  "text": "their impact on others and \nthe environment \n \n8. Need a safe harbor upriver during storms \n \n9. Address excessive boat traffic on weekends and throughout the summer – these \nproblems with boating are unique to Tchoutacabouffa       \n \n10. Need to understand the politics of watershed protection – need to learn how to \nbecome an impetus for change  \n \n11. Develop and implement watershed signage program, possibly billboards too – \neducate and build pride in place  \n \n12. Start small – successful action is the key to success – start with educating and \nimplementing streamside management and other BMPs.  \n \n13. Interested in adopt-a-stream program:  citizen monitoring of water quality \n \n14. Interested in recording river levels:  citizen monitoring and reporting of river levels \nduring storm events \n \n15. Interested in a program where people come out to advise new landowners about best \nbuilding practices, possibly through the MSU coastal extension center or CRMP? \n \n16. Need comprehensive land-use planning with a watershed approach \n \n\nTchoutacabouffa River Watershed Partnership \nAction Plan  \nSpring 2007 \nPage 13\n of 22 \n \nBUILDING A PARTNERSHIP FOR THE TCHOUTACABOUFFA RIVER  \nACTION PLAN  \n \n \nAfter reviewing literature about the watershed and developing maps for use in community \ndiscussions, the Land Trust for the Mississippi Coastal Plain (LTMCP) hosted two roundtable \ndiscussions with private landowners along the lower Tchoutacabouffa River.  These \nmeetings, held in spring 2007, were the first formal discussions with landowners and the \nfoundation of building a long-term partnership to address the health of the Tchoutacabouffa \nRiver Watershed.   \n \nFirst, we recommend an assessment at the watershed scale to (1) determine the full extent \nof geomorphic changes causing accelerated erosion and reduced water quality in the river, \n(2) understand increased risks of flooding and solutions/restoration strategies to abate \nflooding.  The assessment needs to identify priority areas for stream restoration, \npreservation and sensitive areas for special land use planning.  Further study and \npartnership efforts may ultimately result in the development of a watershed implementation \nplan that will include prioritized action, timelines, budget estimates and measures of \nsuccess.  We recommend continued strategic planning efforts to improve the scope of the \nTchoutacabouffa River Watershed Action Plan. \n \nThe initial action plan, based on concerns and needs identified by landowners during spring \n2007, is noted below: \n \n \nEDUCATION STRATEGIES \n \n1. Create a webpage for the Tchoutacabouffa Watershed Partnership that can provide \nanswers to questions asked by local stakeholders: \na. General information about the watershed, what are the creeks and streams  \nand lands that makeup the watershed? \nb. Boating safety – Q&A with DMR and Coast Guard, boating safety class \nschedules, contact information for enforcement issues \nc. Wetland Function \nd. Recommendations about green infrastructure alternatives to bulkheading for \nerosion control \ne. Streamside Management and Best Management Practices (BMPs) \nf. Links to county and city zoning maps \n \n2. Educate the public about watersheds and streamside management:   \na. Develop a roadside/streamside education campaign to include signage on \nprivate lands (willing landowners)  Design and install watershed signage that \nwill (1) educate and build pride in place along the bayou and (2) encourage \nwatershed protection. \n\nTchoutacabouffa River Watershed Partnership \nAction Plan  \nSpring 2007 \nPage 14\n of 22 \nb. Host a neighborhood meeting, or series of meetings, about streamside \nmanagement and best management practices.  Include city and county public \nworks employees in these discussions.  Print and distribute Tchoutacabouffa \nStreamside Management for Landowner’s Handbook \n \n3. Discuss with MSU Coastal Extension Service the possibilities of designing and hosting \na landowner education program for homeowners that addresses the primary \ninformation needs for homeowners and small land owners along the river, especially \nriverbank stabilization, native plants and reforestation.   \n \n4. Identify elementary schools in the watershed and contact them to schedule the \nWatershed Harmony Puppet Show during 2007-2008 school calendar.  Develop a \nchildren’s activity page to be used in conjunction with the Watershed Harmony \nPuppet Show.  \n \n \nPROTECTION AND RESTORATION STRATEGIES \n \n1. Host a facilitated Q&A session with private landowners along the river and DMR \nboating and safety officials and possibly coast guard officials.  Look for actions that \ncan be taken to alleviate concerns over increased number of boats, size of boats and \nspeed of boats.  Create an action plan to address boating concerns. \n \n2. Identify river bank areas that need re-planting and establish a streamside re-planting \nprogram to include native trees and vegetation, especially cypress trees. \n \n3. Work with County and City planning commissions to establish “set-backs” along the \nriver bank.  Also an excellent opportunity to involve the new Harrison County Utility \nAuthority in floodplain management focused on green infrastructure – vegetated \nriparian buffers \n \n4. Work with Harrison County Board of Supervisors to identify currently available \nresources to address the land-use questions, including number of wetland acres lost \nand number of linear feet with hardened surfaces (bulkheading and rip-rap).  Look for \nfunding sources to monitor wetland loss and natural bank loss. \n \n5. Identify landowners along the lower Tuxachanie Creek interested in protecting/ \nimproving water quality.  Host and support an Adopt-a-Stream workshop for \nlandowners on the lower Tuxachanie.  (Note:  the Tchoutacabouffa River is too deep \nto implement adopt-a-stream protocols in-stream.) \n \n6. Host and support the development of a citizen’s monitoring program for river levels. \nContact Pat Harrison Waterway, Harrison County Utility Authority or USGS to see if \nmodel programs exist. \n \n7. Work with state and federal partners, particularly EPA and MDEQ, to identify grant \nprograms and primary partners to complete a watershed assessment and watershed \n\nTchoutacabouffa River Watershed Partnership \nAction Plan  \nSpring 2007 \nPage 15\n of 22 \nimplementation plan that will inform private action and public policy and action in the \nwatershed.   \n \n \n \nORGANIZATIONAL STRATEGIES  \nTO ENSURE IMPLEMENTATION AND SUPPORT OF ACTION PLAN \n \n1. Identify a local champion(s) for the watershed \n \n2. Ask the Land Trust for Mississippi Coastal Plain Board of Directors to establish a \nTchoutacabouffa River Watershed Partnership Committee (steering committee) that \nwill function as a special action committee under the Land Trust’s auspices until \nwhich time the partnership desires to create an independent organization.  The \nprimary purpose of the committee will be to implement the action plan.  This \ncommittee will be tasked with: \na. Categorizing and prioritizing the Action Plan;  \nb. Creating a timeline for the Action Plan;  \nc. Developing an estimated budget and volunteer staffing program to implement \nthe timeline;  \nd. Conducting an annual review of the watershed Action Plan. \n \n3. Formalize the technical advisory committee and send each person a copy of the \naction plan so that they are better prepared to participate and provide information \nand assistance as needed. \n \n4. Formalize the education, recreation resources team and send each person a copy of \nthe action plan so that they are better prepared to participate and provide \ninformation and assistance as needed. \n \n \n \n \n \n\nTchoutacabouffa River Watershed Partnership \nAction Plan  \nSpring 2007 \nPage 16\n of 22 \n \n \nEVALUATION OF PROGRESS AND PLAN REVISION \n \nRegular evaluation of the watershed action plan will ensure that the plan remains a vital tool \nfor developing a strong watershed partnership and to guide future management efforts in \nthe watershed.  LTMCP advisory team shall appoint a small working group to review the \naction plan annually.  Watershed plans are living documents that must be adapted to \nchanging conditions within the watershed.   The annual review shall include consideration of \ntasks completed as well as reviewing changes in the watershed, in stakeholder interests and \nin understanding of the Tchoutacabouffa River Watershed.  \n \n \n \nRESOURCES \n \nWatershed Description:  \nMARIS on-line mapping for Mississippi at www.maris.state.ms.us/HTM/maps.htm \n \nWildlife Resources:  \nMississippi Natural Heritage Inventory on-line at \nwww.mdwfp.com/museum/html/research/general_info.asp, NatureServe Explorer database \nof species information on-line at www.natureserve.org/explorer/ \n \nWater Quality Standards:  \nThrough MDEQ Basin Management water quality standards website at \nwww.deq.state.ms.us/MDEQ.nsf/page/WMB_Water_Quality_Standards?OpenDocument \n \nDesignated Beneficial Uses:  through the MDEQ Basin Management website at \nwww.deq.state.ms.us/MDEQ.nsf/page/WMB_Basin_Management_Approach?OpenDocume\nnt \n \nBiological Ratings:  Contact MDEQ. \n \n303(d) List and 305(b) report:   MDEQ on-line at \nwww.deq.state.ms.us/MDEQ.nsf/page/TWB_Total_Maximum_Daily_Load_Section?OpenDoc\nument \n \nApproved TMDLS:   MDEQ TMDL website at \nwww.deq.state.ms.us/MDEQ.nsf/page/TWB_Total_Maximum_Daily_Load_Section?OpenDoc\nument  \nor through Basin Management website at \nwww.deq.state.ms.us/MDEQ.nsf/page/WMB_Basin_Management_Approach?OpenDocume\nnt \n \nPotential management actions:  \n\nTchoutacabouffa River Watershed Partnership \nAction Plan  \nSpring 2007 \nPage 17\n of 22 \nMississippi NRCS program website at www.ms.nrcs.usda.gov/programs/, particularly the \nEQIP program conservation practice, sign up, and ranking documents \n \nMississippi Streamside Landowner’s Handbook.  By Andrew Whitehurst, Scenic Streams \nStewardship Program, Mississippi Museum of Natural Science, Mississippi Dept of Wildlife, \nFisheries and Parks \n \nHandbook for Developing Watershed Plans to Restore and Protect Our Waters, U.S. \nEnvironmental Protection Agency, Office of Water, Nonpoint Source Control Branch, Oct. \n2005 \n \nEconomic values (Natural Capital): \nFrom Open Spaces to Wild Places, The Economic Value of Habitat protection to Your \nCommunity, a publication of the Southeast Watershed Forum.  \nwww.southeastwaterforum.org\n \n\nTchoutacabouffa River Watershed Partnership \nAction Plan  \nSpring 2007 \nPage 18\n of 22 \nAppendix \n MISSISSIPPI NATURAL HERITAGE DATA \nPLANTS AND ANIMALS FOUND IN HARRISON COUNTY  \nSource:  Mississippi Naturage Heritage Program, located in the Mississippi Museum of Natural \nScience, Mississippi Department of Wildlife Fisheries and Parks:     \nwww.mdwfp.com/museum/html/research/\n \nThe Mississippi Natural Heritage Program identifies the state's most significant natural areas \nthrough a comprehensive inventory of rare plant and animal species, exemplary natural \ncommunities, special geological features, and significant natural areas. From the inventory, the \nNatural Heritage Database compiles information on the distribution, biology, status, and preservation \nneeds of these species and communities.  The database is updated continuously and is used to set \nstate, national and global priorities for the preservation of natural diversity. \nThe Natural Heritage Database \nThe Natural Heritage Database is a continuously updated inventory of rare plant and animal species \nand representative natural communities in Mississippi. Today current information on the statewide \nstatus and locations of special animals, plants, and natural communities is available in a central \nlocation. By utilizing the Heritage Program, resource planners are able to save time and money. The \ninformation contained within the Program's database was compiled from a broad range of sources, \nincluding museum and herbarium collection records, publications, unpublished reports, and experts \nthroughout the southeast. \nSpecific Information Available: \n• Tracks the status of more than 700 species of plants and animals that are rare or imperiled \nat the state or global level.  \n• Contains more than 9,400 records of locations for rare plants, animals, and natural \ncommunities.  \n• State and Federal protection status of select species.  \n• State and global ranking of species and communities.  \n• Protection and management priorities and urgency.  \n \nPLANTS – Harrison County \nScientific Name Common Name Global Rank State Rank \nAGALINIS APHYLLA COASTAL PLAIN FALSE-FOXGLOVE G3G4 S2S3 \nAGALINIS FILICAULIS THIN STEMMED FALSE-FOXGLOVE G3G4 S2? \nAGRIMONIA INCISA INCISED GROOVEBUR G3 S3S4 \nANDROPOGON PERANGUSTATUS ELLIOTT'S BLUESTEM (VAR.2) G5T3T4 S1? \nARISTIDA CONDENSATA SANDHILLS THREE AWN G4? S3S4 \n\nTchoutacabouffa River Watershed Partnership \nAction Plan  \nSpring 2007 \nPage 19\n of 22 \nAVICENNIA NITIDA BLACK MANGROVE G5 SH \nBURMANNIA BIFLORA NORTHERN BURMANNIA G4G5 S3S4 \nCALOPOGON BARBATUS BEARDED GRASS-PINK G4? S2S3 \nCAREX EXILIS COAST SEDGE G5 S2 \nCHAMAECRISTA DEERINGIANA FLORIDA SENNA G1G2 S1 \nCLEISTES DIVARICATA SPREADING POGONIA G4 S3 \nCOREOPSIS BASALIS GOLDEN-MANE TICKSEED G5 S1? \nDICHANTHELIUM ERECTIFOLIUM ERECT-LEAF WITCHGRASS G4 S3S4 \nELYONURUS TRIPSACOIDES PAN AMERICAN BALSAMSCALE G5? SH \nEPIDENDRUM CONOPSEUM GREEN-FLY ORCHID G4 S2 \nERIOCAULON TEXENSE TEXAS PIPEWORT G4 S2S3 \nGAYLUSSACIA FRONDOSA DANGLEBERRY G5 S2S3 \nHELIANTHEMUM ARENICOLA GULF ROCKROSE G3 S1S2 \nILEX AMELANCHIER JUNEBERRY HOLLY G4 S3 \nILEX CASSINE DAHOON HOLLY G5 S2 \nILEX MYRTIFOLIA MYRTLE HOLLY G5? S3S4 \nIPOMOEA PES-CAPRAE RAILROAD VINE G5 S2S3 \nISOETES LOUISIANENSIS LOUISIANA QUILLWORT G3 S2 \nJUNIPERUS SILICICOLA SOUTHERN RED CEDAR G5T4T5 S2 \nLACHNOCAULON DIGYNUM PINELAND BOGBUTTON G3 S2 \nLILAEOPSIS CAROLINENSIS CAROLINA LILAEOPSIS G3G5 S2S3 \nLINDERA SUBCORIACEA BOG SPICE BUSH G2 S2 \nLINUM MACROCARPUM LARGE FRUITED FLAX G2? S2 \nLYCOPODIUM CERNUUM NODDING CLUBMOSS G5 S2 \nMACRANTHERA FLAMMEA FLAME FLOWER G3 S3? \nMELANTHIUM VIRGINICUM VIRGINIA BUNCHFLOWER G5 S2S3 \nMIKANIA CORDIFOLIA FLORIDA KEYS HEMPVINE G5 S3S4 \nPANICUM NUDICAULE NAKED-STEMMED PANIC GRASS G3Q S2 \nPARONYCHIA ERECTA BEACH SAND-SQUARES G3G4 S1S2 \nPASPALUM MONOSTACHYUM GULFDUNE PASPALUM G4? SU \nPELTANDRA SAGITTIFOLIA WHITE ARUM G3G4 S2S3 \nPETALOSTEMON GRACILIS PINE BARRENS PRAIRIE CLOVER G5T3T4 S2S3 \nPHYSALIS ANGUSTIFOLIA COAST GROUND-CHERRY G3G4 S3S4 \nPINGUICULA PLANIFOLIA CHAPMAN'S BUTTERWORT G3? S2 \n\nTchoutacabouffa River Watershed Partnership \nAction Plan  \nSpring 2007 \nPage 20\n of 22 \nPINGUICULA PRIMULIFLORA SOUTHERN BUTTERWORT G3G4 S3 \nPLATANTHERA BLEPHARIGLOTTIS    LARGE WHITE FRINGED ORCHID G4G5 S2 \nPLATANTHERA CRISTATA CRESTED FRINGED ORCHID G5 S3 \nPLATANTHERA INTEGRA YELLOW FRINGELESS ORCHID G3G4 S3S4 \nPOLANISIA TENUIFOLIA SLENDER-LEAF CLAMMY-WEED G5 S1S2 \nPOLYGALA HOOKERI HOOKER'S MILKWORT G3 S1S2 \nQUERCUS MYRTIFOLIA MYRTLE-LEAF OAK G5 S1? \nRHYNCHOSPORA MACRA LARGE BEAKRUSH G3 S3 \nRHYNCHOSPORA STENOPHYLLA CHAPMAN BEAKRUSH G4 S1? \nRUELLIA NOCTIFLORA NIGHT-FLOWERING RUELLIA G2 S2 \nRUELLIA PEDUNCULATA SSP \nPINETORUM \nPINE BARREN RUELLIA G5T3? S3 \nSARRACENIA LEUCOPHYLLA CRIMSON PITCHER-PLANT G3 S2S3 \nSORGHASTRUM \nAPALACHICOLENSE \nOPEN INDIAN GRASS G3Q S3 \nSPIRANTHES LONGILABRIS GIANT SPIRAL LADIES'-TRESSES G3 S2S3 \nSTEWARTIA MALACODENDRON SILKY CAMELLIA G4 S3S4 \nSTYLISMA AQUATICA WATER SOUTHERN MORNING-GLORY G4 S1 \nSYNGONANTHUS FLAVIDULUS YELLOW PIPEWORT G5 S2? \nUTRICULARIA PURPUREA PURPLE BLADDERWORT G5 S2S3 \nXYRIS CHAPMANII CHAPMAN'S YELLOW-EYED GRASS G3 S2? \nXYRIS DRUMMONDII DRUMMOND'S YELLOW-EYED GRASS G3 S2 \nXYRIS FLABELLIFORMIS FAN-SHAPED YELLOW-EYED GRASS G4 SU \nXYRIS SCABRIFOLIA HARPER'S YELLOW-EYED GRASS G3 S1S2 \n \n \nANIMALS – Harrison County \n \nScientific Name Common Name Global Rank State Rank \nACCIPITER STRIATUS SHARP-SHINNED HAWK G5 S1?B,SZN \nACIPENSER OXYRINCHUS \nDESOTOI \nGULF STURGEON G3T2 S1 \nAIMOPHILA AESTIVALIS BACHMAN'S SPARROW G3 S3?B,SZN \nANAS FULVIGULA MOTTLED DUCK G4 S3B,S4N \nCARETTA CARETTA LOGGERHEAD; CABEZON G3 S1B,SZN \nCHARADRIUS MELODUS PIPING PLOVER G3 SZN \nCOTURNICOPS NOVEBORACENSIS   YELLOW   RAIL   G4   S2N   \n\nTchoutacabouffa River Watershed Partnership \nAction Plan  \nSpring 2007 \nPage 21\n of 22 \nDRYMARCHON CORAIS COUPERI EASTERN INDIGO SNAKE G4T3 S1 \nEGRETTA RUFESCENS REDDISH EGRET G4 SZN \nENNEACANTHUS GLORIOSUS BLUESPOTTED SUNFISH G5 S3 \nFALCO COLUMBARIUS MERLIN G5 SZN \nFALLICAMBARUS BYERSI LAVENDER BURROWING CRAYFISH G4 S3 \nFALLICAMBARUS DANIELAE SPECKLED BURROWING CRAYFISH G2 S2 \nFUNDULUS JENKINSI SALTMARSH TOPMINNOW G2 S3 \nGOPHERUS POLYPHEMUS GOPHER TORTOISE G3 S2 \nGRUS CANADENSIS PULLA MISSISSIPPI SANDHILL CRANE G5T1 S1 \nHAEMATOPUS PALLIATUS AMERICAN OYSTERCATCHER G5 SPB,SZN \nHALIAEETUS LEUCOCEPHALUS BALD EAGLE G4 S1B,S2N \nHETERANDRIA FORMOSA LEAST KILLIFISH G5 S3 \nHETERODON SIMUS SOUTHERN HOGNOSE SNAKE G2 SH \nLATERALLUS JAMAICENSIS BLACK RAIL G4 S2N \nLEPIDOCHELYS KEMPII KEMP'S OR ATLANTIC RIDLEY G1 S1N \nMACROCHELYS TEMMINCKII ALLIGATOR SNAPPING TURTLE G3G4 S3 \nMALACLEMYS TERRAPIN PILEATA     MISSISSIPPI DIAMONDBACK TERRAPIN    G4T3 S2 \nNERODIA CLARKII CLARKII GULF SALT MARSH SNAKE G4T3 S2? \nNOTROPIS CHALYBAEUS IRONCOLOR SHINER G4 S2 \nNYCTICORAX NYCTICORAX BLACK-CROWNED NIGHT-HERON G5 S3?B,SZN \nONTHOPHAGUS POLYPHEMI ONTHOPHAGUS TORTOISE \nCOMMENSAL SCARAB BEETL \nG?                            S?                            \nPANDION HALIAETUS OSPREY G5 S3B,SZN \nPELECANUS ERYTHRORHYNCHOS    AMERICAN WHITE PELICAN G3 S2N \nPELECANUS OCCIDENTALIS BROWN PELICAN G4 S1N \nPEROMYSCUS POLIONOTUS OLDFIELD MOUSE G5 S2S3 \nPICOIDES BOREALIS RED-COCKADED WOODPECKER G3 S1 \nPITUOPHIS MELANOLEUCUS \nLODINGI \nBLACK PINE SNAKE G4T3 S2 \nPROCAMBARUS FITZPATRICKI SPINY-TAILED CRAYFISH G2 S2 \nPSEUDEMYS POP 1 MISSISSIPPI REDBELLY TURTLE G? S1 \nPSEUDOTRITON MONTANUS MUD SALAMANDER G5 S2S3 \nRANA HECKSCHERI RIVER FROG G5 S1 \nRANA SEVOSA DARK GOPHER FROG G1 S1 \nREGINA RIGIDA SINICOLA GULF CRAYFISH SNAKE G5T5 S3? \n\nTchoutacabouffa River Watershed Partnership \nAction Plan  \nSpring 2007 \nPage 2"
}