{
  "slug": "red-bud-catalpa-creek-watershed-plan-2016",
  "source": "Red_Bud_Catalpa_Creek_Watershed_Plan_2016.pdf",
  "length": 299315,
  "part": 12,
  "text": "scape. Other hardscape design \nstrategies should include:  \n Plan for a reduction in impervious area; and  \n Utilization of french drains and dry wells in appropriate locations (soil conditions \npermitting). \n Bio-retention Swales.  Bio-retention swales are recommended in all future \nsurface parking areas with adequate land area (suggested area: equivalent to 5% \nof the surface area drained) and suitable soil conditions. The bio- retention \nswales are landscapes where water is diverted and detained to treat and slow \ndown peak flow rates. Pervious paving should be considered but only where \nwater receiving landscapes are not possible. \nInfrastructure Framework.  The Master Plan also provides recommendations for \nestablishing a “green” approach to infrastructure. The plan provides comprehensive \nstorm water management concepts and recommendations with the intent of improving \nwater quality, decreasing runoff and preventing erosion and flooding. It also focuses on \nefficiency in the traditional infrastructure.   \nPlantings.  The vegetative elements of the landscape including trees, shrubs, ground \ncover and lawns are an essential and defining part of the MSU campus. Trees and shrubs \nhelp define campus open spaces, help define the quality of the campus environment and \nalso support the long-term goals of campus sustainability. Plantings can also facilitate the \nperformance of natural systems (i.e. waterways and drainage patterns) and improve \noverall campus storm water management and performance. Protecting existing \nvegetation, removing invasive plants, and supplementing with new plantings will ensure \nthat natural systems continue to function and improve over time. Appropriate selection \nand location of trees can provide shade and mitigate heat islands of pavement and west \nfacing building facades. In all cases, plantings should be implemented to emphasize these \nlarger formative landscape characteristics. \n\n \n \nWRMP for Red Bud – Catalpa Creek Watershed_Final   97 \n \nIrrigation.  Currently MSU’s entire irrigation water supply comes from potable sources \n(campus wells). It is recommended that all MSU plantings be designed to thrive without \nirrigation after an initial growth establishment period. Recommendations relating to \nirrigation include: \n Limit irrigation to campus lawn areas that receive heavy pedestrian and \ntailgating use (i.e., the Junction); \n Consider non-potable water sources for the irrigation water supply (Chadwick \nlake and Eckies Pond); \n Limit irrigation operations to periods of time associated with heavy use (i.e. \ntailgating, recreation activities); \n Implement weather station(s) for monitoring and managing irrigation zones and \nprogramming irrigation time periods; \n Update mapping of all existing campus irrigation zones and plan for improved \nmaintenance planning and operations; \n Conduct periodic inspections of irrigation heads to repair and reduce over-spray \nonto non-irrigated surfaces; \n All newly implemented planted areas should be supplied with amended planting \nsoils designed with moisture retention capacity to reduce irrigation dependency; \n Provide a supplemental watering program (in-house maintenance operations or \nlandscape installation contract) associated with new plant growth establishment \nand limit to a two-year period; and \n Native and adaptive hardy plant selection criteria should consider watering \ndemands as part of the plant selection process. \nMSU Estimated Average Annual Cost for Urban Storm Water Protection.  MSU’s \naverage annual cost for urban storm water protection is not known at this time. \nHowever, efforts will be made to identify and quantify/estimate these costs. This will \ninclude costs for existing activities as well as for future construction and operations. \nIn addition to the above referenced items from the MSU Master Plan, the following \nrestoration and management activities are also proposed. \nBest Turfgrass Management Practices. Highly maintained turfgrass, such as that \nsurrounding Davis Wade Stadium, is frequently overseeded with perennial ryegrass in \nthe fall of the year, which increases nutrient demand. Overseeding yields a turf that is \ngreen year round, thus fertilized nearly twice as much as it would be if it were not \noverseeded (approximately 4 to 8 lb N / 1000 ft\n2\n). \nModerately maintained turf areas, like that surrounding campus buildings or adjacent to \nsidewalks, require approximately 3 to 5 lb N / 1000 ft\n2\n, but are infrequently irrigated. \nHowever, these areas are often proximal to impervious surfaces where runoff is more \napt to be channeled toward open sewers and storm water confluence features, \nultimately resulting in offsite movement of nutrients.  \n\n \n \nWRMP for Red Bud – Catalpa Creek Watershed_Final   98 \n \nThe loss mechanisms of turf applied nutrients, especially nitrogen, are well understood. \nHowever, loss is highly variable due to abundant factors – nitrogen source, rainfall \nintensity, surface slope, turf health, erosion potential, soil water status during \napplication and immediately after, turf species and variety, light levels, soil and air \ntemperature, soil organic matter, cation exchange capacity, and soil type.  \nNitrogen use efficiency (NUE) is a term commonly used to indicate relative balance of \napplied nitrogen versus that used by turf. Reported NUE for warm-season grasses range \nfrom 63 to 84% (Bowman et al., 2002).  Nitrogen loss may be due to leaching, \nvolatilization, direct run-off, or immobilization.  \nLeaching - Precipitation and irrigation beyond evapotransporational demands of turf \nincreases NO\n3\n leaching from Kentucky bluegrass (Morton et al., 1988) and hybrid \nbermudagrass (Snyder et al., 1984). Implications are that Mississippi’s heavy rainfall and \nthe level of irrigation required to maintain turf aesthetics and wear tolerance may \ncontribute to excessive nutrient leaching. \nVolatilization – Soils harbor bacteria that thrive in saturated (anaerobic) conditions. \nThese microbes convert NO\n3\n nitrogen to oxygen and nitrogen gases. Volatilization of \nNH\n4\n occurs when urea nitrogen sources are applied in the presence of water and urease.  \nObjectives for turfgrass management. The following objectives, if implemented both on \nthe central campus and the surrounding research farms, could decrease nitrogen species \nloading into Catalpa Creek and sustain a healthy Catalpa Creek Watershed: \n1. reduce nutrient input;  \n2. reduce storm water runoff intensity; \n3. correct turf species selection (and in some instances reducing turf acreage \naltogether);  \n4. improve nutrient management; and  \n5. increase stakeholder awareness of the proper turfgrass best management \npractices.   \nMajor Considerations for turfgrass management.  The headwaters of Catalpa Creek \noriginate on the ridge line where Davis Wade Stadium is situated. Within this basin, \napproximately 25 acres of maintained turfgrass lawn flow directly onto an impervious \nsurface or into a storm-water sewer. This direct runoff may be considered a point source \nfor downstream pollution. The sports field itself, does not drain south but north, piped \ndirectly into Chadwick Lake.  \nTracing the creek further south, the water is day-lighted into a deeply downcut and \nchannelized creek which courses under black jack to reemerge and become the principle \nconfluence feature of the entirety of South Farm.  \n\n \n \nWRMP for Red Bud – Catalpa Creek Watershed_Final   99 \n \nBeginning at faculty housing nearest the creek, there exists low maintenance lawn and \nintramural fields which are allowed to directly flow into the creek. The campus master \nplan depicts the remaining daylighted creek north of Blackjack being covered, which is \nsure to increase already evident flooding potential further north of the already \ndeteriorated natural flood plain. This too will increase downstream flooding and will \nfurther downcut the channel, possibly leading to road instability and infrastructure \nfailure at the Blackjack creek crossing and other crossings or paralleling roads \ndownstream.  \nFertility budgets for the University grounds exist but are not readily available at this \ntime; however, it could be surmised that turf cover on the MSU campus comprises a \nmoderate risk to stream and ecosystem health within the Catalpa Creek watershed. \nSpecifically, storm water runoff exceeds the creeks capacity without bolstered or \nreestablished flood mitigation. Ideally, these mitigation techniques would include \nreturning some, if not all, of the currently daylighted Catalpa Creek to a natural flood \nplain. Similarly, retention and water recharge areas should be mandated on newly \nconstructed parking lots, and remediation techniques, such as bio swells and \nraingardens, should be added to high impact areas of existing impervious areas, as well \nas maintained turf.  \nReducing impervious surfaces and mitigating storm water run-off should be a guiding \nprinciple for all future master planning of the University campus. Regular street \nsweeping and a comprehensive recycling and waste management program are needed \nto reduce pollution flow through current gutters, which directly enter Catalpa Creek.  \nReplacing Turf with Pollinator Habitat.  Sites designed to attract numerous types of \ninsect pollinators - non-native European honeybee (Apis mellifera) and native \nbumblebees (Bombus spp.) - should be implemented in replacement of maintained turf \nand hardscapes. Potential plant material may include those detailed in Table 11.3.1. \nMilkweeds (Asclepias spp.) are especially attractive for the monarch butterfly (Danaus \nplexippus). Both annuals that reseed themselves and perennials that persist several \nyears are included. \n  \n\n \n \nWRMP for Red Bud – Catalpa Creek Watershed_Final   100 \n \nTable 11.3.1. Native Plant Material for Pollinator Habitat at Mississippi State University’s Catalpa Creek Restoration \nProject. \nCOMMON NAME SCIENTIFIC NAME GROWTH CYCLE \nLanced Leaved Coreopsis Coreopsis lanceolata perennial \nPurple Coneflower Echinacea purpurea perennial \nIndian Blanket Gaillardia pulchella annual \nScarlet Sage Salvia coccinea annual, perennial \nTickseed Sunflower Bidens polylepis anuual, biennial \nGolden Alexander Zizia aurea perennial \nButterfly Milkweed Asclepias tuberosa perennial \nClasping Coneflower Rudbeckia amplexicaulis annual \nLemon Mint Monarda citriodora annual \nSmooth Aster Aster laevis perennial \nSwamp Sunflower Helianthus angustifolius  \nSpotted Beebalm Monarda punctata annual, biennial, perennial  \nBlack-Eyed Susan Rudbeckia hirta annual, biennial, perennial  \nSmooth Penstemon Penstemon digitalis perennial \nPlains Coreopsis Coreopsis tinctoria annual \n \nDiversity in all things is key to pollinator success within human disturbed areas. We call \nthis “Reconciliation ecology.” Essentially, we’re trying to modify human habitats in order \nto make them better for wild species.  \nOther key goals may include: \n1. Provide nesting habitat. Most evidence suggests that flowering plant material is only \npart of the solution. There are around 4,000 species of bees in the US. Some nest in \nfallen timber; others are ground nesting; still others burrow into wooden structures.  \n2. Plant diverse stands of plant material: multiple colors, long and short duration of \nbloom, and different seasonal bloom times (early spring to late fall). \n12 MONITORING, MODELING, RESEARCH, AND ASSESSMENT \n12.1 WATER RESOURCES \n \nMonitoring and modeling will be performed by University researchers with possible \nsupport from USGS and MDEQ.  Monitoring includes routine and event-based assessment \nof water quantity and quality, as well as the assessment of biological conditions, stream \nchannel, plant community indicators, and social indicators.  Integrated modeling of \nexisting watershed hydrology and runoff and stream water quality, stream hydraulics and \nsediment transport, and channel morphology conditions will be performed to identify \nmost critical non-point source areas, dominant mechanisms driving sediments and \nnutrients supply within the watershed and corrections needed to improve streams and \nwatershed quality. A second modeling effort is planned to predict changes associated \n\n \n \nWRMP for Red Bud – Catalpa Creek Watershed_Final   101 \n \nwith typical stream restoration design scenarios and proposed implementation of BMPs \nat channel and watershed level.  \nWater Quality/Quantity.  The approach for evaluating outcomes, including plans for \nmonitoring and modeling, and for reporting on progress to achieve the objectives of this \napplication leverage several complimentary approaches and strategies, including EPA’s \nHandbook for Developing Watershed Plans and Mississippi's State-level Strategies to \nReduce Nutrients and Associated Pollutants (identified below): \n1. Determine appropriate spatial and temporal scales;  \n2. Determine appropriate reference period (assess system dynamics in determining \nthe reference frame; evaluate hydrologic period of record; incorporate existing \nmonitoring information);  \n3. Identify management practices to be implemented (identify the management \npractices to be monitored and consider the attributes of these management \npractices); \n4. Establish monitoring site locations (consider multiple options; leverage funding of \nsite locations with other agencies/organizations and partner on selecting \nmonitoring parameters and reporting);   \n5. Select what will be monitored (match the monitoring parameters with the project \nobjectives and the management practices; include biological as well as \nphysicochemical parameters so relationships can be established between the \nbiological or stream response and implemented practices);  \n6. Establish sampling frequency (integrate watershed, site, and hydrologic \ncharacteristics with desired outcomes from the implemented practices; ensure \nmonitoring occurs over the annual hydrograph); \n7. Provide analysis and assessment of results (establish an information management \nsystem to store information; consider the analyses to be performed as part of the \nmonitoring program design such as watershed/stream modeling, geomorphic \nanalyses, land use/nutrient loading, biotic/nutrient or other statistical \nrelationships, status & trends analyses, etc.; assess the monitoring network \nperiodically for effectiveness and relevancy); \n8. Establish and document data QA/QC (ensure that all data quality objectives and \nquality assurance project plans are prepared and approved prior to initiating \nmonitoring; conduct quality assurance and quality control protocols as part of \nfield, laboratory, analysis, and modeling activities); and  \n9. Design the monitoring program to be sustainable and adaptable (refine and \nimprove the monitoring approach and network as additional information becomes \navailable).  \nMonitoring water quality and quantity will occur at various locations throughout the \nwatershed, determined based on tributary delineations and land use maps, to identify \n\n \n \nWRMP for Red Bud – Catalpa Creek Watershed_Final   102 \n \npriority areas, which are likely to overlap priority areas for BMP implementation; and \noffer an opportunity for pre and post-BMP assessment. This approach will provide \nmeasureable outcomes following priorities of the EPA 9 elements objectives (Figure \n12.1.1, Figure 12.1.2, Figure 12.1.3). Water quality/quantity monitoring and assessment \nactivities will include: \n Determination of nutrient inputs based on existing management policies (R. \nMoore); \n Assessment and variability of streams hydrology and hydraulic characteristics  (B. \nBaker, J. Ramirez-Avila, J. Martin, C. Siegert);  \n Identification of transport paths and trends, and mechanisms driving sediments \nand nutrient supply and exportation within and from the watershed (J. Ramirez-\nAvila; B. Baker);  \n Assessment and variability of sediment and nutrient concentrations and other \nwater quality parameters in runoff, stream water, and streambed sediment \n(Water Quality Lab, Kelly Gene Cook Environmental Engineering Lab);  \n Testing incubation methods for sediment oxygen demand and nutrient release \nfrom streambed sediment (J. Martin, J. Ramirez-Avila, Kelly Gene Cook \nEnvironmental Engineering Lab) \n Assessment of Pathogens levels in stream water (USDA Microbiology Lab- J. \nBrooks);  \n Monitoring precipitation on the MSU campus (located on the South Farm Facility) \nto include in modeling efforts towards calculating surface runoff, hydrologic \ncharacteristics, and nutrient, sediment, and pathogen loads (Chris Fuhrman & \nJamie Dyer); and \n Land use characterization at the time pre-monitoring begins, and during post-\nimplementation monitoring will be critical to determine land use changes/ \nchanges in impervious surfaces contributing to runoff, especially as major \nconstruction projects on the MSU campus adjacent to the headwaters is expected \nto continue throughout the Catalpa Creek Watershed Project. \nA two tier integrated watershed and channel modeling effort is considered to support \nwatershed management and stream restoration activities and watershed responses to \nrestoration and BMPs implementation. Modeling efforts will consider:  \nWatershed modeling will be performed to simulate and predict runoff and stream flow, and \nsediment and nutrient transport conditions for the existing baseline scenario; identify critical \nareas of non-point source pollution and priority areas for BMPs implementation; and evaluate \nthe watershed response post-implementation of BMPs and typical stream restoration design \nscenarios within the Catalpa Creek watershed. The modeling approach will combine the \ncomputational programs Agricultural Policy/Environmental eXtender (APEX) and the Soil and \nWater Assessment Tool (SWAT). \n\n \n \nWRMP for Red Bud – Catalpa Creek Watershed_Final   103 \n \nModeling stream hydraulics, sediment transport, and channel morphology will support a \nfoundational understanding towards the role in-stream "
}