{
  "slug": "ross-barnett-reservoir-watershed-plan-2011",
  "source": "Ross_Barnett_Reservoir_Watershed_Plan_2011.pdf",
  "length": 1021493,
  "part": 20,
  "text": "of Pearl River nutrient concentration and loading \ndistributions (1993 through 2001, excluding 1999) ............................................. 3-3 \nTable 3.3 Pearl River average annual nutrient loads based on monthly \nor bimonthly sampling (1993 through 2001, excluding 1999) ............................ 3-3 \nTable 3.4 Pearl River average daily nutrient loadings and concentrations \nat base, intermediate, and high flows (1993 through 2001, \nexcluding 1999) ................................................................................................... 3-4 \nTable 3.5 Pearl River wet versus dry year average daily nutrient loadings, \nconcentrations, and flow .................................................................................... 3-14 \nTable 3.6 Pearl River wet versus dry season average daily nutrient \nconcentrations and loadings ............................................................................... 3-14 \n \nTable 4.1\n Yockanookany River daily average flows on sampling days \nversus all days (1996 through 2001) .................................................................... 4-1 \nTable 4.2 Summary of lower Yockanookany River nutrient concentrations \nand loading distributions (1996 through 2001) .................................................... 4-3 \nTable 4.3 Lower Yockanookany River average daily nutrient loads based \non monthly or bimonthly sampling (1996 through 2001) .................................... 4-3\n \nTable 4.4 Lower Yockanookany River average daily nutrient loadings \nand concentrations at base, intermediate, and high flows \n(1996 through 2001) ............................................................................................ 4-4\n \nTable 4.5 Lower Yockanookany River wet versus dry year average \ndaily nutrient loadings, concentrations, and flows ............................................. 4-12\n \nTable 4.6 Lower Yockanookany River wet versus dry season average \ndaily nutrient concentrations and loadings ........................................................ 4-14\n \n \n \n\nAppendix C  \nTributary Water Quality Analysis October 31, 2011 \n \n \n \niii \nLIST OF FIGURES \n \nFigure 1.1 Sampling locations on the Pearl River and the Yockanookany River ................. 1-2 \n \nFigure 3.1\n Pearl River at Edinburg annual average flows, 1963 through 2009 .................... 3-2 \nFigure 3.2 Pearl River total phosphorus concentration versus sampling \ndate and flow (1993 through 2001) ...................................................................... 3-5\n \nFigure 3.3 Pearl River total phosphorus loading versus sampling date \nand cumulative loading versus flow (1993 through 2001) .................................. 3-6 \nFigure 3.4 Pearl River total nitrogen concentration versus sampling \ndate and flow (1993 through 2001) ...................................................................... 3-8 \nFigure 3.5 Pearl River total nitrogen loading versus sampling date and \ncumulative loading versus flow (1993 through 2001) ......................................... 3-9 \nFigure 3.6 Pearl River total suspended solids concentration versus \nsampling date and flow (1962 through 2001) .................................................... 3-10\n \nFigure 3.7 Pearl River total suspended solids loading versus sampling \ndate and cumulative loading versus flow (1962 through 2001) ......................... 3-12 \nFigure 3.8 Scatter plots of relationships among total phosphorus, total \nnitrogen, and total suspended solids for the Pearl River \n(1993 through 2001) .......................................................................................... 3-13\n \n \nFigure 4.1 Yockanookany River at Ofahoma annual average flows, \n1943 through 2009 ............................................................................................... 4-2 \nFigure 4.2 Yockanookany River total phosphorus concentrations at Revive \nversus sampling date and flow at Ofahoma (1996 through 2001) ....................... 4-5\n \nFigure 4.3 Lower Yockanookany River total phosphorus loading \nversus sampling date and cumulative loading versus flow \n(1996 through 2001) ............................................................................................ 4-6\n \nFigure 4.4 Yockanookany River total nitrogen concentrations at Revive \nversus sampling date and flow at Ofahoma (1996 through 2001) ....................... 4-8\n \nFigure 4.5 Lower Yockanookany River total nitrogen loading \nversus sampling date and cumulative loading versus \nflow (1996 through 2001) .................................................................................... 4-9\n \nFigure 4.6 Yockanookany River TSS concentrations at Revive versus \nsampling date and flow at Ofahoma (1996 through 2001) ................................ 4-10\n \nFigure 4.7 Lower Yockanookany River TSS loading versus sampling \ndate and cumulative loading versus flow (1996 through 2001) ......................... 4-11\n \n\nAppendix C  \nTributary Water Quality Analysis October 31, 2011 \n \nLIST OF FIGURES (CONTINUED) \n \n \n \niv \nFigure 4.8 Scatter plots of relationships among total phosphorus, total \nnitrogen, and total suspended solids for the Yockanookany \nRiver at Revive (1996 through 2001) ................................................................ 4-13\n \n \nFigure 5.1\n Comparison of total nitrogen yield versus water yield \nrelationships for the Pearl River and the Yockanookany \nRiver (1996 through 2001)................................................................................... 5-2\n \nFigure 5.2 Comparison of total phosphorus yield versus water yield \nrelationships for the Pearl River and the Yockanookany \nRiver (1996 through 2001)................................................................................... 5-2\n \nFigure 5.3 Comparison of total suspended solids yield versus water \nyield relationships for the Pearl River and the Yockanookany \nRiver (1996 through 2001)................................................................................... 5-3\n \n \nFigure 6.1 Locations of biological sampling in Ross Barnett Reservoir watershed ............. 6-3 \n \n \n\nAppendix C  \nTributary Water Quality Analysis October 31, 2011 \n \n \n \n1-1 \n1.0 INTRODUCTION \n \nAvailable monitoring data were analyzed to evaluate loading of total phosphorus (TP), \ntotal nitrogen (TN), and total suspended solids (TSS) into the Ross Barnett Reservoir. Available \ndata from the majority of the Reservoir tributary sites typically included flows and water \nchemistry from a single sample, or did not include flows at all. This analysis used only data sets \ncontaining flows and TP, TN, or TSS for multiple samples. Reasonably complete water quality \ndata sets were available from the Edinburg station on the Pearl River and the Revive station on \nthe Yockanookany River (Figure 1.1). The analysis focuses on these two stations. Flow \nmeasurements were also available for the Edinburg station on the Pearl River, but not at the \nRevive station on the Yockanookany River. For the analyses, Yockanookany River flow \nmeasurements collected just downstream of Revive, at Ofahoma, were used with the water \nquality data from Revive. \nThese data sets included water quality data from the US Environmental Protection \nAgency’s (EPA) Legacy STORET database, the Mississippi Department of Environmental \nQuality’s (MDEQ) Ambient Monitoring Program, MDEQ’s WADES database, and the US \nGeological Survey (USGS) flow gages. These data sources and periods of record (PORs) are \nsummarized in Table 1.1. Except for flow data, sampling during the time periods indicated in \nTable 1.1 were either monthly or bimonthly. \n \nTable 1.1. Data sources and POR for analysis of TP, TN, and TSS loadings to Ross Barnett \nReservoir. \n \nLocation Data Source POR \nParameters \nTN TP TSSFlow\nPearl River \nat Edinburg \nMDEQ WADES 01/2000 – 12/2001 X X X  \nUSGS Stream Gage 1963 – 2009    X \nLegacy STORET \n11/1962 – 03/1967   X  \n08/1975 – 06/1977   X  \n01/1993 – 12/1998 X X X  \nYockanookany \nRiver near Revive  \nMDEQ Ambient Monitoring \n12/1996 – 02/2001 X X X  \nLegacy STORET \nYockanookany \nRiver at Ofahoma \nUSGS Stream Gage 1943 – 2009    X \n\n \n \n \n1-2 \nFigure 1.1. Sampling locations on the Pear\nl River and the Yockanookany River. \n \n \n \n\nAppendix C  \nTributary Water Quality Analysis October 31, 2011 \n \n \n \n1-3 \nThe objective of the analysis was to compute daily and annual loads of TN, TP, and TSS, \nand, where possible, to evaluate: \n \n1. Temporal variation in TP, TN and TSS concentrations and loads: \na. Annual, \nb. Wet versus dry season, and \nc. Wet versus dry years. \n \n2. Loading differences among watersheds; and \n3. Covariation among flow and TN, TP, and TSS. \n \nThis summary also discusses additional sampling data collected in the Pearl River and \nPelahatchie Creek. There is not a sufficient record of data at these sites to conduct a meaningful \nanalysis of temporal variation or covariation. A complete inventory of water quality monitoring \ndata collected in the Reservoir watershed is available in the Comprehensive Water Quality \nMonitoring Plan. \n \n \n \n\nAppendix C  \nTributary Water Quality Analysis October 31, 2011 \n \n \n \n2-1 \n2.0 DATA ANALYSES \n \nTo calculate daily loads for each sampling date, the parameter concentration obtained \nfrom grab samples was multiplied by the total discharge on the sampling day, with appropriate \nunit conversions. Flow data were available as daily mean flows. No formal statistical analyses \nwere performed beyond simple linear regressions. In general, data were evaluated by visual \nexamination of scatter plots and summary tables. \n \n\nAppendix C  \nTributary Water Quality Analysis October 31, 2011 \n \n \n \n3-1 \n3.0 PEARL RIVER AT EDINBURG \n \n3.1      Flows      \nA comparison of flows on the sampling days from January 1993 through December 2001 \n(excluding 1999, when water quality sampling did not occur) with all days during that period is \npresented in Table 3.1. Table 3.1 indicates that the distribution of flows on sampling days versus \nall days is comparable with a slight negative bias on sampling days. A plot of average annual \nflows (Figure 3.1) indicates that average annual flows generally ranged from approximately \n600 to 1,800 cubic feet per second (cfs) between 1963 and 2009.  \n \nTable 3.1 Pearl River (Edinburg) average daily flow on sampling days versus all days \n(1993 through 2001, excluding 1999). \n \nMetric \nAverage Daily Flow (cfs) \nSampling Days All Days \nPercentile \n10\nth\n                                   19                                   19                                   \n25\nth\n                                   75                                   57                                   \n50\nth\n                                 206                                 272                                 \n75\nth\n                              1,125                              1,290                              \n90\nth\n                              2,370                              3,060                              \nAverage                                           881                                            1,065                                           \nStandard Deviation 1,447 1,820 \nMaximum                                      7,280                                         18,100                                      \nMinimum                                              3                                              1                                              \n \n3.2      Annual      Loadings      \nA summary of TSS and nutrient concentrations and loading distributions for the \nPearl River is presented in Table 3.2. Annual TP, TN, and TSS loadings are summarized in \nTable 3.3. TP, TN, and TSS concentrations and loadings during 2000 were an order of \nmagnitude below typical values. Low loading values were due to both low concentrations \n(Table 3.3) and low flows (Figure 3.1) during 2000. \n \n\n \n \n \n3-2 \nFigure 3.1. Pearl River (Edinburg) annual average flows, 1963 through 2009. \n0\n500\n1,000\n1,500\n2,000\n2,500\n3,000\n3,500\n196019701980199020002010\nAnnual\n \nAverage\n \nFlow,\n \ncfs\nYear\nAnnual Average \nAvera\nge + 1 standard deviation\nAverage ‐1 standard deviation\n \n \n \n\nAppendix C  \nTributary Water Quality Analysis October 31, 2011 \n \n \n \n3-3 \nTable 3.2. Summary of Pearl River (Edinburg) nutrient concentration and loading \ndistributions (1993 through 2001, excluding 1999).  \n \nMetric \nConcentrations \n(mg/L) \nLoadings \n(kg/day) \nTP TN TSS TP TN TSS \nPercentile \n25\nth\n            0.060            0.655            4.0                14              190            1.09E+03            \n50\nth\n            0.090            0.950            8.0                48              438            4.11E+03            \n75\nth\n            0.120            1.240            12.5              165            2,628            3.20E+04            \nAverage                  0.100                  0.996                  15.9                  178                  1,794                  5.38E+04                  \nStandard Deviation 0.077 0.462 37.309 314 2,690 1.79E+05 \nMaximum                 0.440                 2.290                 286.0                 1,562                 11,652                 1.28E+06                 \nMinimum                 0.010                 0.170                 1.0                  0.3                 4                 2.84E+01                 \n \n \nTable 3.3 Pearl River (Edinburg) average annual nutrient loads based on monthly or \nbimonthly sampling (1993 through 2001, excluding 1999).  \n \nYear \nTotal Phosphorus \n(kg/day) \nTotal Nitrogen \n(kg/day) \nTotal Suspended Solids \n(kg/day) \nMean Std Dev N Mean Std Dev N Mean Std Dev N \n1993         279         472           6         3,428           3,828          62.32E+5         5.14E+5         6         \n1994         120         150           6           860         878          61.26E+4         1.60E+4         6         \n1995         369         606           6         2,878           4,401          64.48E+4         8.48E+4         6         \n1996         153         192           6         1,659           1,669          62.99E+4         4.44E+4         6         \n1997         118         125         11         1,975           1,632         112.37E+4         3.28E+4         11         \n1998         316         447         10         2,554           3,714         101.04E+5         1.89E+5         10         \n2000           23           29           9           235              217           91.62E+3           1.60E+3           9           \n2001         113         115           9         1,186           1,274          91.68E+4         2.48E+4         9         \n \n\nAppendix C  \nTributary Water Quality Analysis October 31, 2011 \n \n \n \n3-4 \n3.3 Concentrations and Loadings Versus Flows \nTable 3.4 summarizes TP, TN and TSS concentrations and loadings at low, intermediate, \nand high flows. At this scale (i.e., among flow categories), TP and TN concentrations show no \ncorrelation with flow at low and intermediate flows and a slight decrease at high flows. In \ncontrast, TSS shows a strong correlation with flow. Loadings for TN, TP and TSS show a strong \ncorrelation with flow. \n \nTable 3.4. Pearl River (Edinburg) average daily nutrient loadings and concentrations at base, \nintermediate, and high flow (1993 through 2001, excluding 1999). \n \nFlow Category \nConcentration \n(mg/L) \nLoading \n(kg/day) \nTP TN TSSTP TN TSS \nBase Flow, < 20\nth\n percentile; < 50 cfs \n0.104    1.0127    6        55     3.91E+02\nIntermediate Flow, 40-60\nth\n percentile;189-606 cfs \n0.103    1.02910       82      888    8.80E+03\nHigh flow > 80\nth\n percentile; > 1,830 cfs \n0.091    0.83151      635    6,854    2.91E+05\n \n3.3.1   Total Phosphorus Concentrations and Loadings Versus Flows \nScatter plots of TP concentrations versus sampling date and flows are provided on \nFigure 3.2. TP concentrations varied by an order of magnitude among samples. Interquartile TP \nconcentrations differed by a factor of two (0.06 versus 0.12 mg/L; Table 3.2). TP concentrations \nare uncorrelated with flow, with some of the lowest TP concentrations occurring at the highest \nflows (Table 3.4 and Figure 3.2). \nScatter plots of TP loading versus sampling date and flows are provided on Figure 3.3. \nTP loading varied by nearly two orders of magnitude among samples. Interquartile TP loading \nvalues differed by a factor of approximately ten (14 versus 160 kg/day; Table 3.2). TP loading \nwas strongly related to flow (Figure 3.3), with the greatest increase in loading occurring at \napproximately 1,000 cfs, which is the 67\nth\n percentile among all daily flows from 1963 \nthrough 2009.  \n \n\n \n \n \n3-5 \n0.000\n0.050\n0.100\n0.150\n0.200\n0.250\n0.300\n0.350\n0.400\n0.450\n0.500\nJan‐92  Jan‐93  Jan‐94  Jan‐95  Jan‐96  Jan‐97  Jan‐98  Jan‐99  Jan‐00  Jan‐01  Jan‐02  Jan‐03\nTotal\n  \nP\n  \n(mg/L)\nSampling Date\nLog(TP)  = ‐0.4Log(Flow) + 0.0976\nR² = 0.0101\n0.010\n0.100\n1.000\n1101001,00010,000\nTotal\n  \nP\n  \n(mg/L)\nFlow (cfs)\nFigure 3.2. Pearl River (Edinburg) total phosphorus concentration versus sampling date \n(top figure) and flow (bottom figure), 1993 through 2001.  \n \n \n \n\n \n \n \n3-6 \n0.0E+00\n2.0E+03\n4.0E+03\n6.0E+03\n8.0E+03\n1.0E+04\n1.2E+04\n1101001,00010,000\nCummulative\n \nTotal\n \nP\n  \nLoading\n \n(kg/d)\nFlow (cfs)\n0\n200\n400\n600\n800\n1000\n1200\n1400\n1600\n1800\nJan‐92 Jan‐93 Jan‐94 Jan‐95 Jan‐96 Jan‐97 Jan‐98 Jan‐99 Jan‐00 Jan‐01 Jan‐02 Jan‐03\nTotal\n  \nP\n \nLoaading\n \n(kg/day)\nSampling Date\nFigure 3.3. Pearl River (Edinburg) total phosphorus loading versus sampling date (top figure) \nand cumulative loading versus flow (bottom figure), 1993 through 2001. \n \n \n \n\nAppendix C  \nTributary Water Quality Analysis October 31, 2011 \n \n \n \n3-7 \n3.3.2   Total Nitrogen Concentrations and Loadings Versus Flow \nScatter plots of TN concentrations versus sampling date and flows are provided on \nFigure 3.4. TN concentrations varied by an order of magnitude among samples. Interquartile TP \nconcentrations differed by a factor of two (0.66 versus 1.24 "
}