{
  "slug": "tarebreeches-creek-tuscumbia-river-canal-watersehd-plan-2012",
  "source": "Tarebreeches_Creek_Tuscumbia_River_Canal_Watersehd_Plan_2012.pdf",
  "length": 64503,
  "part": 2,
  "text": "dards \nSediment/ \nSiltation \nAquatic Life Support Waters shall be free from materials attributable to municipal, industrial, \nagricultural, or other dischargers producing color, odor, taste, total \nsuspended solids, or other conditions, in such degree as to create a \nnuisance, render the waters injurious to public health, recreation, or to \naquatic life and wildlife, or adversely affect the palatability of fish, \naesthetic quality, or impair the waters for any designated uses. \n \n \nParameter Beneficial Use Narrative Water Quality Standards \nNutrients Aquatic Life Support Waters shall be free from materials attributable to municipal, industrial, \nagricultural, or other dischargers producing color, odor, taste, total \nsuspended solids, or other conditions, in such degree as to create a \nnuisance, render the waters injurious to public health, recreation, or to \naquatic life and wildlife, or adversely affect the palatability of fish, \naesthetic quality, or impair the waters for any designated uses. \n \n \nParameter Beneficial Use Water Quality Standards \nDissolve Oxygen Aquatic Life Support DO concentrations shall be maintained at a daily average of not less than \n5.0mg/l with an instantaneous minimum of not less than 4.0mg/l.  \nNatural conditions are defined as background water quality conditions \ndue only to non-anthropogenic sources.  The criteria herein apply \nspecifically with regard to substances attributed to sources (discharges, \nnonpoint sources, or instream activities) as opposed to natural \nphenomena.  Waters may naturally have characteristics outside the limits \nestablished by these criteria.  Therefore, naturally occurring conditions \nthat fail to meet criteria should not be interpreted as violations of these \ncriteria. \n \nParameter Beneficial Use Water Quality Standards \nFecal Coliform Secondary Contact May - October: Fecal coliform colony counts are not to exceed a \ngeometric mean of 200 per 100ml based on a minimum of 5 samples \ntaken over a 30-day period with a minimum of 12 hours between \nindividual samples, nor shall the samples examined during a 30-day \nperiod exceed 400 per 100ml more than 10% of the time. \nNovember – April: Fecal coliform colony counts shall not exceed a \ngeometric mean of 2000 per 100 ml based on a minimum of 5 samples \ntaken over a 30-day period with no less than 12 hours between individual \nsamples, nor shall the samples examined during a 30-day period exceed \n4000 per 100 ml more than 10% of the time. \n \n \n \n \n \n\n \n \n18 \nD. Current Status of Water Bodies in the Watershed \n \n  Waterbodies in the Tarebreeches Creek-Tuscumbia River Canal watershed are included on \nMississippi’s 303(d) list of impaired waters and they are as follows: \nTuscumbia River Canal- listed for Sediment, Low DO/Organic Enrichment, and Nutrients. \n  \nE. TMDLs \n \nThe Tarebreeches Creek-Tuscumbia River Canal Watershed is located in Alcorn County, \nMississippi.   The watershed ID number is 0503, and the Hydrologic Unit Code (HUC) code for the \nwatershed is 08010207. This particular watershed is located in the Tuscumbia River Canal Watershed. \nThe streams in Tuscumbia River Canal Watershed are biologically impaired due to sediment/siltation, \nlow dissolved oxygen (DO)/ organic enrichment, and nutrients.   \nThere have been two TMDLs developed for Tuscumbia River Canal.  The first TMDL is for \nbiological impairment due to Sediment.  The second TMDL is for biological impairment due to \nNutrients and Low DO/Organic Enrichment.  \nThe recommended load reduction for sediment is a narrative criteria because at this time \nMississippi does not have numeric criteria for sediment.  Also, due to sediment data being unavailable \nand insufficient, the sediment range used for the TMDL were obtained from those values of unstable \nstreams in the level III ecoregion. This range is from .00151 to .0761 tons per acre per day at the \neffective discharge, therefore, a reduction in the sediment loading is recommended to bring those \nunstable streams back to yields that are acceptable for stable streams in the ecoregion.  The \nrecommended management actions to reduce the loading to the streams are stream bank and riparian \nbuffer zones restoration and any other sediment reduction BMPs, especially for the road crossings, \nagricultural activities, and construction activities. \nThe recommended load reduction from the nutrients, low DO and organic enrichment TMDL \nincludes a 77% reduction of phosphorous and an 8.7 % reduction Total Nitrogen (TN) from nonpoint \nsources.  The management actions for this load reduction include riparian buffer zone restoration and \nother nutrient reduction BMPs.  Implementation of these BMP activities should reduce nutrient loading \nto the streams that will result in attainment of applicable water quality standards. \n  \n\n \n \n19 \nVIII. WATERSHED MANAGEMENT  \nACTIONS \n \nAgricultural Best Management Practices \n \nA.  Sediment and Nutrient BMPs  \n \n1. Stakeholder Interests \n \n The major interests of the stakeholders are the sediment and nutrient loadings to Tarebreeches \nCreek and the Tuscumbia River Canal in the watershed.  These are the reasons these creeks are impaired \nand have TMDLs or are listed on Mississippi’s 303(d) List of Impaired Waters.  \n \n2. Goals/Objectives \n \n The goal and objective is to reduce the sediment and nutrient loading coming from agricultural \nlands and bring the creeks back from unstable stream levels to stable stream levels.  Doing this will help \nimplement the TMDLs for these creeks and may remove Tarebreeches from the 303 (d) list. \n \n3. Management Actions \n \n The management action that will be taken to address sediment and nutrient loading is the \ninstallation of agricultural BMPs that pertain to sediment and nutrients.  These BMPs include but are not \nlimited to:  \n Field Borders,  \n Grade Stabilization Structures,  \n Pasture and Hay Land Planting,  \n Nutrient Management, \n Water and Sediment Control Basins,  \n Fencing,  \n Stream Crossings, \n Heavy Use Area Protection, and  \n Tank/Troughs. \n \n\n \n \n20 \n  These BMPs will be installed by cooperating landowners in the watershed.  The program that \nthese BMPS will be installed under is the MSWCC cost-share program.  The Natural Resources \nConservation Service (NRCS) will provide the technical/planning assistance for this project.  Most of \nthe BMPs that will be installed are permanent structures and must be maintained by the landowner for a \nperiod of 10 years.  NRCS and Alcorn County Soil and Water District employees identified landowners \nin the watershed that had agricultural land using maps provided by the Mississippi Department of \nEnvironmental Quality.   \n \n \n \n4. Project Tracking/Assessment of Progress \n \n The Tarebreeches Creek-Tuscumbia River Canal 319 project began in 2011 and is scheduled to \nend September 2014.  The milestones for the Tarebreeches Creek-Tuscumbia River Canal Watershed \n319 project are listed below:  \n \n1. Assist Natural Resources Conservation Service (NRCS), United States Geological Survey \n(USGS), and the Alcorn County Soil and Water Conservation District (SWCD), with \nassistance from Mississippi Department of Environmental Quality (MDEQ), in the \ndevelopment of a Watershed Implementation Team (WIT).  \n \n2. Develop a Watershed Implementation Plan (WIP) consistent with MDEQ guidance and         \nassistance from the WIT. \n \n3. Assist in the development and implementation of a watershed monitoring plan for the project.    \n \n4. Present a draft WIP to MDEQ and the Tarebreeches Watershed Implementation Team for review and \ncomments. \n \n5. Determine through intensive surveys, priority areas that are contributing significant pollutant \nloads in the watershed. \n \n6. Inform the public, landowners, and other stakeholders within the project area about the project \nand secure commitments from priority landowners and others willing to participate in the \nproject.  \n \n7. Notify MDEQ project officer, in a timely manner, of all project visits/ inspections/ field days/ \nand any other public meetings so that the project officer may have an opportunity to attend. \n \n8. Develop plans for Best Management Practices (BMPs) in accordance with approved WIP.  \n \n\n \n \n21 \n9. Assist landowners and operators in the installation of appropriate BMPs and collect       \nbefore and after soil loss and GPS coordinates each installed  BMP and incorporate into a GIS \nformat.   \n \n10. Establish at least two (2) demonstration farms to inform the public about BMPs. \n \n11. Provide a least two (2) informational field days/tours to inform the public about the     \nbenefits of the project. \n \n12. Develop and distribute no fewer than 1,000 informational fact sheets highlighting the      \nbenefits derived from the project.  \n \n13. Publish no fewer than 4 articles about the project in newsletters and local newspapers. \n \n14.  Erect no fewer than 20 project roadside signs where water quality practices are installed     \nin the project.  \n \n15.  Document pre-existing site conditions and improvements by conducting before and after     \nphoto documentation. \n \n16. Assist the MDEQ project officer in conducting inspections during construction. \n \n17. Make project presentations as requested by MDEQ. \n \n18. Secure maintenance agreements from cooperators/landowners in accordance with      \nMSWCC state cost-share guidelines.  \n \n19. Submit bi-annual reports by every September 25\nth\n and March 25\nth\n of each year showing    \nstatus of tasks and start/completion dates of each task. \n \n20. Submit a final report to MDEQ.                                                        \n \n \n5. Desired Results/Benefits \n \n The desired benefit of this project will be the reduction of sediment and nutrient loading to levels \nthat are considered to be acceptable and remove the impaired segments of Tarebreeches Creek from the \n303 (d) list and will help implement the TMDLs for the subwatershed in the Tuscumbia River Canal \nwatershed. \n \n \n\n \n \n22 \n6. Roles/Responsibilities \n \n There are several different groups with responsibilities in this watershed.  MSWCC has the \nresponsibility and role of administering the 319 project.  The Alcorn County Soil and Water \nConservation District and the local NRCS staff have the role of technical assistance.  The landowners \nhave the responsibility of implementation of BMPs in the project area.  The Tarebreeches Creek \nWatershed Implementation Team has the role of helping gather all the information needed to write the \nWatershed Implementation Plan.  MSWCC also has the responsibility of compiling all the information \nand writing the initial plan for the watershed.  Other programs that are available to landowners in the \nwatershed include EQIP, CRP, and WHIP.  Under these three programs, there has been $194,897 spent \nover the last three years with another $190,000 projected to be spent over the next three years. \n \n7. Budget \n \nThe table below shows a list of potential Best Management Practices to be installed with the 319 \ngrant.   \n \nTable 8.1 Funded 319 Project Budget for BMPs. \nPractice Area Affected BMP Cost BMP Total \nField Borders 9 acres $250/ac $2,250 \nGrade Stabilization Structure 7 structures $6,500 ea $45,000 \nPasture and Hay Land Planting 175 acres $200/ac $35,000 \nWater and Sediment Control Basin 4 structures $10,000 ea $40,000 \nNutrient Management 2,000 acres $103.8/ac $206,167 \nTank/Trough 10 each $2,500 ea $25,000 \nStream Crossing 4 each $15,000 ea $60,000 \nHeavy Use Area Protection 6,250 sq feet $12/sq ft $75,000 \nFencing 2,500 feet $1.30/ft $3,250 \nTotal \n  \n$491,667 \n \n \nTable 8.2 Technical Assistance \nItem Cost \nTechnical Assistance $41,667 \nTotal $41,667 \n \n \n\n \n \n23 \nIX. EDUCATION/OUTREACH ACTIVITIES \n \nA. Educational Activities to be Implemented \n \n The overall objective of community education in the Tarebreeches Creek-Tuscumbia River \nCanal watershed is to develop an atmosphere that promotes sustained, long-term protection and \nimprovement of aquatic resources in the watershed. Specific objectives of education efforts in the \nwatershed include the following: \n \n Increase public awareness of the value of clean water. \n Increase public awareness of agricultural runoff and encourage behaviors that will reduce \nlevels of sediments and nutrients in the watershed by education, watershed \ncharacterization and stewardship opportunities. \n Increase public awareness of how BMPs can be used to reduce negative water quality and \nhabitat effects. \n Increase public awareness of the long term environmental and economic advantages of \nprotecting and improving water quality and habitat in the Tarebreeches Creek-Tuscumbia \nRiver Canal watershed. \n \n \n 1. Signage \nSigns identifying the BMPs that have been installed will be erected throughout the \nwatershed upon permission of landowners. \n   \nPrimary partners- Mississippi Soil and Water Conservation Commission, Mississippi Department of \nEnvironmental Quality, Alcorn County Soil and Water Conservation District, Natural Resources \nConservation  Service, and Environmental Protection Agency. \n \n \n \n \n \n\n \n \n24 \n a. Indicators   \n  There will be field days held to show other landowners and the interested public the \nBMPs installed.  Participants will be counted at these field days.  Traffic through the watershed \ncannot be documented, but some areas are along a heavily traveled  state highway.  \n \n b. Schedule \n  The BMP signs will be erected as practices are completed and/or requested by the \nlandowners throughout the life of the project. \n \n c. Budget  \n Table 9.1 Projected Costs for Signage. \nItem Unit Cost Total Cost \nSigns 20 $100.00 $2,000.00 \nTotal   $2,000.00 \n \n2. Landowner Meeting and Field Days \n There will be a landowner meeting held to inform landowners in the watershed about the project \nand what BMPs will be available for implementation on their land.  Also, there will be at least two \nfield days held to highlight the BMPs that have been installed during the project period.  This will \nallow other landowners and the interested public to view some of the practices that are being \ninstalled to benefit water quality in the watershed. \n \n Primary partners- Mississippi Soil and Water Conservation Commission, Mississippi \nDepartment of Environmental Quality, Alcorn County Soil and Water Conservation District, Natural \nResources Conservation Service, and Environmental Protection Agency \n \n a. Indicators \n  Attendance at the landowner meeting and the field days will be documented and reported \nto MDEQ.  The number of individuals who install BMPs as a result of the field days will also be \ndocumented. \n\n \n \n25 \n b. Schedule \n  Field days in the watershed will take place in 2012-2014. \n  \nc. Budget \n Table 9.2 Projected Costs for Landowner Meeting and Field Days. \nItem Units Cost Total Cost \nEvent Flyers 300 .60/each $180.00 \nMailing/Delivery 300 .45/each $135.00 \nMiscellaneous (Landowner \nmeeting, field days, supplies) \n3 $1,920.67/each $5,762.01 \nTotal   $6,077.01 \n  \n \n3. Fact Sheets \n  A fact sheet will be developed at the end of the project.  This fact sheet will contain \ninformation about the watershed, the number and type of BMPs that were installed, the number of \ntons of soil being saved, and the number of acres impacted by the BMPs. \n \n Primary Partners- Mississippi Soil and Water Conservation Commission, Alcorn County Soil \nand Water Conservation District, and Natural Resources Conservation Service. \n \n a. Indicators \n  1,000 fact sheets will be designed and distributed.  These fact sheets will be handed out at \nthe final field day and will also be available in the district offices.   \n \n b. Schedule \n  The fact sheet will be developed once all BMPs are in place to get a total tons of soil \nsaved and the correct number of BMPs installed. \n \n \n\n \n \n26 \n c. Budget \n Table 9.3 Projected Costs for Fact Sheets. \nItem Unit Cost Total Cost \nPrinting 1,000 1.00/each $1,000.00 \nTotal   $1,000.00 \n \n \n \n4. Watershed Harmony Puppet Show \n Watershed Harmony is a musical puppet performance aligning with the fourth and fifth grade \nMississippi Framework and National Science Standards.  Audiences of all ages will delight in \nenvironmental stewardship through this toe tapping musical.  Performances are not only enjoyed by \nschool groups, but also by adults attending teacher workshops, civic clubs, and conferences.  This \nprogram serves to inform, excite, and enlist the help of citizens in an ongoing effort to promote \nwater quality in their communities. \n \n Primary Partners- Mississippi Department of Environmental Quality and Bayou Town \nProductions. \n \n a. Indicators \n The number of participants will be documented and submitted to MDEQ.   \n \n b. Schedule \n  Watershed Harmony will be presented before August 2014. \n \n c. Budget \n Table 9.4 Projected Costs for Watershed Harmony Puppet Show \nItem Unit Cost Total Cost \nWatershed Harmony Puppet Show 1 show $1,000.00 $1,000.00 \nTotal   $1,000.00 \n \n \n\n \n \n27 \n5. Alcorn County Fair \n A booth will be set up at the fair with information about the project with pictures of BMPs within \nthe watershed and other educational materials about nonpoint source pollution and the Tarebreeches \n319 project.  A coloring contest will be held during the fair for 2 age groups, 0-5 years old and 6-8 \nyears old.  During the 2 days the booth is set up, there will be awards given every hour to the \ncoloring contest winners.  Also, Sam E Soil will be making special appearances throughout the time \nthe booth is set up. \n \n Primary partners- Mississippi Soil and Water Conservation Commission, Mississippi \nDepartment of Environmental Quality,  and Alcorn County Soil and Water Conservation District. \n \n a. Indicators \n  The number of brochures that are handed out to adults while the children are participating \nin the coloring contest will be documented.  The number of children who participate in the coloring \ncontest will be documented and the number of coloring books about Sam E Soil given out will be \ndocu"
}