{
  "slug": "magees-creek-watershed-plan-2007",
  "source": "Magees_Creek_Watershed_Plan_2007.pdf",
  "length": 55428,
  "part": 1,
  "text": "\n\nMagees Creek \nWatershed \nImplementation Plan \n \n \nFinal Draft \n\n 2 \nMagee’s Creek Watershed \n Implementation Plan \n \n \n \n \n \n \nPrepared for: \n \nPearl River/South Independent Streams Basin Team \nMississippi Department of Environmental Quality \n \n \n \n \n \n \n \n \n \n \nDeveloped by:  \n \nMagees Creek Watershed Implementation Team \n \n \n \n \n \n \n \n \nPrepared by: \n \nMississippi Soil and Water Conservation Commission \nP.O. Box 23005 \nJackson, MS 39225 \n\n 3 \nTable of Contents \n \n \nI. Executive Summary        6 \n \nII. Vision Statement         8 \n \nIII. Mission Statement        8 \n \nIV. Watershed Implementation Team      9 \n \nV. Watershed Description         10 \n \nVI. Stakeholder Interests           14 \n \nVII. Water Resources        15                          \n       A. History of Activity in the Watershed     15 \n       B. Wildlife and Fisheries       15 \n       C. Designated Use classifications and Water Quality Standards  16 \n       D. Current Status of Waterbodies in the Watershed   16 \n       E. TMDLs         16 \n \nVIII. Watershed Management Actions      17 \n        A. Stakeholders Interests       17 \n        B. Goals/Objectives           17 \n        C. Management Actions       17 \n        D. Project Tracking/Assessment of Progress    18 \n        E. Desired Results/Benefits        19 \n        F. Roles/Responsibilities       20 \n        G. Budget         20 \n \nIX. Education/Outreach Activities        22 \n      A. Educational Activities to be Implemented     22 \n 1. Signage         22 \n     a. Indicators        22 \n     b. Schedule        23 \n     c. Budget          23 \n 2. Field Days         23 \n     a. Indicators        23 \n     b. Schedule        23 \n     c. Budget          24 \n 3. Fact Sheets        24 \n     a. Indicators        24 \n     b. Schedule        24 \n     c. Budget          24 \n\n 4 \n 4. Adopt-A-Stream          25 \n     a. Indicators        25 \n     b. Schedule        25 \n     c. Budget          25 \n 5. Project Learning Tree       25 \n     a. Indicators        26 \n     b. Schedule        26 \n     c. Budget          26 \n 6. Watershed Harmony Puppet Show     26 \n     a. Indicators        26 \n     b. Schedule        27 \n     c. Budget          27 \n 7. Total Projected Cost of Education/Outreach Activities  27 \n 8. Total Budget for Magees Creek Watershed Implementation Plan  28 \n \nX. Evaluation          29 \n     A. Plan Evaluation Procedure        29 \n     B. Implementation Evaluation Strategy     29 \n \nXI. Plan Revision         31 \n     A. Plan Revision Procedure       31 \n \nXII. Resources         32 \n \n \n \n \n \n \n \n \n \n \n \n \n \n \nList of Tables \n \nTable 1.1 Magees Creek Management Action Plan    7 \n\n 5 \nTable 7.1 Water Quality Standards      16 \nTable 8.1 Funded 319 Project Budget      20 \nTable 8.2 Contractual Services for BMP Design     21 \nTable 8.3 Technical Assistance       21 \nTable 9.1 Projected Costs of Signage      23 \nTable 9.2 Projected Costs of Field Days       24 \nTable 9.3 Projected Costs for Fact Sheets     24 \nTable 9.4 Projected Costs for Adopt-A-Stream Workshop   25 \nTable 9.5 Projected Costs for Project Learning Tree    26 \nTable 9.6 Projected Costs for Watershed Harmony Puppet Show  27 \nTable 9.7 Total Projected Education Budget     28 \nTable 9.8 Total Budget for Magees Creek Watershed Implementation \n       Plan         28 \n \n \n \n \nList of Figures \n \nFigure 5.1 Magees Creek watershed      11 \nFigure 5.2 Land use in Magees Creek Watershed    12 \nFigure 5.3 Impaired Segment of Magees Creek     13 \n \n \n \nList of Appendices \n \nAppendix A- Plant and Animal Species of Special Concern \nAppendix B- Funded 319 Project Proposal \nAppendix C- Stressors   \nAppendix D- Checklist of Watershed Implementation Elements \n \n \n \n \n \n \n \n \n \n \n \n \nI. Executive Summary \n\n 6 \n \n Magees Creek Watershed was identified as a priority watershed by the \nPearl River- South Independent Streams Basin Team due to its listing on \nMississippi’s 303(d) list of impaired waters.  The impairment in this watershed is \nfecal coliform.  The Mississippi Soil and Water Conservation Commission \n(MSWCC) and USDA Natural Resources Conservation Service (NRCS) thought \na great impact on water quality could be made in this watershed. MSWCC \nsubmitted a proposal to apply best management practices to address the fecal \ncoliform issue.  That proposal was selected for funding by MDEQ and a contract \nwas awarded to MSWCC.  MSWCC has taken the lead to assemble a Watershed \nImplementation Team to address the fecal coliform issue along with any other \nissues and concerns within the watershed and write a Watershed Implementation \nPlan.  \n  \n The key natural resource issue in this watershed is fecal coliform loading \nto the streams.  This Watershed Implementation Plan has the goals of reducing  \nfecal coliform entering streams and creeks in the watershed, and removing the \nimpaired segments of the streams and creeks in the Magees Creek watershed \nfrom the state’s 303(d) list of impaired waterbodies.  MSWCC plans to implement \na 319 water quality project on agricultural lands within the watershed.  The \ntargeted area for this project is land within Walthall County that is located in the \nMagees Creek watershed.  This project is a three year project that began in 2005 \nand will end in August 2008.  The organizations and agencies that will be \nimplementing the project to reduce fecal coliform loading will be the Walthall \nCounty Soil and Water Conservation District, Natural Resources Conservation \nService, and the Mississippi Soil and Water Conservation Commission.  The \nWalthall County Soil and Water Conservation District and the Natural Resources \nConservation Service can be contacted at 601-876-0962 ext. 3 for information \nand assistance about this project.  \n\nTable 1.1 Magees Creek Management Action Plan \nGoal Who What Where When Contact \nReduce fecal \ncoliform loading \nto achieve water \nquality standards \nand both \ndesignated uses: \nprimary contact \nand aquatic life \nsupport \nMSWCC, USDA \nNRCS, MSU \nExtension, \nMississippi Farm \nBureau \nContinue existing programs and \nprojects related to farmer \neducation, BMP Implementation \nand habitat conservation \nEntire \nWatershed \n2005-2008 Mark Gilbert, MSWCC \n601-354-7645 \n, USDA NRCS \n601-876-0962 \nBrook Stuart, \nMississippi Farm \nBureau \n601-977-4243 \nLocal Landowners \nand Operators \n- Critical Area Planting \n- Grade Stabilization Structures \n- Pasture and Hayland Planting \n- Water and Sediment Control \nBasins \n-Nutrient Management \n- Livestock Water Ponds \n- Tank/Trough \n- Stream Crossings \n- Fencing \n- Lagoons \n- Waste Storage Facilities \n- Composting Facilities \n- Grassed Waterways \n- Prescribed Grazing \n- Incinerators \n- Tree Planting \n- Alum Treatment of Poultry \nHouses \n- Conservation Cover \n- Chiseling and Subsoiling  \n   \n7\n\nII. VISION STATEMENT \n \n The vision of the Magees Creek Watershed Implementation Team is to \nimprove and/or protect the quality of water in Magees Creek Watershed by \nreducing sediment transport, improving drainage, and reducing fecal coliform \nloading from agricultural lands in the watershed.\n \n \n III. MISSION STATEMENT \n \n  \n \n The mission of the Magees Creek Watershed Implementation Team is to \neducate landowners on new and innovative best management practices and land \nuse planning methods and implement the appropriate best management \npractices that will result in the enhancement and conservation of all the natural \nresources in the watershed. \n \n \n \n \n \n \n \n \n \n \n \n \n \n \n \n \n \n \n \n \n \n \n \n \n \n \n8 \n\n 9 \nIV. Watershed Implementation Team  \n \n Members of the Watershed Implementation Team for the Magees Creek \nWatershed include as follows: \n \nMelvin Holiday- Producer \n \nBrent Bracey- Walthall Co. SWCD Commissioner/ Producer (WCSWCD) \n \nLarry Martin- Walthall Co. SWCD Commissioner (WCSWCD) \n \nSteven Williams- Mississippi Forestry Commission (MFC) \n \nJennifer Stringer- Natural Resources Conservation Service (NRCS) \n \nMark Gilbert- Mississippi Soil and Water Conservation Commission (MSWCC) \n \nBilly Davis- Mississippi Soil and Water Conservation Commission (MSWCC) \n \nPatrick Vowell- Mississippi Soil and Water Conservation Commission (MSWCC) \n \nBrook Stuart-Mississippi Farm Bureau Federation (MFBF) \n \nJanet Chapman- Mississippi Department of Environmental Quality (MDEQ) \n \nKenneth LaFleur- Mississippi Department of Environmental Quality (MDEQ) \n \nAnn Porter- Mississippi Department of Environmental Quality (MDEQ) \n \nLamar Adams- Walthall Co. Extension Service (MSU-Ext) \n \nNathan Graves- Walthall Co. SWCD Commissioner (WCSWCD) \n \nMike Davis- Pearl River Basin Development District (PRBDD) \n \nKen Ainsworth- Natural Resources Conservation Service (NRCS) \n \nJimmy Armstrong- Pearl River Basin Development District (PRBDD) \n \n \n \n \n \n\n 10 \nV. WATERSHED DESCRIPTION \n \n Magee’s Creek lies within Walthall, Marion and Lawrence Counties in the \nSouthwest portion of Mississippi (Figure 5.1) (MDEQ 2004).  There are 143,266 \nacres located within the watershed boundaries.  This rural watershed is sparsely \npopulated.  The city of Tylertown is located in this watershed, and there are \nseveral communities including Kioto, Dillon, Simonds, Lehr, Kirklin, Davo, Carto, \nMesa, Lexie, China Grove, Melis, Salem, Darbun, and Sartinville.  Economic \nconditions that influence this watershed include lumber mills, timber producers, \npoultry farms, dairy farms, and a very limited amount of row crop farms.  Several \nunmarked Indian mounds are located in the watershed. \n The land uses in the watershed include agriculture lands (62%), \nforestlands (32%), barren, urban and water (all together less than 1%).  Cotton \nwas the major crop in the watershed until the 1950’s when dairy farming became \nthe major type of farming.  Due to economics in the 1970’s, soybean production \nbecame the major land use due to increased profitability.  The 1990’s brought \nalong poultry production as the major land use in the Magees Creek watershed.  \nAlso, an increase in timber production has caused a decrease in the number of \nacres of row crops grown throughout this cycle.  Since Hurricane Katrina hit in \n2005, there has been an increase in the amount of urbanizaton in the watershed.  \nA large number of five to ten acre homesite communities are being developed \nwithin the watershed.  \n The soils in the watershed are primarily of the Ora-Ruston association.  \nThe other soil associations in the watershed include Brookhaven-Providence-\nOra, Ora-Savannah-Ruston, Ruston-Ora, Cascilla-Collins-Falaya, and \nMantachie-Ochlockone-Wehadkee.   The geology of the watershed is Citronelle \nof the Pliocene epoch and the Hattiesburg and Catahoula of the Miocene epoch.  \nMagees Creek watershed is located in the Southern Pine Plains and Hills \necoregion.  About 4%, or 6,424 acres, of the watershed are wetlands.  \n Collins Creek, Varnell Creek and two unnamed tributaries all have point \nsource discharges on them.  There are no state or federal parks, wildlife \nmanagement areas, national forests or other significant management areas \nlocated within this watershed.   \n \n \n \n \n \n\n 11 \n \n \n \nFigure 5.1 Magees Creek Watershed \n \n \n \n \n\n 12 \n \n \n \n \n \n \nFigure 5.2 Land Use in Magees Creek Watershed \n \n \n \n \n \n\n 13 \n \n \n \n \nFigure 5.3 Impaired Segment of Magees Creek  \n \n \n \n \n \n \n \n\n 14 \nVI. STAKEHOLDER INTERESTS \n \n The major interests and concerns of the stakeholders in the Magees \nCreek watershed are as follows: \n \n Interest \n• to maintain an agricultural/silvacultural base in the watershed \n•  \n Concerns \n - decline in profit for dairy producers due to decreasing milk prices and   \n    rising costs to stay in environmental compliance \n \n - kudzu, cogongrass, and smutgrass- invasive weed species in the state \n \n - decrease in natural regeneration of native hardwoods due to the       \n   abundance and rapid growth of privet hedge and wild hogs eating the   \n   acorns and other nuts before they are able to sprout \n  \n Interest \n• the water quality of streams and creeks in the watershed \n \n Concerns \n - beavers damming up streams and creeks in the watershed causing   \n   flooding, also no help with trapping (funding) \n  \n - sedimentation from agricultural lands \n \n - the disposal of litter and trespassing on private lands of recreational   \n   tubers along the creek \n \n Interest \n• the overall quality of life in the Magees Creek watershed \n \n Concerns \n - DNA source tracking to identify the sources of pollution entering the   \n   streams \n \n - the odors produced by dairy and poultry operations \n \n - the overall impacts that urban development might have on the     \n   watershed    \n \n \n\n 15 \nVII. Water Resources \n \nA. History of Activity in the Watershed \n \n The primary players in restoration and /or conservation efforts in the Magees \nCreek Watershed are the Natural Resources Conservation Service (NRCS), Walthall \nCounty Soil and Water Conservation District, the Mississippi Soil and Water \nConservation Commission (MSWCC), and the local landowners.  Local landowners \nand operators will play a major role in the restoration and conservation of the natural \nresources in this watershed by installing needed BMPs on their land.   \n \n Conservation activities in this watershed have been an ongoing activity for \nmany years.  There has been approximately $150,000 spent on Best Management \nPractices (BMPs) in the past three years under the NRCS’s Environmental Quality \nIncentives Program (EQIP).  It is projected that over the next three years another \n$120,000 will be spent in this watershed under EQIP.  Other conservation activities \ntaking place in the watershed include tree planting using the FSA’s    Conservation \nReserve Program (CRP) and the Mississippi Forestry Commissions state cost share \nprograms.  These practices are resulting in better water quality for the Magees \nCreek watershed. \n  \n The Magees Creek Watershed was selected as a priority watershed by the \nPearl River/ South Independent Streams Basin Team.  As the management agency \nfor agricultural nonpoint source pollution in the state of Mississippi, the Mississippi \nSoil and Water Conservation Commission (MSWCC) determined that Magees Creek \nWatershed would be a good candidate for restoration.  After meetings with local \nlandowners and NRCS employees that work in this area, MSWCC determined there \nwas enough interest in the watershed to make a measurable difference and \nconsequently submitted a 319 proposal to the Mississippi Department of \nEnvironmental Quality (MDEQ).  Through a collaborative effort between NRCS, \nMDEQ and MSWCC, the team members for the Watershed Implementation Team \nwere assembled.  \n \n \nB. Wildlife and Fisheries \n \n There is an abundance of wildlife and fisheries located throughout the \nwatershed.  The recreational species in the watershed include whitetail deer, turkey, \nrabbit, ducks, dove, bass, bream, catfish and feral hogs.  Wildlife is very important to \nthis watershed.  In addition to hunting and fishing on private lands, there are fee-\nbased operations located in the watershed.  One of these operations is a quail \nhunting enterprise. \n \n\n 16 \nC. Designated Use Classification and Water Quality \nStandards \n The designated beneficial uses of the waterbodies in the Magee’s Creek \nWatershed are primary contact and aquatic life support.   The water quality \nstandards for Magees Creek Watershed are listed below in Table 7.1. \n \nTable 7.1 Water Quality Standard \nParameter Beneficial Use Water Quality Criteria to Meet \nUse \nFecal Coliform Contact Recreation Fecal coliform colony counts not to \nexceed a mean of 200 per 100ml \nbased on a minimum of 5 samples \ntaken over a 30-day period with no \nless than 12 hours between \nindividual samples, nor shall the \nsamples examined during a 30-day \nperiod exceed 400 per 100ml more \nthan 10 percent of the time. \n   \n \nD. Current Status of Water Bodies in the Magees \nCreek Watershed \n \n Magees Creek is listed on the states 303d list for segment MS190E with the \nimpairment being fecal coliform. (See map 5.3 Impaired Segment of Magees Creek.) \n \nE. TMDLs \n \n \nThere has been a TMDL approved by EPA for Magees Creek in Walthall \nCounty, Mississippi Watershed ID-MS190E, HUC-03180005.  The impairment for \nthis waterbody is fecal coliform.  The sources of the impairment are as follows: \nwildlife, failing septic systems, land application of poultry litter and cattle manure, \nurban development, and permitted facilities discharging into the water source.  There \nis a 45% reduction recommended in the TMDL.  Education projects that teach best \nmanagement practices regarding urban bacteria loads, manure management, and \nseptic tank management should be used as tools for reducing the nonpoint source \ncontributions.  There will be no NPDES permit applications approved that do not \nplan to meet the water quality standards for disinfection. \n \n \n \n\n 17 \nVIII. WATERSHED MANAGEMENT  \nACTIONS \n \nFECAL COLIFORM \n \nA. Stakeholder Interests \n \n \nOne of the major interests of the stakeholders is the fecal coliform loading into \nMagees Creek.  This is the reason for Magees Creek being listed on Mississippi’s \n303(d) list of impaired waters.  \n \nB. Goals/Objectives \n \n The goal and objective of this management action is to reduce the fecal \ncoliform loading coming from agricultural lands.  Reducing this ag contribution may \nbe sufficient enough to remove Magees Creek from the state’s 303(d) list. \n \nC. Management Actions \n \n The management action that will be taken to address fecal coliform is the \ninstallation of agricultural BMPs.  These BMPs include but are not limited to:  \n• Critical Area Planting,  \n• Grade Stabilization Structures,  \n• Pasture and Hayland Planting, \n• Nutrient Management,  \n• Fencing,  \n• Stream Crossings,  \n• Grassed Waterways,  \n• Water and Sediment Control Basins,  \n• Livestock Watering Ponds,  \n• Tank or Troughs as Alternative Water Sources, \n•  Lagoons,  \n• Animal Waste Control Facilities,  \n• Prescribed Grazing, \n•  Tree Planting,  \n• Chiseling and Subsoiling, and  \n• Alum Treatment of P"
}