{
  "slug": "bear-creek-watershed-plan-2007",
  "source": "Bear_Creek_Watershed_Plan_2007.pdf",
  "length": 68731,
  "part": 4,
  "text": "ches a concept about \nwater. The spring, 2004 Aqua Fair is scheduled to be held in the Basin \ngroup I geographical region.  \n \nAdopt-A-Stream Program \n \nThis program involves individual citizens and local community groups in \nwater quality monitoring and protection. Through participation in an \neducational 2-day workshop, citizens and teachers learn watershed and \nland use mapping and how to make water quality determinations by \nconducting water chemistry tests and macroinvertebrate counts on a \nperennial stream. Some participants attend for the educational benefits and \nothers commit to monitoring a stream for several years. Co-sponsors of \nthis program include the Mississippi Wildlife Federation, Mississippi \nNatural Science Museum and Mississippi State University’s Coastal \nResearch and Extension Service.  \n \nNonpoint Education for Municipal Officials (NEMO) \n \nNEMO is an education program that makes the link between land use and \nwater quality using geographic information systems (GIS) technology. \nNEMO focuses on the role of impervious surfaces in the transport and \nconcentration of pollutants. The core presentation of NEMO is divided \ninto three parts. First, GIS images of topography and drainage systems are \nused to emphasize the water cycle, the watershed concept and the need for \nwatershed management. Second, the land cover/land use data, interspersed \nwith ground and aerial photographs, show local participants the current \nland use patterns in their town and the common polluted runoff problems \nassociated with each major type of land use. After which, existing land use \nin critical watersheds is compared with “build-out” scenarios based on the \ntown’s zoning regulations. The emphasis is on the potential increases in \nthe amount of impervious surface and how it can reach a problem point \nwhere streams will be degraded. DRAFTly, NEMO outlines a three-tier \nstrategy of natural resource-based planning, site design and the use of \nstormwater best management practices that towns can use to address their \nland use and better plan for future growth while protecting their water \nresources.  \n \n \n \n \n \n \n \n\n 34 \nTeacher Education \n \nTeacher education is an important component of the NPS pollution \neducation program and a number of lesson plan packages are available for \ndifferent grades. The Unclear Future of Clear Creek, a lesson plan for \ngrades 7-12 is based on Clear Creek in the Big Black River Basin. This \nlesson Plan package was initially distributed to the County Soil and Water \nConservation Districts that placed them in the schools of each of \nMississippi’s eighty-two counties. The lesson plan package continues to \nbe distributed at teacher workshops and at Adopt-A-Stream workshops. \nOther educational activities and materials are described below in \nTable 4.1. \n \nTable 9.  MDEQ NPS Pollution Educational Activities and Materials. \nEducational Activity and Materials Recommended Audience Contact Information \nEnviroscape & Groundwater Model \n(Water Model) \n5-12 grades Cooperative Extension \nService County Agents \n& MS Dept. of Health \nEnvironmentalists \nStorm Drain Marking/Stenciling \nProject-involves both marking storm \ndrains with an anti-pollution message \nand a door-to-door awareness \ncampaign in the vicinity of the \nmarked storm drains. \nAll age groups MDEQ NPS Pollution \nProgram \n \nThe Backyard Conservation \nLiterature Campaign & \nDemonstration Projects-contains \ninformation on how to reduce \npesticide usage, how to create a water \ngarden that doubles as a retention \nbasin and how to attract wildlife to \nyour backyard. \nGarden clubs, Farmers, and \nother Individual \nLandowners  \nMDEQ NPS Pollution \nProgram \n \nMS Planning & Design Manual for \nControl of Erosion, Sediment, and \nStormwater-contains detailed \ndescriptions of NPS Best \nManagement Practices. An \naccompanying Field Manual is also \navailable. \nHighway Construction \nFirms, Engineering Firms, \nLandscape Architects, \nHomebuilders and \nDevelopers \nMDEQ NPS Pollution \nProgram \n \n \n \n \n \n\n 35 \nEvaluation \n  \nMonitoring \n \nWater quality sampling was recommended in the Bear Creek TMDLs, however there are \ncurrently no known plans for studies of the Bear Creek system. \n \nAssessment of progress  \n \nProgress for this watershed implementation plan will be assessed and evaluated five (5) \nyears (2012) . Water quality data, as well as information on activities occurring in the \nwatershed and stakeholder concerns collected during the period from 2005 through 2007 \nwill be utilized. The following criteria will be used to determine progress toward plan \ngoals: \n \n• Reduction of sediment load by at least 2 tons/year, and  \n• Achievement of all Mississippi water quality criteria. \n \nPlan Evaluation Procedure \n \nThis watershed implementation plan will be evaluated and revised in 2012. The \nevaluation of this plan will be organized by the Bear Creek Implementation Team \nbeginning in January 2012. At this time the Implementation Team will develop a detailed \nschedule for review and revision of this watershed implementation plan. The \nImplementation Team members will be responsible for notifying their stakeholders of the \nopportunity to propose changes to the watershed implementation plan. One month will be \nallowed for notification of stakeholders. \n \nThe plan will be evaluated by the Team, or their designee, and any interested \nstakeholders. One month will be allowed for evaluation and submittal of comments. \nTherefore, comments will be due two months after the evaluation procedure is initiated. \nThe plan will be evaluated in two ways. First, to determine if the plan goals have been \nachieved. Second, to determine if it reflects the current condition of the watershed, state \nof science, and issues in the watershed.  \n \nPlan Revision Procedure \n \nAfter evaluation, MDEQ will prepare a revised watershed implementation plan \nincorporating the changes requested by the reviewers. At this point it may be necessary to \ncall a meeting to reconcile any conflicting comments or requests for change.  \n \nIf the evaluation criteria are all being met in Bear Creek surface waters, the watershed \nimplementation plan will be revised to address a different restoration issue or issues, or to \nprotect the quality of the watershed. If the evaluation criteria are not being met, the \napproach for restoring Bear Creek watershed quality will be revised based on knowledge \nthat has been gained since 2007.  \n\n 36 \n \nThe draft watershed implementation plan will be submitted to the Implementation Team, \nand all others who submitted comments. Within two weeks of receiving the draft \nwatershed implementation plan, the Implementation Team will notify their stakeholders \nof the availability of the revised watershed implementation plan for stakeholder review. \nOne month will be allowed for review of the draft. Comments will be due at the end of \nthis review period. \n \nWithin a month after the comments on the draft watershed implementation plan are \nreceived, MDEQ will prepare a final watershed implementation plan. The final watershed \nimplementation plan will be submitted to the Implementation Team for review and \napproval. After the final watershed implementation plan has been approved, the \nImplementation Team will notify their stakeholders of the completion and availability of \nthe final plan for use as a guide to watershed restoration and protection activities. \n \n \n \n \n \n \n \n \n \n \n \n \n \n \n \n \n \n \n \n \n \n \n \n \n \n \n \n \n \n \n \n\n 37 \nReferences \n \nDeLorme. 1998. Mississippi Atlas and Gazette. Yarmouth, Maine. \n \nFreedman, P.L., W.M. Larson, D.W. Dilks, D. Schechter, A. Nemura, T. Naperala, J.V. \nDePinto, M.G. Prothro, G. W. Boese, A. Dettelbach, L. Nothman, K. Thornton, D. Ford, \nP. Massirer, T. Soerens, K. B. Stevens, J.A.H. Sobrinho. 2003. Navigating the TMDL \nProcess: Evaluation and Improvements. 00-WSM-1. Water Environment Research \nFoundation. \n \nKlapproth, J.C., J.E. Johnson. 2000. Understanding the Science Behind Riparian Forest \nBuffers: Effects on Water Quality. Publication Number 420-151. Virginia Cooperative \nExtension. www.ext.vt.edu/pubs/forestry/420-151/420-151.html \n \nMDEQ 2004a. Mississippi 2002 Section 303(d) List of Water Bodies. Mississippi \nDepartment of Environmental Quality. Jackson, Mississippi. \n \nMDEQ. 2000. Yazoo Basin Status Report. Mississippi Department of Environmental \nQuality. Jackson, Mississippi. \n \nMDEQ. 2001. Mississippi’s Fish Tissue Advisories and Commercial Fishing Bans, \nAugust 2002. www.deq.state.ms.us/MDEQ.nsf/page/FS_Fish_Tissue?OpenDocument\n, \naccessed 7/15/04.  \n \nMDEQ. 2002. State of Mississippi Water Quality Criteria for Intrastate, Interstate and \nCoastal Waters. Mississippi Department of Environmental Quality. Jackson, Mississippi. \n \nMDEQ. 2003a. Phase 1 Total Maximum Daily Load for Organic Enrichment/Low DO \nand Nutrients; The Bear Creek Watershed Including Blue, Four Mile, Three Mile, Six \nMile, Wasp, Macon, Mossy, and Sky Lakes; Yazoo River Basin; Leflore, Humphreys, \nand Sunflower Counties, Mississippi. Mississippi Department of Environmental Quality. \nJackson, Mississippi. \n \nMDEQ. 2003b. Sediment TMDL for the Bear Creek Watershed, Yazoo River Basin. \nMississippi Department of Environmental Quality. Jackson, Mississippi. \n \nMDEQ. 2003c. Yazoo River Basin Compendium of Water Quality Information. \nMississippi Department of Environmental Quality. Jackson, Mississippi. \n \nMDEQ. 2003d. Total Maximum Daily Loads for the Legacy Pesticides DDT and \nToxaphene in the Yazoo River Basin. Mississippi Department of Environmental Quality. \nJackson, Mississippi. \n\n 38 \n \nMDEQ. 2004b. Watershed Prioritization, Targeting, and Implementation Planning in the \nYazoo River Basin. Mississippi Department of Environmental Quality. Jackson, \nMississippi. \n \nPennington, J.C., B.W. Bunch, C.E. Ruiz, D.L. Brandon, T.C. Sturgis, C.B. Price, J.M. \nBrannon. 1991. Water Quality Studies in the Upper Yazoo Project Area. Miscellaneous \nPaper EL-91-22. Waterways Experiment Station. Corps of Engineers. Vicksburg, \nMississippi. \n \nSCS (USDA Soil Conservation Service). 1978. Soil Survey of Hinds County, \nMississippi. \n \nSCS. Soil Survey of Humphreys County, Mississippi. \n \nSCS. Soil Survey of Sunflower County, Mississippi. \n \n \n \n \n \n \n \n \n \n \n \n \n \n \n \n \n \n \n \n \n \n \n \n \n \n \n\n 39 \nAppendix \n \nAPPENDIX A – Stressors \n \nStatus Description \nStressor: \nJustification: \nLocation: \nExtent: \nSedimentation/Turbidity \nNonpoint source agricultural runoff due to erosion \nImpairment occurs in Mossy, Six Mile, Wasp, and Sky Lakes \nEntire watershed \nStressor: \nJustification: \nLocation: \nExtent: \nLow DO/Organic Enrichment \nNonpoint source agricultural runoff and/or failing septic systems \nImpairment occurs in Bear Creek, Blue, Mossy, Three Mile, and Wasp Lakes \nApproximately 52 miles of surface water \nStressor: \nJustification: \nLocation: \n \nExtent: \nHigh Nutrient Levels \nNonpoint source agricultural runoff \nImpairment occurs in Bear Creek, Blue, Four Mile, Mossy, Six Mile, Sky, Six \nMile, Three Mile, and Wasp Lakes \nApproximately 52 miles of surface water \nStressor: \nJustification: \nLocation: \nExtent: \nFish Advisories \nSoil persistence of legacy pesticides (DDT & Toxophene) \nAll water bodies containing gar, buffalo, carp, and catfish longer than 22” \nEntire watershed \nStressor: \nJustification: \nLocation: \n \nExtent: \nNoxious Aquatic Vegetation \nNatural dispersal and boat hull transfer \nImpairment occurs in Bear Creek and all oxbows connected by Bear Creek \nduring normal water level conditions. \nEntire watershed \nStressor: \nJustification: \nLocation: \nExtent: \nFisheries Management \nDecline of game fish populations \nAssociated oxbow lakes able to sustain fisheries during low water \nEntire watershed \nStressor: \nJustification: \nLocation: \nExtent: \nAccess to Public Waters  \nLack of sufficient public access to larger oxbow lakes in watershed \nAssociated oxbow lakes able to sustain fisheries during low water \nEntire watershed \n \n \n \n \n \n \n \n \n \n \n \n \n \n \n \n \n\n 40 \nAPPENDIX B – Checklist of WIP Elements \n \nRequired Watershed Elements Located Reference \n1a. Sediment/Siltation is the primary concern of both \nregulatory agencies and stakeholders.  Sediment, erosion, \nand all other contributors to sediment loading must be \nstopped through the used of BMPs.  Primary contributor is \nnon-point source agricultural runoff. \n1b. Low DO/Organic Enrichment.  Specific lakes and \nstream segments in the Bear Creek Watershed are listed for \nOrganic Enrichment although all the causes are not known.  \nMDEQ will continue to monitor Organic Enrichment and \nattempt to identify all causes before any action is taken. \n1c.  High Nutrients.  Specific lakes and stream segments in \nthe Bear Creek Watershed are listed for High Nutrients.  The \ncause is unknown.  However, ag BMPs should address most \nnutrient loading. \n1d.  Fish Advisories/Legacy Pesticides.  DDT can be found \nin fish tissue and soils within the watershed.  The only \ncourse of action is to further reduce sedimentation by using \nag BMPs. \n1e.  Noxious Aquatic Vegetation.  Alligator Weed threatens \nboth recreational access and water quality through organic \nenrichment and DO demand during the fall and winter.  \nAlligator Weed will be treated by a biological means and \nfunded by the USACE and MDWFP.   \n1f. Fisheries Management.  MDWFP will continue to \nmonitor the fishery and place more strict creel and/or slot \nlimits on pressured lakes in the watershed, as needed. \n1g. Lake Access.  Fishermen want additional access to the \nlake.   \nTable 1 \nRemove lakes and stream segments from 303(d) list Page 15 \nStructures for Water Control (100 units minimum) \nOverfall Pipes (40 units minimum) \nRiparian Buffers (100 acres minimum) \nGrass Filter Strips (included in riparian buffer estimate) \nGrass Waterways (25 acres minimum) \nStiff Grass Hedges (+100 sites) \nField Borders (40 acres) \nReforestation (1000 acres) \nWetland Construction (100 acres) \nHydrology Restoration (included in wetland construction \nestimate) \nLand Forming (1000 acres) \nBank Stabilization (as needed, minimum 25 sites) \nNo-Till (1000 acres) \nPage 16 \n\n 41 \nCover/Double Cropping (1000 acres) \n \nAg BMP $1,609,874.00 \nLow DO $850,000.00 \nNoxious Aquatics $96,000.00 \nFisheries Management $17,698.00 \nTOTAL $2,573,572.00 \nTables 5, 6, 7, 8 \nThe overall objective of the education strategy in the Bear \nCreek watershed is to develop an atmosphere that promotes \nsustained, long-term protection and improvement of aquatic \nresources in the watershed. \nPage 23 \nImplementation will be dependent on the cooperation of the \nprivate landowners. \nPage 16 \nThere are no current plans for water quality monitoring in \nBear Creek Watershed. \nPage 33 \n \n \n \n \n \n \n \n \n \n \n \n \n \n \n "
}