{
  "slug": "bee-lake-watershed-plan-2006",
  "source": "Bee_Lake_Watershed_Plan_2006.pdf",
  "length": 112659,
  "part": 1,
  "text": "\n\nBEE LAKE WATERSHED \nIMPLEMENTATION PLAN\n      FINAL\nJune 30, 2006\n\nBEE LAKE WATERSHED\nIMPLEMENTATION PLAN\nPrepared for:\nYazoo River Basin Team\nMississippi Department of Environmental Quality\nDeveloped by:\nBee Lake Watershed Implementation Team\nP.O. Box 276\nStoneville, MS 38776\nPrepared by:\nDelta F.A.R.M.\nP.O. Box 257\nStoneville, MS 38776\nDelta Wildlife, Inc.\nP.O. Box 276\nStoneville, MS 38776\nWith additional technical assistance from:\nFTN Associates, Ltd.\n3 Innwood Circle, Suite 220\nLittle Rock, AR 72211\nMS Dept. of Environmental Quality\nOffice of Pollution Control\nP.O. Box 20385\nJackson, MS  39289\n\nTABLE  OF CONTENTS\nSection                                                                                                       Page\nI. MISSION STATEMENT..............................................................................11\nII. BEE LAKE WATERSHED DESCRIPTION ...............................................11\nIII. WATERSHED IMPLEMENTATION TEAM ...............................................\nA. MEMBER ORGANIZATIONS AND AGENCIES (ACRONYMS) .........13\nB. WIT EXECUTIVE COMMITTEE .........................................................14\nC. WIT TECHNICAL COMMITTEE .........................................................14\nD. WIT LAND, HOME, AND BUSINESS OWNER COMMITTEE ...........14\nE. WIT EDUCATIONAL COMMITTEE ....................................................15\nIV. INTERIORS..............................................................................................\nA. LAND, HOME, & BUSINESS OWNER COMMITTEE........................15\nB. TECHNICAL COMMITTEE INTERESTS ...........................................17\nV. BEE LAKE RESOURCES.........................................................................\nA. WATER QUANTITY............................................................................20\n1. Surface Water ...............................................................................20\n2. Ground Water................................................................................20\n3. Conservation .................................................................................20\nB. FISHERY RESOURCES ....................................................................20\nC. WILDLIFE RESOURCES ...................................................................23\nVI. WATER QUALITY STANDARDS.............................................................24\nA. CURRENT CONDITION.....................................................................24\nB. TOTAL MAXIMUM DAILY LOAD (TMDL)...........................................24\nVII. WATERSHED IMPLEMENTATION PLAN ..............................................25\nA. AGRICULTURAL BEST MANAGEMENT PRACTICES - DESIRED\nBENEFITS.........................................................................................26\n1. Participants ...................................................................................26\n(a). Delta F.A.R.M. ........................................................................26\n(b). Delta Wildlife ..........................................................................27\n\nSection                                                                                                      Page\n(c). USDA - NRCS and FSA .........................................................27\n(d). Mississippi Partners for Fish and Wildlife ..............................27\n(e). U.S. Geological Survey ..........................................................27\n(f). MS Department of Environmental Quality...............................28\n(g). Private Landowners ...............................................................28\n2. Best Management Practices (BMP) Activities ..............................28\n3. Schedule .......................................................................................29\n4. Budget...........................................................................................29\nB. WEIR CONSTRUCTION - DESIRED BENEFITS ..............................30\n1. Participants ...................................................................................30\n(a). Yazoo-Mississippi Delta Joint Water Mgt. District ..................30\n(b). Private Landowners ...............................................................31\n(c). U.S. Geological Survey ..........................................................31\n(d). Natural Resources Conservation Service ..............................31\n2. Weir Construction Activities ..........................................................31\n3. Schedule .......................................................................................31\n4. Budget...........................................................................................32\nC. NOXIOUS AQUATIC VEGETATION - DESIRED BENEFITS ............32\n1. Participants ...................................................................................32\n(a). Mississippi Department of Wildlife, Fisheries, and Parks ......32\n(b). Delta Wildlife ..........................................................................32\n(c). Recreational Fishermen and Other Boaters ..........................33\n(d). U.S. Army Corps of Engineers ...............................................33\n2. Noxious Aquatic Weed Activities...................................................33\n3. Schedule .......................................................................................33\n4. Budget...........................................................................................33\nD. ORGANIC ENRICHMENT - DESIRED BENEFITS............................34\n1. Participants ...................................................................................34\n(a). MS Dept. of Environment Quality ..........................................34\n(b). MS Dept. of Health.................................................................34\n(c). U.S. Geological Survey ..........................................................34\n(d). MS Dept. of Wildlife, Fisheries, and Parks ............................35\n(e). YMD Joint Water Management District ..................................35\n2. Organic Enrichment Activities .......................................................35\n3. Schedule .......................................................................................35\n4. Budget...........................................................................................35\nE. FUTURE DEVELOPMENT - DESIRED BENEFITS...........................35\n1. Participants ...................................................................................36\nPrivate Land and Business Owners .............................................36\n2. Future Development Activities ......................................................36\n\nSection                                                                                                       Page\n3. Schedule .......................................................................................36\n4. Budget...........................................................................................36\nF. FISHERIES MANAGEMENT - DESIRED BENEFITS ........................36\n1. Participants ...................................................................................36\n(a). MS Dept. of Wildlife, Fisheries, and Parks ............................36\n(b). Delta Wildlife ..........................................................................37\n(c.) Recreational Fishermen .........................................................37\n2. Fisheries Management Activities ..................................................37\n3. Schedule .......................................................................................37\n4. Budget...........................................................................................37\nG. LAKE ACCESS - DESIRED BENEFITS .............................................38\n1. Participants ...................................................................................38\n(a). MS Dept. of Wildlife, Fisheries, and Parks ............................38\n(b). Delta Wildlife ..........................................................................38\n(c). Private Landowners................................................................39\n2. Lake Access Activities...................................................................39\n3. Schedule .......................................................................................39\n4. Budget...........................................................................................39\nVIII. WIP IMPLEMENTATION BUDGET .......................................................39\nIX. EDUCATION STRATEGY - DESIRED BENEFITS..................................40\nA. SINAGE ..............................................................................................40\n1. Activities and Participants .............................................................40\n(a). Highway Signs .......................................................................41\n(b). Aquatic Weed Signs ...............................................................41\n(c). Lake Front MBP Signs ...........................................................41\n(d). BMP Signs .............................................................................41\n(e). Weir Sign................................................................................41\n(f). Lake Map and BMP Sign at Boat Ramp .................................41\n2. Indicators ......................................................................................41\n3. Schedule .......................................................................................42\n4. Budget...........................................................................................42\nB. BMP MANUALS FOR AGRICULTURAL PRODUCERS IN THE\nWATERSHED....................................................................................42\n1. Activities and Participants .............................................................42\n2. Indicators ......................................................................................42\n3. Schedule .......................................................................................43\n4. Budget...........................................................................................43\n\nSection                                                                                                        Page\nC. HANDOUTS FOR NOXIOUS AQUATIC WEEDS ..............................43\n1. Activities and Participants .............................................................43\n2. Indicators ......................................................................................44\n3. Schedule .......................................................................................44\n4. Budget...........................................................................................44\nD. LAKE MAPS .......................................................................................44\n1. Activities and Participants .............................................................44\n2. Indicators ......................................................................................44\n3. Schedule .......................................................................................44\n4. Budget...........................................................................................44\nE. CREEL SURVEY DATA......................................................................45\n1. Activities and Participants .............................................................45\n2. Indicators ......................................................................................45\n3. Schedule .......................................................................................45\n4. Budget...........................................................................................45\nF. PUBLIC FISHING PIER......................................................................46\n1. Activities and Participants .............................................................46\n2. Indicators ......................................................................................46\n3. Schedule .......................................................................................46\n4. Budget...........................................................................................46\nG. DIRECT MAIL .....................................................................................46\n1. Activities and Participants .............................................................47\n(a). Fishermen ..............................................................................47\n(b). Home and Lake House Owners.............................................47\n2. Indicators ......................................................................................47\n3. Schedule .......................................................................................47\n4. Budget...........................................................................................47\nH. MISSISSIPPI OUTDOORS PRODUCTIONS.....................................47\n1. Activities and Participants .............................................................47\n(a). Magazine................................................................................48\n(b). TV Show.................................................................................48\n(c). Radio ......................................................................................48\n2. Indicators ......................................................................................48\n3. Schedule .......................................................................................48\n4. Budget...........................................................................................48\nI. WEBSITE LINKAGES ........................................................................48\n1. Activities and Partners ..................................................................48\n\nSection                                                                                                       Page\n2. Indicators ......................................................................................49\n3. Schedule .......................................................................................49\n4. Budget...........................................................................................49\nJ. PRESS RELEASES AND PRINTED MATERIALS.............................49\n1. Activities and Partners ..................................................................49\n2. Indicators ......................................................................................49\n3. Schedule .......................................................................................50\n4. Budget...........................................................................................50\nK. CONSERVATION FAIRS, TOURS, AND FIELD DAYS ......................50\n1. Activities and Partners ..................................................................50\n(a). Small Community Event.........................................................50\n(b). Conservation Fair...................................................................50\n(c). Field Day ................................................................................50\n(d). Private Tours ..........................................................................51\n2. Indicators ......................................................................................51\n3. Schedule .......................................................................................51\n4. Budget...........................................................................................51\nL. TOTAL EDUCATION STRATEGY BUDGET ......................................51\nX. EVALUATION............................................................................................52\nA. MONITORING ....................................................................................52\nB. ASSESSMENT OF PROGRESS........................................................52\nC. EVALUATION OF THE WIP ...............................................................53\nD. PLAN REVISION PROCEDURE........................................................53\nE. EVALUATION BUDGET .....................................................................54\nF. TOTAL WIP BUDGET .........................................................................54\nXI. REFERENCES ........................................................................................55\n\nLIST OF TABLES\nTABLEPage\n4.1.        Priority Concerns............................................................................19 \n6.1.        Water Quality Criteria for Bee Lake Watershed .............................23\n6.2.Bee Lake TMDL .............................................................................25\n7.1.Projected Costs for Agricultural BMP’s ..........................................30\n7.2.        Projected Costs for Weir Construction ...........................................32\n7.3.        Projected Costs for Noxious Weed Control ...................................34\n7.4.Projected Costs for Monitoring Organic Enrichment ......................35\n7.5.Projected Costs for Fisheries Management ...................................38\n7.6.Projected Costs for Boat Ramp Construction ................................39\n8.1.Projected Costs for Implementation Phase of WIP........................40\n9.1.Projected Costs for Signage ..........................................................42\n9.2.Projected Costs for BMP Booklets and Documentation.................43\n9.3.Projected Costs for Aquatic Brochure ............................................44\n9.4.Projected Costs for Lake Maps ......................................................45\n9.5.Projected Costs for Creel Survey Data ..........................................45\n9.6.Projec"
}