{
  "slug": "upper-little-bayou-pierre-watershed-plan-2018",
  "source": "Upper_Little_Bayou_Pierre_Watershed_Plan_2018.pdf",
  "length": 29266,
  "part": 2,
  "text": "The following work plan describes the approaches and tasks that the grantee shall collaboratively \nperform with project partners to advance and implement this watershed-based plan. During this \neffort, the grantee will work with the MDEQ Basin Team and will put forth its best effort to \nperform the tasks identified below within the given timetable. \n  \n1. Work to develop, execute, and implement a Subgrant Agreement that specifies the \nroles, tasks, requirements, and milestones for project implementation. (Month 1)  \n2. Facilitate, in coordination with MDEQ and other partners, meetings, media and social \nmedia promotion of the project, and coordinate activities to fully implement this plan. \n(Months 1 – 36)  \n3. Work with the Claiborne County SWCD, MSWCC, NRCS, and MDEQ to inform \nlandowners and operators within the watershed about the project and work to secure \ncommitments from priority area landowners and operators who are willing to \nparticipate in the project. (Months 1 – 6)  \n4. Work with the local SWCD, MSWCC, NRCS, and MDEQ to determine through GIS \napplications and intensive site surveys the priority areas within the sub-watershed that \nare contributing significant pollutant loads.  All BMPs shall be installed in \naccordance with the guidelines developed in the latest edition of the NRCS Technical \nField Manual, or other approved guidelines.  (Months 1-36) \n5. Facilitate, in cooperation with MDEQ and other monitoring partners, the completion \nand implementation of an effective and efficient plan to monitor baseline water \nquality conditions in the watershed and track changes in water quality over time \nresulting from the BMPs implemented through this project.  (Plan Completion:  \nMonths 1-2); Implementation:  Months 3-36). \n \n6. Submit blank copies of standard maintenance agreements to MDEQ. (Months 13-36) \n \n7. Conduct inspections of BMPs during construction (Months 3-36)  \n8. Coordinate with and support the local SWCD, MSWCC and NRCS in the collection \nof relevant GPS coordinates of all installed BMPs and incorporate this information \ninto a GIS format.  All geospatial data shall be collected in a manner consistent with \nthe Federal Geographic Data committee-endorsed standards.  (Months 3-36)  \n \n9. Collect adequate photo documentation before, during, and after installation of the \napproved BMPs (Months 3-36) \n \n10. Report measured, or estimated, nonpoint source pollutant load reduction, acreage \naffected, pre-and post- site conditions, and GIS data (1-36) \n\nUpper Little Bayou Pierre GY 2018 \n10 \n \n \nElement g:  Milestones and Outcomes \nMilestone Outcome Probable Completion \nDate \nCoordinate with the MDEQ, NRCS, \nUSGS, MSWCC, and the Copiah and \nClaiborne Counties Soil and Water \nDistrict to determine priority areas that \nare contributing significant pollutant \nloads to Upper Little Bayou Pierre \nTarget priority areas \nfor BMPs \nMonth 1-2 \nEstablish Watershed Implementation \nTeam to begin refinement of Watershed \nBased Plan for Upper Little Bayou \nPierre watershed \nEstablish WIT \n \nMonth 1-2 \nInitiate watershed monitoring Baseline condition \nmonitoring \nMonth 3-12 \nMeet with landowners and cooperators \nto secure commitments to install BMPs \nin priority areas \nLandowner \nCommitment \nMonths 1-6 \nEstablish routine meeting schedule for \nWIT to support WBP revision \nWIT meetings Months 1-36 \nImplement BMPs BMP instillation Months 6-36 \nCoordinate with Landowners to inspect \nBMPs that were installed using Section \n319 funds \nBMP Inspection Months 6-36 \nBegin monitoring to collect data on \npost-BMP water quality \nPost-BMP Monitoring Months 42-48 \nFinalize education and outreach plan Education/Outreach \nevents scheduled \nMonths 8-36 \nFinalize revised WBP Final Revised WBP Months 30-36 \n \nGoal: Reduce the pathogen and sediment loads entering waters in the Upper Little Bayou Pierre \nWatershed.   \n\nUpper Little Bayou Pierre GY 2018 \n11 \n \nElement h: Load Reduction Evaluation \n \nAccording to the State of Mississippi Water Quality Criteria for Intrastate, Interstate, and \nCoastal Waters (MDEQ, 2015), most waters in the Upper Little Bayou Pierre watershed, are \nclassified for Fish and Wildlife Use.  As such waters in this classification must meet the aquatic \nlife designated use and the secondary contact recreation designated use.  The Little Bayou Pierre \nmain stem is classified for Recreation Use and thus should be protective of the Primary Contact \nRecreation designated use in addition to supporting the Fish and Wildlife classification.  \nAlthough the TMDL was developed using fecal coliform as the indicator for pathogens, in 2015, \nMDEQ updated the water quality criteria for recreational waters.  With this update, the pathogen \nindicator was switched from fecal coliform to e. coli.  In compliance with current water quality \ncriteria, e coli will be used as the pathogen indicator for all bacteriological monitoring.   \n \nMississippi’s water quality criteria do not include a water quality standard applicable to aquatic \nlife protection due to sediment.   However, a narrative standard for the protection of aquatic life \nwas interpreted to determine an applicable target for the sediment TMDL.  The narrative \nstandard for aquatic life use states that waters shall be free from materials attributable to \nmunicipal, industrial, agricultural, or other dischargers producing color, odor, taste, total \nsuspended solids, or other conditions in such degree as to create a nuisance, render the waters \ninjurious to public health, recreation, or to aquatic life and wildlife, or adversely affect the \npalatability of fish, aesthetic quality, or impair the waters for any designated uses.   In lieu of \nnumeric criteria for sediment, monitoring will be conducted to collect data on parameters that are \nconsidered surrogates for sediment (Total Suspended Solids, Total Suspended Sediment, \nturbidity) and nutrients (chlorophyll-a) along with conventional in-situ parameters generally \nmeasured to determine aquatic health (e.g. Dissolved Oxygen, pH, Temperature, Conductivity, \nDissolved Solids) will also be obtained.  In addition, e. coli monitoring will be conducted in the \nLittle Bayou Pierre. The following thresholds will be used to measure compliance applicable \nwith water quality criteria and/or target thresholds:  \n  \nParameter Threshold \nDissolved Oxygen Daily Average of 5.0 mg/L; Instantaneous threshold of 4.0 mg/L \nDissolved Oxygen % Sat ≥ 70% - ≤ 125% \npH 6.0-9.0 \nTemperature Not to exceed 90°F \nSpecific Conductance Less Than 1000 micromhos/cm \nDissolved Solids \nMonthly average less than 750 mg/L; instantaneous threshold less than 1500 \nmg/L \nChemical Oxygen \nDemand 35 mg/L \nTotal Suspended Solids 65 mg/L \nTurbidity 75 NTU \nE. coli \n30-day geometric mean of 126 per 100 ml; samples during 30-day period should \nnot exceed 410 per 100 ml more than 10% of the time \nM-BISQ West Bioregion 43.7 Calibration 3 \n \n\nUpper Little Bayou Pierre GY 2018 \n12 \n \n \nIn addition to chemical data, biological community data, in stream habitat surveys will be \ncollected over the course of the project to determine attainment of the Aquatic Life Designated \nUse.  These data are extremely helpful in identifying positive trends in water quality and should \nprovide information to help determine if the implementation activities are resulting in water \nquality improvements.  For freshwater wadeable streams, not including the Mississippi Alluvial \nPlain (i.e. Delta), Mississippi uses a calibrated and verified index of biotic integrity to make \nwater quality assessment decisions.  This index, the Mississippi Benthic Index of Stream Quality \n(M-BISQ) was originally developed in 2000 and has undergone three recalibration efforts to \nrefine the sensitivity of the index.  As part of the index development process, the state was \ndivided into unique bioregions.  Within each bioregion, the index has a defined attainment \nthreshold that is used to determine if the biological community measures collected at a site are \nrepresentative of good water quality that can support a balanced benthic macroinvertebrate \ncommunity.  If the score is above the attainment threshold for the bioregion, the site is assessed \nas attaining the aquatic life use designation.  Along with overall MBISQ scores, the in-stream \nhabitat surveys will also be used to determine change over time.     \n \nIt should be noted that recovery time of a stream is variable and may extend beyond the \ntimeframe identified in the work plan. At the end of the project, data will be analyzed to \ndetermine if the data indicate improvements to water quality in Upper Little Bayou Pierre \nWatershed.   In the event data indicate little or no positive change, a Stressor Analysis will be \nconducted to determine if any new or additional stressors are preventing improvements to water \nquality.  If any new stressors are identified, the Watershed Implementation Team will identify \nfuture actions/activities to address those stressors. \n \n\nUpper Little Bayou Pierre GY 2018 \n13 \n \n \nElement i: Monitoring \n \nPrior to BMP installation, pre-implementation water quality chemical and biological monitoring \nhave been compiled from 2001 – 2018 to serve as baseline data for the project on streams in the \nUpper Little Bayou Pierre watershed and on Brandywine Creek.  Brandywine Creek flows into \nthe Little Bayou Pierre from the south and represents the major drainage flowing into the \nwatershed.  This varied water quality monitoring included water chemistry data (nutrients, \nsuspended solids, oxygen demand, chlorides, etc.), in-situ field measurements for such \nparameters as dissolved oxygen, pH, temperature, specific conductance, and turbidity, as well as \nbiological community monitoring for benthic macroinvertebrates in wadeable streams. A list of \nthis historical water quality monitoring in the Upper Little Bayou Pierre Watershed is provided \nin the table below and their sample locations are shown in Figure 3.   \n \nStation \nID \nWater \nBody \nSampling \nYear/Agency \nProject \nType \nWater \nChem \nIn-\nSitu \nBacteria Benthics \nand/or \nAlgal \n111F16 Little Bayou \nPierre \n2018 MDEQ MBISQ X X \n \nX \n111D57 Brandywine \nCreek \n2015 MDEQ MBISQ X X \n \nX \n112G95 Brandywine \nCreek \n2017 MDEQ MBISQ X X \n \nX \n \n \nPost-BMP monitoring locations will be selected using best professional judgment and will be \ntargeted to reflect water quality downstream of BMP activity.  Once BMP installation is \ncomplete, and there has been sufficient time for the stream to stabilize, post BMP monitoring \nwill be initiated.  Post BMP monitoring will be conducted in a way that allows for comparison \nwith the pre-implementation data.  Because recovery periods of streams can be dependent on \ntype and amount of BMPs installed, more than 1 year of post BMP data may be needed to \nobserve a change in water quality.  In some cases, it may take 5 or more years to see full benefits \nof BMPs. All data collection efforts will be conducted using trained personnel following \nestablished Standard Operating Procedures and adhering to agency Quality Assurance protocols.   \n\nUpper Little Bayou Pierre GY 2018 \n14 \n \n \n \n  Figure 3: Upper Little Bayou Pierre and Brandywine Creek Historical Monitoring     \n                      Stations. "
}