{
  "slug": "wolf-river-watershed-plan-2009",
  "source": "Wolf_River_Watershed_Plan_2009.pdf",
  "length": 107707,
  "part": 2,
  "text": "he WRCS is a local, grassroots organization dedicated to preservation, conservation, \nmanagement, and protection of the Wolf River and its watershed from its headwaters in \nLamar  County  to  its  termination  at  the  Bay  of  St.  Louis,  Mississippi.    This  WIP  was  \nprepared  as  a  proactive  measure  to  prevent  future  pollution  of  the  watershed  and  to  \nmaintain  and  improve  the  current  water  quality  within  the  watershed.    The majority  of  \nactivities  and  strategies  proposed  herein  will  be  conducted  throughout  the  entire  \nwatershed  with  an  emphasis  on  a  comprehensive  approach  to  public  outreach  and  \neducation designed to reach both general and targeted audiences.  The implementation \nof the plan will be carried out by the Watershed Implementation Team (WIT) as led and \ndirected by the WRCS.  The WRCS assumes primary responsibility for the contractual \nobligations  with  the  MDEQ  and  will  direct  implementation,  evaluation,  review,  and  \nrevision activities.  The primary contact for the WRCS is: \n\nWatershed Implementation Plan \nWolf River \n2009 \n2 \n \n \nWolf River Conservation Society \nMr. Robert F. Fairbanks \n(228) 865-5515 \nPost Office Box 4079 \nGulfport, Mississippi 39502 \n \nThe following tables summarize the primary components of the proposed technical and \neducational strategies incorporated into the WIP \n \nTable 1.1 Summary of Watershed Technical Strategies \nGoal/Benefit Desired Management Action Where When \nIncrease the level of \nspatial data and technical \nknowledge of human \nactivities in the watershed \nin support of planning, \neducation, and outreach \nactivities. \nCollection and consolidation of readily \navailable mapping data from a variety \nof sources including FEMA, USGS, \nMARIS, MDEQ, and others. \nEntire \nWatershed \n2009 \nDevelopment of watershed maps and \na GIS database to contain collected \nand created GIS data. \nCollection of water quality \ndata to allow for more \naccurate quantification and \nqualification of water \nquality conditions in the \nwatershed. \nSampling and monitoring of water \nquality as appropriate at selected sites \nthroughout the watershed. \nEntire \nWatershed \nOn-going \nImprovements to public \naccess assets, promotion \nof recreational \nopportunities, and \npreservation of critical \nlands within the \nwatershed. \nWRCS will continue to analyze the \nwatershed to determine specific \nproperties to target through acquisition \nof conservation easements designed \nto protect and preserve land within the \nwatershed. \nEntire \nWatershed \nOn-going \n \nTable 1.2 Summary of Watershed Educational Activities \nGoal/Benefit Desired Management Action Where When \nProvide water quality \ninformation and education \nto a variety of stakeholder \ngroups to increase \nawareness of the \nwatershed. \nThe WRCS and WIT will deliver \npresentations to stakeholder groups \nsuch as civic clubs, professional \nassociations, and other organized \nmeetings. \nEntire \nWatershed \n2009-2010 \nUtilization of the local \nmedia to increase the level \nof awareness of the \nwatershed and associated \nwater quality issues. \nThe WRCS and WIT will develop a \nseries of public service \nannouncements for distribution to local \nmedia outlets. \nEntire \nWatershed \n2010 \nOutreach to stakeholders \nto reach a broad audience \nwith a series of messages \nrelated to water quality, \nrecreational opportunities, \nThe WRCS will implement four specific \nactivities including: \n• Development of factsheets \nand brochures \nEntire \nWatershed \n2009-2010 \n\nWatershed Implementation Plan \nWolf River \n2009 \n3 \n \netc. \n• Execution of a mass mail-out \nto property owners \n• Development of a table-top \ndisplay \n• Development of a website \nTo create opportunities for \nhands-on, real world \nexperiences in the \nwatershed designed to \ncreate a sense of place \nand ownership. \nThe WRCS and WIT will implement \ntwo specific activities including: \n• Planning and execution of a \nwatershed fair \n• Planning and execution of at \nleast two stream clean-up \nevents \nEntire \nWatershed \n2010 \nCreation of watershed \nawareness through the \nstrategic placement of \nsigns throughout the \nwatershed. \nThe WRCS will explore opportunities \nand options for placement of signs in \nthe watershed including general \nwatershed signs and signs identifying \npublic access opportunities. \nEntire \nWatershed \n2010 \nCreate and capitalize on \nopportunities to partner \nwith a local high school to \nincrease watershed \nawareness among high \nschool students. \nThe WRCS will organize and assist in \nhosting events at the school related to \nthe Adopt-A-Stream program and other \neducational activities targeted through \nthe school’s environmental science \nclass. \nWest Harrison \nHigh School \n2010 \n\nWatershed Implementation Plan \nWolf River \n2009 \n4 \n \n2.0 INTRODUCTION \n \n2.1 INTRODUCTION \nThe    Wolf    River    Watershed,    \nlocated  in  southeast  Mississippi,  \nis  unique  to  the  region  and  the \nstate   both   in   the   size   of   the   \nwatershed   and   the   ecological   \nresources   contained   within   the   \nwatershed.      The   Wolf   River   \nWatershed  is  actually  comprised  \nof     two     distinct     watersheds     \ncommonly   referred   to   as   the   \nLower Wolf River Watershed and \nthe Upper Wolf River Watershed.  \nFor the purposes of this planning \neffort  and  implementation  efforts  \nto follow, the two sub-watersheds \nwill be referred to in the collective \nas   the   Wolf   River   Watershed.      \nDesignated      uses      of      the      \nwatershed are primarily recreational, and the Wolf River is one of few river systems in \nthe  State  of  Mississippi  that  is  not  overly  burdened  by  severe  water  quality  issues.    \nBecause  the  Wolf  River  drains  directly  to  the  Gulf  of  Mexico  via  the  Bay  of  St.  Louis,  \nmaintaining good water quality is critical not only for the river system itself but also for \nthe Bay and the Gulf. \n \nBecause  of  the  unique  characteristics  of  the  Wolf  River  Watershed,  it  has  been  \ndetermined  that  the  development  and  implementation  of  a  WIP  will  provide  specific  \nstrategies and a focused approach to maintain the high water quality standards that the \nWolf River now exhibits.  The development of the WIP involves the formation of a WIT.  \nThis WIT plays a critical role in the planning process by ensuring that the primary plan \nelements are selected based on a broad consensus.  The WIT is also the body that will \nwork  with  the  WRCS  to  ensure  plan  elements  are  implemented  according  to  the  WIP  \nand in a timely manner. \n \nThe  pages  to  follow  in  this  document  are  the  result  of  an  intensive  planning  effort \nundertaken by a large and diverse group of local, state, and federal stakeholders.  The \nplan references numerous organizations, agencies, and other stakeholders that played \na  critical  role  in  the  development  of  the  plan  and  the  strategies  contained  within  the  \nplan.  Many of these agencies and organizations are referred to in the plan document by \nacronym.  While efforts have been made to reduce the frequency of acronym usage, a \nFigure 1 – WOLF RIVER WATERSHED \n\nWatershed Implementation Plan \nWolf River \n2009 \n5 \n \ntable  has  been  provided  as  Appendix  A  that  provides  a  guide  to  acronyms  and their \nmeanings. \n \nThe  Wolf  River  WIP  includes  multiple  components,  many  of  which  will  be  conducted  \nconcurrently.    These  components  include  planning,  public  education,  development  of  \nstrategies  for  water  quality  protection,  and  development  of  a  plan  for  continuous \nmonitoring  of  the  progress  of  the  implementation  of  the  plan.    Each  component  of  the  \nplan will play an integral role in the success of the established goals and objectives of \nthe  plan.    This  plan  is  the  sum  of  all  its  parts  and  should  be  viewed,  analyzed,  and  \nimplemented in a comprehensive manner in order for the implementation process to be \nfully successful. \n \n2.2 VISION STATEMENT \n \nThe  vision  of  the  Wolf  River  WIT  is  to  establish  a  watershed  management  framework  \ndesigned  to  protect  water  quality,  to enhance  and  protect  the  natural  resources  that  \nexist  within  the  watershed,  and  to  allow  the  entire  watershed,  as  a  natural  system,  to  \nfully  realize  its  potential  for  the  designated  water  uses  through  the  application  of  \neducation  measures,  sound  scientific  principles,  and  natural  resource  management  \npractices. \n \n2.3 MISSION STATEMENT \n \nThe mission of the WRCS and the WIT through this planning effort is to develop a WIP \nemphasizing  practices  designed to  assist  in  the  realization  of  the  WRCS’s  mission  to  \n“preserve,  conserve,  manage,  and  protect  the  Wolf  River  and  its  watershed  from  its  \nheadwaters in Lamar County to its termination at the Bay of St. Louis, Mississippi.”  This \nWIP  is  being  prepared  as  a  proactive measure  to  prevent  future  pollution  of  the  \nwatershed and to maintain and improve the current water quality within the watershed.  \nPotential  water  quality  impairment  issues  include  erosion,  sediment,  siltation,  litter,  \norganic  debris,  excess  nutrients,  suspended  solids,  and  pathogens.    Through  the  \ndevelopment  and  implementation  of  this  plan,  the  WIT  will  promote  technical  and \neducational  best  management  practices  (BMPs) to  address  issues  of  concern  and  \npriority  areas.    The  goals  of  the  plan  will  be  achieved  through  a  combination  of  \nassessment,  education,  public  involvement,  targeted  management  actions,  and  land  \nconservation easements.    \n \n2.4 WATERSHED IMPLEMENTATION TEAM \n \nThe following entities are represented on the Wolf River WIT: \n \nMississippi Power \nWolf River Conservation Society \nWolf River Canoe & Kayak \nDuPont \n\nWatershed Implementation Plan \nWolf River \n2009 \n6 \n \nMississippi Department of Environmental Quality \nMississippi Department of Wildlife & Fisheries \nMississippi Soil & Water Conservation Commission \nMississippi Museum of Natural Science \nLamar County Planning Department \n \nExecutive Committee (Wolf River Conservation Society) \n \nRobert Bass Ed Blakeslee Jane Dennis Frank DiGeorge \nBob Fairbank Joe Feil John Hairston Tracy Heggins \nTina Knoll Tom Milner Walter Morton Bob Occhi \nLenny Sawyer Dan Sloan Judy Steckler Bob Tannen \nBen Vance    \n \n \nTechnical & Education Committees \n \n \nBobby Ariatti Laura Beiser Mark Gilbert Micheal Hershman \nJoyce Hicks Art Kennard Chris Lagarde Lance Middleton \nCoen Perrott Cynthia Simmons Daniel Stuart Patrick Vowell \nJohn Walrod Melanie Walrod Andrew \nWhitehurst \n \n \n \n \n\nWatershed Implementation Plan \nWolf River \n2009 \n7 \n \n3.0 WATERSHED DESCRIPTION \n \n3.1 O\nVERVIEW \n \nThe  Wolf  River  Watershed  is  a  sub-basin \nof   the   Coastal   Streams   Basin   and   is   \ncentrally    located    within    the    Coastal    \nStreams     Basin.          The     Wolf     River     \nWatershed  begins  with  Wolf  Creek  at  its  \nheadwaters  near  the  Town  of  Lumberton \nin  Lamar  County  and  extends  southward  \nthrough   five   counties   including   Lamar,   \nPearl River, Stone, Hancock and Harrison \nto its mouth at Bayou Portage and the Bay \nof  St.  Louis.    The  Wolf  River  Watershed  \nalso  includes  the  eastern  portions  of  the  \nCity of Poplarville.  The Wolf River Watershed encompasses approximately 367 square \nmiles   equating   to   approximately   235,052   acres.      The   Wolf   River   itself   includes   \napproximately  66  stream  miles  and  flows  through  land  that  is  predominantly  rural  in  \nnature.   \n \nThe Wolf River  became  part  of  the  State  of  Mississippi’s  Scenic  Streams  Stewardship  \nProgram on March 17, 2000 and was the first river in Mississippi designated through the \nScenic  Streams  Stewardship  Program.    The  Mississippi  Scenic  Streams  Stewardship  \nProgram was established as a voluntary program designed to encourage conservation \nand  stewardship  by  riparian  (stream-side)  landowners.    According  to  the  Mississippi  \nCode of 1972, Section 51-4-5, “The Legislature finds that certain selected streams and \nstream  segments  of  this  state  posses  unique  or  outstanding  scenic,  recreational,  \ngeological,  botanical,  fish,  wildlife,  historic,  or  cultural  values.    It  is  the  policy  of  the  \nLegislature  to  provide  for  the  protection  of  these  streams  and  to  conserve  the  state’s  \nnatural heritage for the benefit and enjoyment of present and future generations, while \npreserving the private property rights of riparian landowners.  There is a necessity for a \nrational balance between the use of these streams and the conservation of the natural \nbeauty  along  these  streams.    The  Legislature  finds  that  this  balance  will  be  best  \nachieved  through  a  nonregulatory  voluntary  stewardship  program  emphasizing  local  \neducation,  participation,  and  support.    The  primary  goal  of  the  program  is  to  maximize  \nvoluntary private conservation efforts and to build and maintain a sense of stewardship \namong  stream  users  and  riparian  landowners.    To  accomplish  this  goal,  the  program  \nmust  provide  a  nonregulatory  framework  to  obtain  cooperative,  voluntary  management  \nagreements  with  landowners  to  maintain  scenic  values  while  ensuring  the  rights  of  \nriparian landowners to continue customary uses along the stream.”   \n \n\nWatershed Implementation Plan \nWolf River \n2009 \n8 \n \nThe goals of the WIP and the Scenic Streams Program closely align, and the benefits of \nthe   Wolf   River   being   a   part   of   the   Scenic   Streams   Stewardship   Program   will   \ncomplement the WIT’s efforts to implement this plan to its fullest potential. \n \nThe Wolf River is the largest and longest river in the Wolf River Watershed.  However, \nthe  Watershed  does  include  several  other  named  streams  and  also  includes  several  \nnamed waterbodies.  Table 3.1 provides a listing and location of all named streams in \nthe watershed and Table 3.2 provides a listing and location of the named waterbodies \nlocated in the watershed. \n \nTable 3.1 Named Streams in the Wolf River Watershed \nStream/River Name \nLength (in \nmiles) \nCounty \nHancock Harrison Lamar Pearl River Stone \nBayou Acadian \n4.51   X       \nAlligator Creek \n9.04       X   \nBayou Bacon \n1.08 X         \nBay Branch \n1.77   X       \nBeaverdam Creek \n5.82       X   \nBee Tree Brake \n2.55       X   \nBell Creek \n7.38 X X       \nBig Brake \n2.39       X   \nBig Creek \n6.77   X       \nBoggy Branch \n4.80     X X   \nCowpen Creek \n6.07       X   \nCrane Creek \n19.57 X     X   \nCypress Creek \n6.68       X X \nDavis Creek \n4.85       X   \nDe Lisle Bayou \n0.16   X       \nFryes Creek \n3.35       X   \nGrandpa Brake \n2.73       X   \nGreen Brake \n2.82       X   \nHickory Creek \n5.55       X   \nJuniper Creek \n5.79       X X \nMill Creek \n15.04   X   X X \nMurder Creek \n13.56       X   \nPen Branch \n7.27       X   \nPolar Branch \n4.64   X       \nPoplar Springs Branch \n4.64       X   \nRedfish Creek \n5.63       X   \nSandy Creek \n8.05   X       \nSavannah Branch \n2.64       X   \nSheldon Creek \n3.89       X   \nSilver Run \n5.31       X X \nSpring Branch \n2.17       X   \nTurkey Creek \n3.51       X   \nWaterhole Brake \n1.81       X   \nWhite Cypress Creek \n0.68 X         \nWolf Creek \n15.02     X X   \n\nWatershed Implementation Plan \nWolf River \n2009 \n9 \n \nWolf River \n70.06 X X   X X \n \nAn  analysis  of  stream  miles  in  each  county  reveals  Pearl  River  County  approximately  \n677 stream miles within the watershed.  Harrison County has approximately 339 stream \nmiles within the watershed, followed by Hancock County with approximately 94 stream \nmiles,  Stone  County  with  approximately  88  stream  miles,  and  Lamar  County  with  \napproximately 31 stream miles.  \n \nTable 3.2 Named Waterbodies in the Wolf River Watershed \nName Area (in acres) County \nBig Swamp 285.65 Pearl River \nBonner Lake 19.27 Pearl River \nBrowns Lake 15.23 Stone \nCarrol Lake 15.23 Stone \nCrystal Lake 35.09 Stone \nHillsdale Lake 36.82 Pearl River \nHoliday Lake 60.05 Pearl River \nHorsehead Lake 3.95 Stone \nMorning Glory Lake 43.24 Hancock \nOrvisburg Lake 7.91 Pearl River \nRogers Lake 44.23 Stone \nSilver Run Lakes 66.47 Stone \n \n \n3.2 DEMOGRAPHICS AND PRIMARY LAND USES \n \nThe  Wolf  River  Watershed  reaches  into  five  counties  in  south  Mississippi  including:  \nLamar,  Pearl  River,  Stone,  Hancock,  and  Harrison.    General  land  uses  within  the  \nwatershed  are  primarily  rural  in  nature,  with  the  City  of  Poplarville  being  the  only  city  \nwithin  the  watershed  boundaries.    The  total  estimated  population  of  the  watershed  is  \n17,882 according to the 2000 U.S. Census.  The portion of the Watershed’s population \nresiding inside the City of Poplarville is 1,017 people.  Based on this breakdown of the \nWatershed’s  population,  only  about  5%  of  the  total  population  in  the  watershed  lives  \nwithin a municipality with the other 95% living in rural or unincorporated portions of the \nwatershed  counties.    An  analysis  of  data  from  the  U.S.  Census  Bureau’s  Population  \nEstimates  Program  from  the  base  year  of  2000  through  July  2008  indicates  that  \nHancock  and  Harrison  Counties’  populations  have  decreased  while  populations  in  \nLamar,  Pearl  River  and  Stone  Counties  have  increased.    Table 3.3  provides  an  \noverview of the population changes in the five watershed counties since 2000. \n\nWatershed Implementation Plan \nWolf River \n2009 \n10 \n \nTable 3.3 Population Change in Watershed Counties, 2000-2008 \n  \nHancock \nCounty, \nMississippi \nHarrison \nCounty, \nMississippi \nLamar \nCounty, \nMississippi \nPearl River \nCounty, \nMississippi \nStone \nCounty, \nMississippi \nTotal Population \n  \n1-Jul-08 \n40,140 178,460 49,121 57,466 16,025"
}