{
  "slug": "basket-creek-hickahala-creek-9-key-element-plan-2018",
  "source": "Basket_Creek_Hickahala_Creek_9_Key_Element_Plan_2018.pdf",
  "length": 24746,
  "part": 1,
  "text": "\n\nBasket Creek-Hickahala Creek Watershed Plan GY 2017 \n1 \n \nBasket Creek-Hickahala Creek Watershed Plan \n9 Key Elements \nHUC 080302040403 \nMWS 9105 \nGY17 Proposed Project Area \nSeptember 20, 2018 \n \nElement a: Identification of Causes and Sources of Impairment \n \nThe Basket Creek-Hickahala Creek watershed is located in Tate County and covers 35,085 acres.  \nThis watershed contains many landuse types including agricultural land, pastureland, and forest \nareas; however, the dominant landuses identified in the 2011 National Land Cover Database \n(NLCD) within the watershed are cropland (11%), forest (17%) and pasture/grass (44%) (Figure \n1). \n \nThe Basket Creek-Hickahala Creek Watershed has a long history with Mississippi’s Section \n303(d) List of Impaired Waters.  The identification of water bodies not meeting their designated \nuse and the development of total maximum daily loads (TMDLs) for those water bodies are \nrequired by Section 303(d) of the Clean Water Act (CWA) of the Environmental Protection \nAgency’s (EPA) Water Quality Planning and Management Regulation (40 CFR part 130). The \nTMDL process is designated to restore and maintain the quality of those impaired water bodies \nthrough the establishment of pollutant specific allowable loads.  Hickahala Creek Drainage Area \n(DA) (MS305E) was included on MS’s 1996 and 1998 Section 303(d) List as an “evaluated” \nimpairment versus “monitored” impairment as there were no water quality data to verify \nimpairment status of the stream.  In 2000, MDEQ developed a comprehensive biological \nmonitoring program to add another assessment tool their monitoring program as well as address \nthe large number of “evaluated” water bodies on the state’s Section 303(d) List.  As part of this \neffort, a robust multi-metric benthic macroinvertebrate index, the Mississippi Benthic Index of \nStream Quality (M-BISQ), was developed for wadeable streams outside of the MS Alluvial \nPlain.  Using biological data, the evaluated listings for pesticides and sedimentation/siltation \nwere replaced with biological impairment.  The biological impairment was determined to be \ncaused by nutrients and organic enrichment/low dissolved oxygen and in 2003, a TMDL was \ndeveloped to address those pollutants.    \n \nA segment of Hickahala Creek (MS305M2) was also included on the “monitored” portion of \nMS’s 1998 Section 303(d) List of Impaired Water Bodies.  This segment, along with a segment \nof James-Wolf Creek (MS305M1) that flows into the watershed and confluences with Hickahala \nCreek from the southwest, was assessed as impaired for recreational use due to high levels of \nfecal coliform in the water.  A fecal coliform TMDL for Hickahala Creek was developed in 2003 \nto address the pathogen impairment.  Figure 2 shows the extent of all three impaired reaches in \nthe watershed (MS305E, MS305M2, and MS305M1).   \n \nThere are five facilities in the Basket Creek-Hickahala Creek watershed listed with NPDES \npermits.  Only two of the five permits remain active.   \n \n  \n\nBasket Creek-Hickahala Creek Watershed Plan GY 2017 \n2 \n \n.\n \nFigure 1: Basket Creek-Hickahala Creek Watershed Landuse Map, 2011 NLCD \n\nBasket Creek-Hickahala Creek Watershed Plan GY 2017 \n3 \n \n \nFigure 2: Basket Creek Segments (MS305E, MS305M1, and MS305M2)  \n\nBasket Creek-Hickahala Creek Watershed Plan GY 2017 \n4 \n \n \nElement b: Expected Load Reduction \n \nThe TMDL for Organic Enrichment, Low DO, and Nutrients for Hickahala and Senatobia \nCreeks (MS305E), which encompasses Basket Creek-Hickahala Creek Watershed, states that \nrestrictions on NPDES permitting activities will be put in place. These restrictions will ensure \nthe maximum load of TBODu specified in the TMDL of 1,317 lbs/day will not be exceeded.  \nTherefore, no further action will need to be implemented to meet the standards of this TMDL.  \nAs part of the TMDL development process, the NPS load was estimated using assumed \nbackground concentrations of CBODu and NH\n3\n-N.  In order to achieve the modeled NPS loads \nin the TMDL, nutrient BMPs will be implemented watershed.  This will be done by \nimplementing in-field conservation practices that target both TN, TP and sediment reduction as \nsoils in MS are known to have high phosphorus content.   \n \nThe Fecal Coliform TMDL for Hickahala Creek is calling for a 50% reduction in the section of \nHickahala Creek that is located within the Basket Creek-Hickahala Creek Watershed.  The same \nTMDL also calls for a 70% reduction in James Wolf Creek.  This creek flows into Hickahala \nCreek from the southeast.  According to the TMDL, no future impacts are expected to water \nquality from permitted facilities as long as the effluent is disinfected to meet water quality \nstandards for pathogens.  Following regulation, MDEQ will not approve any NPDES permit \napplication that does not plan to meet water quality standards for disinfection.  In order to \nmitigate any NPS contributors to pathogens in the watershed, the watershed team will work to \nidentify opportunities to implement BMPs on pasturelands and lands used for grazing to limit \nlivestock access to streams.   \n \nThe Natural Resources Conservation Service has a list of approved BMPs to address nutrients, \nsedimentation and pathogens.  This list will be used to identify candidate BMPs to be installed in \nthe Basket Creek-Hickahala Creek Watershed.   \n \nElement c: Proposed Management Measures \n \nCoordinating partners with MDEQ include the Mississippi Soil and Water Conservation \nCommission (MSWCC), the Natural Resources Conservation Service (NRCS), and the local Soil \nand Water Conservation Districts (SWCDs) throughout the state.  These SWCDs are typically \nhoused within USDA Service Centers co-located with NRCS offices.  These USDA Service \nCenters handle federal assistance programs offered through the Farm Bill.  As part of these \nservices, SWCD staff communicate regularly with the local landowners and operators within the \nwatershed as they work to support sign-ups for Farm Bill initiatives   Staff from MSWCC and \nthe SWCD depend upon assistance from their NRCS partners in determining landowner interest \nin the watershed because they are on the farms and in the fields with the landowners, understand \nthe needs at the local level, and have knowledge of the amount of unfunded applications for \nfederal program assistance which meet Section 319 eligibility requirements.  Based on their \nanalysis, installation of the following BMPs would mitigate sediment and nutrient issues in the \nBasket Creek-Hickahala Creek watershed helping the stream recover: fencing, watering \nfacilities, heavy use areas, ponds, streambank and shoreline protection, and grade stabilization \nstructures.  As such, BMPs will be prioritized for implementation in the newly converted pasture \n\nBasket Creek-Hickahala Creek Watershed Plan GY 2017 \n5 \n \nareas.  Factors considered for determining specific locations for the placement of BMPs included \nthe following attributes based upon best professional judgement: \n \n1. Likely water quality benefit; \n2. Willing landowners; \n3. Implementation of the recommendations of the TMDLs (this includes implementation \nof BMPs appropriate for nutrients, sediment, and pathogens); \n4. Ease of showing effectiveness of the BMP(s) through monitoring; \n5. Shorter length of time for anticipated results (i.e., within the grant period); \n \n \nElement d: Technical and Financial Assistance \n \nAs part of any Section 319 funded project, MDEQ requires a 40% match in project areas.  This \nmatch may be in the form of actual dollars or may be provided as “in-kind” to project activities.  \nPartners in this project that may contribute match include MSWCC, Tate County Soil and Water \nConservation District, NRCS, USGS (monitoring), and/or local landowners.  For project \nimplementation, administration, management, and watershed plan revision, as well as hosting \nand facilitating team meetings, MDEQ plans to work under a memorandum of agreement (MOA) \nwith the MSWCC to implement this project.  Project partners provided the funding amounts used \nto estimate costs for BMP installation.  Provided below is summary of estimated project costs \nand potential BMPS: \n \nActivity Size/Amount \nEstimated \nCost \nProject \nMatch \nBMPs \n      \nFencing 10,000ft @$2.33 23,300 15,533 \nTank/Trough 3@$3,500 10,500 7,500 \nPonds 4 ea @ $9,000 36,000 24,000 \nStreambank and Shoreline Protection 500 ft @ $161.00 ft 80,500 54,167 \nGrade Stabilization Structure 8 ac @ $6,609.80 52,878 35,252 \nHeavy Use Area Protection 1,240 ft @ $2.84 3,522 2,348 \nMonitoring \n  \n9,000 \n  \nEducation/Outreach \n  \n20,000 4,000 \nTechnical Assistance \n  \n15,000 10,000 \nProject Management, Implementation, Coordination, \nPlan Revision \n  \n25,300 15,867 \n    \nTotal Estimated Project Cost \n \n$276,000  \n \nTotal Estimated Project Match \n  \n$168,667  \n \n \nTo maximize education and outreach activities and monitoring efforts, MDEQ plans to leverage \nwith existing programs already allocated for funding where possible.  \n\nBasket Creek-Hickahala Creek Watershed Plan GY 2017 \n6 \n \n \nElement e: Information and Education \n \nThe MDEQ, in cooperation with numerous federal, state, and local stakeholders has developed \ndiversified information/education programs, best management practices manuals, literature, \nbooks, videos, and public service announcements that address pollutants from the seven (7) \nmajor landuse categories of Nonpoint Source Pollution, namely; agriculture, construction, \nforestry, on-site waste water disposal, surface mining, urban storm water runoff, and hydrologic \nmodification.  Audiences from pre-school to adults throughout the state are reached with a \nvariety of mature, well-designed programs each year. These programs, events, manuals and \nliterature can be used in the Basket Creek-Hickahala Creek watershed project by tailoring them \nto address the pollutants addressed in the TMDLs.  A positive approach is used to reach the full \ndiversity of people in the community with projects that foster a “sense of place”, a “sense of \npride in community”, and a sense of the native plants, animals, and general ecology of their \nregion, as well as, the history of the community and a sense of economics.  Stakeholders and \ncoordinators join together to participate in problem-solving, brainstorming, plan development, \ntraining workshops, festival event planning, soil and water conservation field days, tree boards, \nposter, art and writing projects and other activities that promote collaboration and ownership of \nthe watershed, as well as, solutions to its problems.  The ultimate goal is to bring about behavior \nchanges and the use of “best management practices” that will improve water quality and the \noverall quality of life in the watershed.  Evaluation forms, pre-test/ post-test, surveys, and \nreporting of the number of people who attend workshops, trainings and events are among the \nmethods used to measure the success of education/information programs.  A partial list of \nMDEQ’s programs that could be used in the Basket Creek-Hickahala Creek watershed are listed \nbelow: \n \n Water Model Presentations - Enviroscapes and groundwater aquifer models distributed \nstatewide with training and related interactive lesson plans. \n Teacher Workshops – train educators in proximity to the watershed about NPS pollution \nand provide materials and information that can be used in their classrooms. \n Adopt A Stream - workshops and training venues for citizens, teachers, and students in \nthe Dry Creek Watershed. \n  Watershed Harmony Mobile Classroom - for ages kindergarten – adults with state and \nfederal public education objectives tailored for 4\nth\n and 5\nth\n grade students. \n Storm Drain Marking - projects for scouts, environmental clubs, and citizen groups. \n “Train the Trainer” - workshops and materials for Soil and Water districts, Extension \nService, etc. \n \nAs part of the education outreach efforts, the stakeholder group forming the Basket Creek-\nHickahala Creek Watershed Implementation Team (WIT) will participate in a minimum of 3 \nface-to-face meetings.  The purpose of these meetings is to provide updates on implementation \nactivities, education events and review and modify the watershed plan.  In concert with these \nWIT meetings, and to incentivize stakeholder participation, project funding will be used to \npurchase food and other refreshments for the WIT along with providing support for renting \nfacilities in which to host those events.  In accordance with 41 CFR § 301-74.11, light \nrefreshments, meals, and/or beverages are an allowable expense under CWA Section 319, \n\nBasket Creek-Hickahala Creek Watershed Plan GY 2017 \n7 \n \nprovided a description of the agenda, purpose, location, costs, etc., are outlined in an approved \n319 grant workplan. The purpose of the meetings will be for updating the watershed plan, and \nhosting field days to showcase the implemented BMPs for the public. At this time the exact \nnumber of participants and locations are not known therefore costs have been estimated for the \npurposes of this plan and will be updated. \n \nElement f: Implementation Schedule \n \nIn the event of a Section 319 NPS funding award from MDEQ to support implementation of this \nwatershed-based plan for this HUC 12 sub-watershed, MDEQ, along with support from the \nWatershed Implementation Team and Project Manager (where applicable), will: \n1. Work to develop, execute, and implement a Subgrant Agreement that specifies the roles, \ntasks, requirements, and milestones for project implementation. (Month 1) \n2. Facilitate, in coordination with MDEQ and other partners, meetings, media and social \nmedia promotion of the project, and coordinate activities to fully implement this plan.  \n(Months 1-36) \n3. Work with the Tate County SWCD, MSWCC, NRCS, and MDEQ to inform landowners \nand operators within the watershed about the project and work to secure commitments \nfrom priority area landowners and operators who are willing to participate in the project.  \n(Months 1-6) \n4. Work with the local SWCD, MSWCC, NRCS, and MDEQ to determine through GIS \napplications and intensive site surveys the priority areas within the sub-watershed that are \ncontributing significant pollutant loads.  All BMPs shall be installed in accordance with \nthe guidelines developed in the latest edition of the NRCS Technical Field Manual, or \nother approved guidelines.  (Months 1-36) \n5. Facilitate, in cooperation with MDEQ and other monitoring partners, the completion and \nimplementation of an effective and efficient plan to monitor baseline water quality \nconditions in the watershed and track changes in water quality over time resulting from \nthe BMPs implemented through this project.  (Plan Completion:  Months 1-2); \nImplementation:  Months 3-36) \n6. Submit blank copies of standard maintenance agreements to MDEQ. (Months 13-36) \n7. Conduct inspections of BMPs during construction (Months 3-36) \n8. Coordinate with and support the local SWCD, MACD, MSWCC and NRCS in the \ncollection of relevant GPS coordinates of all installed BMPs and incorporate this \ninformation into a GIS format.  All geospatial data shall be collected in a manner \nconsistent with the Federal Geographic Data committee-endorsed standards.  (Months 3-\n36) \n9. Collect adequate photo documentation before, during, and after installation of the \napproved BMPs (Months 3-36) \n10. Report measured, or estimated, nonpoint source pollutant load reduction, acreage \naffected, pre-and post- site conditions, and GIS data (1-36) \n\nBasket Creek-Hickahala Creek Watershed Plan GY 2017 \n8 \n \n \nElement g: Milestones and Outcomes \n \nMilestone Outcome Probable Completion \nDate \nCoordinate with the MDEQ, NRCS, \nMSWCC, USGS, and the Tate Co. Soil \nand Water District to determine priority \nareas that are contributing significant \npollutant loads to Basket Creek-Hickahala \nCreek watershed \nTarget priority \nareas for BMPs \nMonths 1-2 \nEstablish Watershed Implementation \nTeam to begin refinement of Watershed \nBased Plan for Basket Creek-Hickahala \nCreek  watershed \nEstablish WIT \n \nMonths 1-2 \nInitiate watershed monitoring  Baseline condition \nmonitoring \nCompleted using historical \ndata \nMeet with landowners and cooperators to \nsecure commitments to install BMPs in \npriority areas \nLandowner \nCommitment \nMonths 1-6 \nEstablish routine meeting schedule for \nWIT to support WBP revision \nWIT meetings Months 1-36 \nImplement BMPs BMP installation Months 6-36 \nCoordinate with Landowners to inspect \nBMPs that were installed using Section \n319 funds \nBMP Inspection Months 3-36 \nBegin monitoring to collect data on post-\nBMP water quality \nPost-BMP \nMonitoring \nMonths 42-48 \nFinalize education and outreach plan Education/Outreach \nevents scheduled \nMonths 8-36 \nFinalize revised WBP Final Revised WBP Months 30-36 \n \nElement h: Load Reduction Evaluation \n \nAccording to the State of Mississippi Water Quality Criteria for Intrastate, Interstate, and Coastal \nWaters, the water quality standard for dissolved oxygen is a daily average of 5.0 mg/L with an \ninstantaneous minimum of 4.0 mg/L.  There is no numeric criteria applicable to aquatic life \nprotection due to nutrients/organic enrichment. However, a narrative standard for the protection \nof aquatic life does apply to all waters in the state.  The narrative standard is that waters shall be \nfree from materials attributable to municipal, industrial, agricultural, or other dischargers \nproducing color, odor, taste, total suspended solids, or other conditions in such degree as to \ncreate a nuisance, render the waters injurious to public health, recreation, or to aquatic life and \nwildlife, or adversely affect the palatability of fish, aesthetic quality, or impair the waters for any \ndesignated uses.  In lieu of numeric criteria for nutrients, the monitoring will be conducted to \ncollect data on nutrient parameters as well as parameters that are considered response measures \nfor nutrient concentration"
}