{
  "slug": "ross-barnett-reservoir-watershed-plan-2011",
  "source": "Ross_Barnett_Reservoir_Watershed_Plan_2011.pdf",
  "length": 1021493,
  "part": 35,
  "text": "watershed is summarized in the following table. \n\nAppendix L \n \nTargeting Information for Selected HUC12 Watersheds \nOctober 31, 2011 \n \n  \nL-2 \nTable L.1. Prioritization results \nand information for each targeting characteri\nstic in the Pelahatc\nhie Creek watershed. \n \n031800020\n \n-301 \nUpper \n-302 \nAshlog \n-303 \nEutacut. \n-304 \nHollybush \n-305 \nSnake \n-306 \nRiley \n-307 \nMill \nPrioritization Results \nRestoration Priority\n \nPathogens, Sediment, \nNutrients/Pesticides \nPathogens, Sediment \nPathogens, Sediment, \nNutrients/Pesticides \n-- \nPathogens, \nSediment, \nNutrients/Pesticid\nes \nPathogens, \nNutrients/Pesticides\nPathogens, Sediment, \nInvasive Species \nProtection Priority\n \n--                                            Human                                            Welfare                                            --                                            --                                            --                                            \nEnvironmental           Human           Welfare           \nTargeting Criteria Willingness (need to gage this by talking with local government and stakeholders) \nIncorporated/ Developed Areas \n \nTalked with mayor of City of Pelahatchie about potential green infrastructure incorporated into plan for Mill Park. \n \n \nSmall part of the City of Pelahatchie also located in this HUC12 (see -302). \n \nHidden Hills subdivision interested in riparian area restoration project, contains possible demolition sites for green infrastructure BMPs. \nUnincorporated Areas \nWould need to discuss with Scott County \nRankin County – willing to promote the use of green infrastructu\nre in new developments and retrofits. Citizens group is looking\n into overlay zoning \nfor some areas. \nKeep the Reservoir Beautiful\n group formed. \nAgricultural Areas \n•\n \nSome best management practices (BMPs) alr\neady installed in pasture land\ns are fencing (interior cross-\nfencing to facilitate rota\ntional grazing) and wateri\nng areas (trough with heavy \nuse area). \n•\n \nCropland: types of crops in the orde\nr of most prevalent to least are co\nrn, cotton, soybeans, winter wheat. \n•\n \nAccording to the Natural Resources Conserva\ntion Service (NRCS), almost all farmers \nare using reduced till systems for cotton cr\nops. \n•\n \nNRCS has already worked with \nmany\n livestock growers, \nbut not all of them. \n•\n \nField borders and filter strips recomme\nnded for pastureland and row crops. \n•\n \nRiparian buffer preservation recommended for all streams. \nFunding \nActive \nBienville National Forest Programs (US Department of Agriculture [USDA] Forest Service). \n \n \n \n \n \nEmergency Watershed Protection project for Mill Creek stabilization. \nPotential \nCost-sharing programs through the NRCS Environmental Quality Ince\nntives Program (EQIP), the Missi\nssippi Department of Environme\nntal Quality (MDEQ) Section 319 Program, the \nFarm Service Agency (FSA) Conservation Reserve Program (CRP), \nthe Mississippi Forestry Commission Forest Research Development P\nrogram (FRDP) and the Forest Legacy \nProgram, and the Mississippi C\nonservation Initiative program. \n\nAppendix L \n \nTargeting Information for Selected HUC12 Watersheds \nOctober 31, 2011 \n \nTable L.1. Prioritization results \nand information for each targe\nting characteristic in\n the Pelahatchie Creek watershed (continu\ned). \n \n  \nL-3 \n031800020\n \n-301 \nUpper \n-302 \nAshlog \n-303 \nEutacut. \n-304 \nHollybush \n-305 \nSnake \n-306 \nRiley \n-307 \nMill \nResponsiveness (will depend on projects)\n \nVery little soil suitable for infiltration (most soils are type D). \nHeadwater systems are generally more responsive to BMPs (i.e., results show up faster in a smaller drainage area). \nHeadwater systems are generally more responsive to BMPs (i.e., results show up faster in a smaller drainage area). \nVery little soil suitable for infiltration (most soils are type D). \n \n \nConstruction site BMP enforcement is likely effective at reducing sediments in Mill Creek. \nPollutant issues that can be addressed with management measures \nIndividual \nSediment and nutrients from agriculture and pastureland. \nSediment and nutrients from agriculture, pastureland, and urban areas; 11 animal feeding operations (AFOs), two dischargers with National Pollutant Discharge Elimination System (NPDES) permits. \nSediment and nutrients from pastureland and some urban areas; two AFOs. \nSediment and nutrients from agriculture (winter wheat and soybeans) and pastureland; four AFOs; one NPDES discharger. \nSediment and nutrients from pastureland; one NPDES discharger. \nSediment and nutrients from pastureland; one NPDES discharger; sediment from surface mines. \nSediment and nutrients from agriculture (cotton); sediments from construction sites and surface mines. \nAll \nAll areas are potentially affected by hist\norical sediments from past agricultural \nland use; Rankin County \n(7% agricultural land\n use in 1960; currently \n1%) and Scott County (16% \nagricultural land use in\n 1981, currently 2%). \nMagnitude and likelihood of achieving benefits:  Pelahatchie Creek TMDLs\n \n•\n \nNutrients: 60% reduction in total phosphorus; \n•\n \nFecal coliform: 30% to 70% reduction; \n•\n \nSediment: stable sediment condition \nDepends on the individual location and source\ns –ties back to specific sources of concer\nn. Individual locations\n of concern can b\ne identified with stakeholder i\nnput or specialized activities \nsuch as aerial photography. Need baseline \ndata to quantify measureable benefits. \nOngoing efforts\n \nNRCS is working with landowners enrolled in FSA programs.\n \n \n \n \n \n \nMill Creek stabilization.\n \nPublic perception (from local stakeholders)\n \nWater quality is extremely important to economic development in \nthe area; retrofit\nting of new areas is more important that new \ndevelopment; new growth should\n be carefully controlled.\nGrowth\n \nLow – one construction site \nLo\nw – two construction sites \nLow \nLow – one \nconstruction site \nMedium – eight \nconstruction sites \nHigh – 20 \nconstruction sites \nLow – one \nconstruction site \nPermit compliance (identified facilities with issues are listed)\n \n \n \n                                                    MS                                                    Poultry                                                    \nPelahatchie \nPOTW West \nReservoir East \nConstruction stormwater Notices of Violations (NOVs)\nSeptic tanks (HSG included on attached maps, HSG type D is not suitable)\n \n \n \n \n \n \n \nIdentified on the Northern Shore of Pelahatchie Bay \n \n\n \n \n \n \n \n \n \n \n \n \n \n \n \nAPPENDIX M \n \nEXISTING MANAGEMENT AND RESTORATION \n\nAppendix M  \nExisting Management and Restoration October 31, 2011 \n \n \n \ni \nTABLE OF CONTENTS \n \n1.0       INTRODUCTION       ..........................................................................................................       M-1 \n2.0       MANAGEMENT       PROGRAMS       .....................................................................................       M-2 \n2.1 Pearl River Valley Water Supply District ........................................................... M-2 \n2.1.1 Dredging ................................................................................................. M-2 \n2.1.2 Enforcement of Boating Rules ................................................................ M-3 \n2.1.3 Shoreline Maintenance ............................................................................ M-3 \n2.1.4 Aquatic Invasive Species Management Program ................................... M-3 \n2.2 USDA Forest Service .......................................................................................... M-4 \n2.3 Mississippi Department of Wildlife Fisheries and Parks .................................... M-4 \n2.4 USDA Natural Resources Conservation Service ................................................ M-4 \n2.5 Mississippi Soil & Water Conservation Commission ........................................ M-5 \n2.6 Mississippi Forestry Commission ....................................................................... M-5 \n2.6.1 State Forest Stewardship Program .......................................................... M-5 \n2.6.2 Forest Resource Development Program ................................................. M-7 \n2.6.3 Forest Legacy Program ........................................................................... M-7 \n2.7 Mississippi Band of Choctaw Indians ................................................................. M-7 \n2.8 National Park Service ......................................................................................... M-7 \n3.0       MANAGEMENT       PLANS       ..............................................................................................       M-8 \n3.1 PRVWSD Forestry Management Plan................................................................ M-8 \n3.2 Ross Barnett Reservoir Fishery Management Plan ............................................ M-8 \n3.3 USDA Forest Service Land and Resource Management Plan \nfor National Forests in Mississippi ..................................................................... M-9\n \n3.4 Stormwater Management Plans and Ordinances ................................................ M-9 \n4.0       CONSERVATION       PLANS       ..........................................................................................       M-11 \n4.1 Mississippi Comprehensive Wildlife Conservation Strategy ........................... M-11 \n4.2 The Nature Conservancy High Priority Conservation Areas ............................ M-11 \n\nAppendix M  \nExisting Management and Restoration October 31, 2011 \n \nTABLE OF CONTENTS (CONTINUED) \n \n \n \nii \n5.0 RESTORATION  PROJECTS ....................................................................................... M-12 \n5.1 Jackson Prairie Restoration Project .................................................................. M-12 \n5.2 Mill Creek Restoration Project ......................................................................... M-12 \n5.3 Fannegusha Creek Restoration Project ............................................................. M-14 \n6.0       REFERENCES       .............................................................................................................       M-15 \n \n \nLIST OF TABLES \n \nTable M.1 Cost of aquatic invasive species spraying programs .......................................... M-4 \n \n \nLIST OF FIGURES \n \nFigure M.1 Forest conservation program areas in the Ross Barnett watershed .................... M-6 \n \n \n\nAppendix M  \nExisting Management and Restoration October 31, 2011 \n \n \n \nM-1 \n1.0 INTRODUCTION \n \nThere are several resource agencies and organizations with management responsibilities \nin the Ross Barnett Reservoir watershed. Some have developed management plans that apply to \nthe watershed. In addition, several organizations are leading restoration projects in the Ross \nBarnet Reservoir watershed. The Comprehensive Protection and Restoration Plan has been \ndeveloped with consideration of these management activities and restoration projects. \n \n\nAppendix M  \nExisting Management and Restoration October 31, 2011 \n \n \n \nM-2 \n2.0 MANAGEMENT PROGRAMS \n \nOrganizations and resource agencies with resource management responsibilities in the \nRoss Barnett Reservoir and its watershed include the Pearl River Valley Water Supply District \n(PRVWSD), neighborhood associations, developers, the Mississippi Department of \nEnvironmental Quality (MDEQ), the US Department of Agriculture (USDA) Forest Service, the \nMississippi Department of Wildlife Fisheries and Parks (MDWFP), the USDA Natural \nResources Conservation Service (NRCS), the Mississippi Soil and Water Conservation \nCommission (MSWCC), the Mississippi Forestry Commission (MFC), the Mississippi Band of \nChoctaw Indians, and the National Park Service. PRVWSD is primarily responsible for \nmanagement of the Reservoir and their property around it. \n \n2.1 Pearl River Valley Water Supply District \nCurrent in-reservoir management practices include dredging, enforcement of boating \nrules/litter collection, shoreline maintenance, and herbicide application for control of aquatic \ninvasive species. In addition, PRVWSD manages approximately 17,000 acres of land around the \nReservoir. PRVWSD oversees developed lands around the Reservoir and manages over \n12,400 acres of timberland around the Reservoir. The PRVWSD forestry management plan is \ndescribed in Section 3.1. \n \n2.1.1   Dredging   \nDredging represents a significant expense and is a result of sediment loads transported to \nthe Reservoir from its tributaries. Annual dredging costs for PRVWSD are approximately \n$500,000. This figure includes fuel, personal costs, and equipment depreciation (personal \ncommunication, PRVWSD, November 2010). PRVWSD uses management practices to \nminimize unintended release of sediment during dredging.  \nLocating appropriate disposal sites for dredging material is a concern. Current disposal \nmethods include 1) upland areas near dredge sites, 2) marginal wetland areas, and 3) in-reservoir \ndisposal to create small islands and wildlife habitat. Disposal in marginal wetland areas is \nintended to improve habitat and create additional opportunity for growth of plant species. The \n\nAppendix M  \nExisting Management and Restoration October 31, 2011 \n \n \n \nM-3 \nRoss Barnett Reservoir Monitoring Plan includes recommendations for additional record \nkeeping, monitoring of the amount of sediment removed, and particle size of sediment. Also, the \nmonitoring plan recommends a sediment survey to estimate the volume of sediment in the \nReservoir. \n \n2.1.2   Enforcement of Boating Rules \nPRVWSD maintains the Reservoir Patrol to enforce boating laws. Although the primary \nfunction of the Patrol is to maintain safety, officers monitor for environmental problems such as \nlittering or release of septic tank waste. The officers have the ability to issue citations to boaters \nwho are littering and disposing of septic tank waste improperly if they directly observe these \nactivities. All boats with septic holding tanks must register with PRVWSD and have an annual \ninspection of their holding tanks. No-wake zones are required near boat launches and areas. The \nprimary purpose of no-wake zones is boater safety, but they also reduce waves generated by boat \ntraffic from impacting sensitive shoreline areas. \n \n2.1.3   Shoreline   Maintenance   \nPRVWSD reports that shoreline stabilization is not a significant concern. Currently, no \nareas with eroding shoreline have been identified. PRVWSD manages the Reservoir to have \nminimal elevation changes, which helps protect shorelines from erosion. Except in severe \ndrought conditions, the water level remains between 296 ft and 297.5 ft mean sea level (msl). \nReduced water level fluctuation minimizes the potential for failure of the banks due to \nalternating periods of wet/dry conditions. Structural stabilization measures (rip rap and metal \nbulkheads) have been installed along much of the shoreline to protect it from erosion. \n \n2.1.4   Aquatic Invasive Species Management Program \nPRVWSD currently manages several species of invasive aquatic plants in the Reservoir, \nincluding alligator weed, water hyacinth, and hydrilla. The management program includes annual \nsurveys of the locations of these aquatic plants. Herbicides are applied to targeted areas during \nthe summer growing season to prevent growth and further spread. Costs for herbicide application \nin recent years are summarized in Table M.1. The management program has been successful in \n\nAppendix M  \nExisting Management and Restoration October 31, 2011 \n \n \n \nM-4 \nreducing these species in the Reservoir (Wersal et al. 2009). The Geosystems Research Institute \nrecommends continued herbicide application along with intensive surveying and regular \nassessments of invasive species populations. \n \nTable M.1. Cost of aquatic invasive species spraying programs (PRVWSD 2010). \n \nYear Cost \n2007 $202,897 \n2008 $234,550 \n2009 $243,292 \nAs of 09/30/2010 $182,711 \nNote: Cost reflects only contract costs for aquatic spraying programs. Cost does not include PRVWSD personnel that supervise \nthe program; actual costs are considerably higher. \n \n2.2 USDA Forest Service \nThe USDA Forest Service manages two national forests located in the Ross Barnett \nReservoir watershed, the Bienville National Forest and the Tombigbee National Forest. \n \n2.3 Mississippi Department of Wildlife Fisheries and Parks \nMDWFP manages the Ross Barnett Reservoir fishery (see Section 3.2 for discussion of \nthe fishery management plan) and several properties in the watershed. These include the Pearl \nRiver Wildlife Management Area, the Pearl River Wildlife Management Area Waterfowl \nRefuge, the Bienville Wildlife Management Area, the Nanih Waiya Wildlife Management Area, \nthe Roosevelt State Park, and the Golden Memorial State Park. \n \n2.4 USDA Natural Resources Conservation Service \nUnder the Federal Food Security Act (Farm Bill), initially passed in 1985, all US farm \noperators are required to meet soil erosion control standards specified in the law. Compliance \nwith these standards is a prerequisite for participation in most federal farm programs. Subsequent \namendments to the Farm Bill have added programs that provide incentives to farm operators for \nenhancing water quality through such actions as taking highly erodible lands out of production \nand restoring wetlands. These programs are implemented through NRCS by county. All counties \n\nAppendix M  \nExisting Management and Restoration October 31, 2011 \n \n \n \nM-5 \nin the Ross Barnett Reservoir watershed are eligible for participation in some or all NRCS \nprograms. \n \n2.5 Mississippi Soil & Water Conservation Commission \nMSWCC was established by the legislature in 1938 after recognizing the need to protect \nthe soil and water resources of the state. Their mission is to effectively guide, promote, and \ndemonstrate the conservation, development, protection, and proper utilization of the soil, wat"
}