{
  "slug": "ross-barnett-reservoir-watershed-plan-2011",
  "source": "Ross_Barnett_Reservoir_Watershed_Plan_2011.pdf",
  "length": 1021493,
  "part": 6,
  "text": "hern portion of the Reservoir where water levels and environmental conditions favor plant \ngrowth (Cox et al. 2011). The areas under active management for invasive aquatic plants include \nthe Reservoir upstream of Highway 43 and Pelahatchie Bay, shown on Figure 4.5 (Wersal et \nal. 2009).  \n\n \n \n \n4-17 \nFigure 4.5. Locations in the Reservoir \nwhere herbicides are applied for \ninvasive aquatic plant control. \n \n \n \n\n \nOctober 31, 2011 \n \n \n \n4-18 \nDuring the plant surveys performed in 2010 and earlier, alligator weed, hydrilla, and \nwater hyacinth were found in the Pearl River in the area from the Low-Head Dam to the \nHighway 43 Bridge. These upstream river populations can serve as a source for infestation of the \nReservoir (Wersal et al. 2009, Cox et al. 2011). It is not known if other streams or lakes in the \nwatershed harbor aquatic invasive species. \n \n4.4.2   Sources   \nHydrilla was originally introduced into the United States in the 1960s as a plant for \naquariums. The original source of hydrilla and other invasive aquatic plants in the Reservoir is \nnot noted in GRI reports, but may have come from release to the environment of plants used in \nlandscaped areas. Tubers of hydrilla plants, which can remain in the soil layers of the Reservoir, \nhave been found in low densities. These tubers are a cause of re-infestation when the tubers grow \ninto plants. Hydrilla can also be spread by boats chopping up and carrying parts of the plants \naround the Reservoir (Wersal et al. 2009). Alligator weed and water hyacinth spread by water \nmovement and by humans and animals carrying the plants from one area to another. Any existing \nindividual plant of these species present in the Reservoir can act as a source for continuing \ninfestation. \n \n4.5      Pesticides      \nThere are thousands of commercially available pesticides at the present time. These \nchemicals are safe and efficient if applied using the correct methods and in the proper amounts. \nMost currently used pesticides are organic compounds that degrade quickly in the environment. \nHowever, pesticides can be toxic to humans, plants, and animals if used improperly (Mississippi \nState University Extension Service, Pesticides: Risks and Benefits). Excess levels of pesticides \nthat are applied to land near the Reservoir can unintentionally harm or kill native aquatic plants \nand animals. \nEPA has established criteria for many pesticides based on protection of aquatic life and \nhuman health. MDEQ uses these criteria in its water quality standards (MDEQ 2007). Recent \nsamples of raw water and water treated by the O.B. Curtis Plant showed that levels of \n\n \nOctober 31, 2011 \n \n \n \n4-19 \n137 compounds classified as either pesticides or pesticide degradates were present at \nconcentrations below the EPA maximum contaminant levels (MCLs) (Rose et al. 2009). \nOther than the data collected from the O.B. Curtis Plant, there are no water quality \nmonitoring data for pesticide levels in the Reservoir and very little data for Reservoir tributaries. \nTributary data collected in the 1980s show that pesticide levels were less than laboratory \ndetection limits at the time the samples were collected. \nPesticides sold in Mississippi are regulated by the Mississippi Department of Agriculture \nand Commerce (MDAC), and must be certified by this agency before being sold in Mississippi. \nThe state chemist must also approve all pesticide products. Pesticide products must also be \nregistered and inspected by MDAC, and all dealers selling pesticides must register with the \nagency. Oversight of pesticides by MDAC is intended to protect the environment and the general \npublic from pesticide contamination and misuse\n1\n. \nPesticides in the Reservoir watershed are commonly applied to landscaped areas on both \na large scale (cities, counties, owners of large tracts of land used for forestry or agriculture) and \non a small scale (by homeowners on their yards). According to national data compiled by EPA \nin 2001, approximately 77% of pesticides used in the United States were for agricultural \napplications and 11% were used for home and garden purposes (Moore et al. 2007). \n \n4.5.1   Locations   \nPesticides of concern in the Reservoir include both insecticides and herbicides. Pesticides \npresent in water and sediments are an issue of concern for the entire Reservoir, especially the \narea near the O.B. Curtis drinking water intake.  \n \n4.5.2   Sources   \nPesticides in the areas closest to the Reservoir are applied by landowners on lawns, \nagricultural areas, and some managed forests. Pesticides may also be applied by professionals for \ntermite control in buildings and mosquito control in residential areas. These pesticides can reach \nwater when applied in excess amounts in areas where they may be carried by stormwater runoff. \n                                                \n \n1\n http://www.mdac.state.ms.us/index.asp, MDAC website, accessed March 22, 2010 \n\n \nOctober 31, 2011 \n \n \n \n4-20 \nThe only pesticides known to be applied directly to the Reservoir are the herbicides used \nto manage aquatic invasive species. These herbicides are applied in areas north of Highway 43 \nand in Pelahatchie Bay during the growing season months of April through November \n(Figure 4.9). Herbicide application for invasive species is conducted according to the \nrecommendations of the Geosystems Research Institute at Mississippi State University. \nManagement activities for recent years are described in the report Littoral Zone Aquatic Plant \nCommunity Assessment of the Ross Barnett Reservoir, MS in 2010: A Six-Year Evaluation \n(Cox et al. 2011). Additional detail about pesticide sources is included in Appendix H. \n \n4.6 Trash Dumping and Litter \nManaging trash dumping and litter is a significant expense for PRVWSD. The district \nspends approximately $50,000 per year to remove trash from areas under their jurisdiction. \nAccording to PRVWSD, trash is a concern because of the potential for contamination of surface \nwater and groundwater, and the potential for insects, snakes, alligators and disease-carrying \nanimals to increase in littered areas. PRVWSD is also concerned that certain materials may be \ndangerous to recreational users of the Reservoir, including rusted cans, old batteries, rotting \ncarpets, empty coolers, barbeque grills and abandoned appliances.  \nTrash is a concern for wildlife that lives on or near the Reservoir and its tributaries. Birds, \nfish, and other mammals can be injured or killed if they ingest or become tangled in trash. \nMaterial such as glass and fishing line could cause injury to humans using the area for recreation. \nTrash such as containers that contain oil or paint or other substances can release chemicals \nharmful to water quality. In addition, trash directly impacts the aesthetic quality of an area and \nthe perceived value to its users. \nPRVWSD provides and maintains containers for trash at sandbar areas, picnic and \ncamping areas, and the surrounding parks, and posts signs to discourage people from littering. A \ncitizen group called Keep the Reservoir Beautiful has recently been organized and is working \nwith PRVWSD to combat littering.  \n \n\n \nOctober 31, 2011 \n \n \n \n4-21 \n4.6.1   Locations   \nThe locations of most concern are sandbars located along the Pearl River between \nHighway 43 and the Low-Head Dam. These areas are frequently used by recreational boaters for \npicnicking and camping. A significant amount of trash and litter is often left behind in these \nareas. Trash that is not properly disposed of and removed from the sand bars is often blown in \nthe Pearl River or washed into it during rain events. This trash has the potential to eventually end \nup in the Reservoir. \nOther locations of concern include several parks located along the Reservoir shoreline, \nincluding Old Trace Park, Pelahatchie Shore Park, and Lakeshore Park. Trash that is deposited \ndirectly in the Reservoir may eventually end up on the Reservoir shoreline. It is expensive to \nremove trash from shoreline areas, especially those that are difficult to access. \n \n4.6.2   Sources   \nSources of trash from within the Reservoir include recreational users who are boating and \nfishing or using the parks and other shoreline areas. These users often leave trash behind in \nrecreational areas, which requires expensive cleanup (Figures 4.6 and 4.7). Other direct sources \ninclude trash from nearby residential areas and businesses that wind and stormwater carry into \nthe Reservoir. \n \n\n \n \n \n4-22 \nFigure 4.6. Trash dumping in recreational areas. \nFigure 4.7. Trash cleanup efforts. \n \n \n \n \n\n \nOctober 31, 2011 \n \n \n \n5-1 \n5.0 PRIORITIZATION AND TARGETING OF PROTECTION \nAND RESTORATION AREAS \n \nIt is not practical or affordable to simultaneously implement management measures in all \n87 HUC12s in the Reservoir watershed. The prioritization/targeting process works with \nmanageable-sized catchments (HUC12s) and ranks them as demonstrating high, medium, or low \nrestoration and protection priorities based on a set of characteristics that incorporate data \nindicative of potential pollution sources and management resources present in each HUC12. This \nwill allow Rezonate project managers to first implement restoration and protection measures in \nareas where they are needed most, and extend the measures to other areas after priority issues are \naddressed. Prioritization is based on two aspects of the HUC12s. \n \n• The need for restoration\n based on watershed characteristics that indicate the \nlikelihood for high pollutant levels to be contributed from the watershed.  \n• The need for protection activities to conserve existing resources, based on the \npresence of outstanding features that provide ecosystem services.  \n \nPrioritization is the process for identifying the HUC12s that have the greatest need for \nrestoration or protection. Targeting involves collecting additional information about high-priority \nHUC12s to identify those that have the greatest chance of improvement as management practices \nare developed and implemented.  \nProximity to the Reservoir affects the potential for pollutant sources to directly impact \nwater quality in the Reservoir; areas closer to the Reservoir have increased likelihood of \ncontributing pollutants. Pollutants originating from watersheds farther away from the Reservoir \nmay be removed before they reach the Reservoir through settling or biological transformation \nprocesses. Proximity and reduced travel time are considered in the prioritization criteria. In some \ncases, more stringent criteria were used for the 1x:10 watershed because pollutants originating in \nthese watersheds have a higher probability of reaching the Reservoir. \n \n\n \nOctober 31, 2011 \n \n \n \n5-2 \n5.1 Prioritization Method for Restoration \nThe method for prioritizing HUC12s consists of reviewing data available for a set of \nwatershed characteristics that indicate areas with the highest potential for current or future water \nquality issues due to the pollutants of concern. Prioritization characteristics have been developed \nfor each issue addressed in this plan: sediment, nutrients and currently used pesticides, \npathogens, aquatic weeds, and litter. Nutrients and currently used pesticides are grouped together \nbecause the same characteristics indicate the potential presence of these sources.  \nData for each of the characteristics were assembled for each HUC12. The characteristics \nused to prioritize the HUC12s for each issue are listed in Table 5.1. Each HUC12 was assigned \nan overall restoration priority for each issue based on the number of characteristics classified as \nhaving high restoration priority. Appendix K includes a description of the data sources used for \neach prioritization characteristic. \n \nTable 5.1. Prioritization characteristics for restoration. \n \nIssue Characteristic \nSediment \n• Percent developed areas by HUC12s \n• Percent of total waters with sediment TMDLs \n• Slope \n• Permitted sources most likely to contribute sediment (construction \nstormwater permits and surface mining permits) \n• Percent area with cropland landuse \nNutrients and \nPesticides \n• Percent of total waters with nutrient TMDLs \n• Percent area with cropland and urban landuses \n• Percent areas with pasture landuse \n• Permitted sources most likely to contribute nutrients (animal growing \noperations and wastewater treatment facilities) \nPathogens \n• Percent of total waters with pathogen TMDLs \n• Percent areas with pasture and urban landuse \n• Permitted sources most likely to contribute pathogens (animal growing \noperations and wastewater treatment facilities ) \nAquatic \nWeeds \n• Treatment locations \n• Locations identified during aquatic plant surveys \nTrash \n• Stakeholder-identified areas of concern  \n \n\n \nOctober 31, 2011 \n \n \n \n5-3 \n5.2 Prioritization Method for Protection \nThe protection prioritization identifies HUC12s that have features considered important \nresource values for people and the environment. Characteristics used for protection prioritization \nare based on the Mississippi Watershed Characterization and Ranking Tool (MWCRT). MDEQ \ndeveloped the MWCRT for use in prioritizing watersheds on a statewide basis. The tool uses \navailable geospatial datasets to determine scaled scores for stressors and resource values for \nHUC12s. Resource value scores developed from the MWCRT were used to identify highest \npriority HUC12s for protection. This process is described in Appendix K. \n \n5.3      Prioritization      Results      \nThe overall prioritization for restoration activities in HUC12 watersheds was developed \nby overlaying the maps developed for each individual issue. Watersheds in which two or more \nissues were high priority were considered overall high priority areas for restoration (Table 5.2 \nand Figure 5.1). This resulted in a high-priority rating being assigned for thirteen HUC12s in the \n1x:10x watershed and six HUC12s in the area beyond the 1x:10x. The environmental or human \nwelfare protection scores that indicated high protection values are also noted in Table 5.2. \n \n\n \nOctober 31, 2011 \n \n \n \n5-4 \nTable 5.2. Priority watersheds for restoration. \n \nManagement \nArea HUC12 HUC12 Name \nHigh-Priority \nRestoration Issues \nHigh \nProtection \nValue \n1x:10x \n031800020301 Upper Pelahatchie Creek \nPathogens, Sediment, \nNutrients/Pesticides \n \n031800020302 \nAshlog Creek –  \nPelahatchie Creek \nPathogens, Sediment \nHuman \nWelfare \n031800020303          Eutacutachee          Creek          \nPathogens, Sediment, \nNutrients/Pesticides \n \n031800020305 \nSnake Creek –  \nPelahatchie Creek \nPathogens, Sediment, \nNutrients/Pesticides \n \n031800020306 \nRiley Creek –  \nPelahatchie Creek \nPathogens, \nNutrients/Pesticides \nEnvironmental\n031800020307 \nMill Creek –  \nPelahatchie Creek \nPathogens, Sediment, \nInvasive Species \nHuman \nWelfare \n031800020201 \nHurricane Creek – \nFannegusha Creek \nSediment, \nNutrients/Pesticides \n \n031800020202 \nRed Cane Creek – \nFannegusha Creek \nSediment, \nNutrients/Pesticides \n \n031800020102   Beach Creek – Coffee Bogue\nPathogens, \nNutrients/Pesticides \n \n031800020103    Lee Branch – Coffee Bogue \nPathogens, \nNutrients/Pesticides \n \n031800020402 Lake Creek – Pearl River            Pathogens,            Trash            Environmental\n031800020403 Cane Creek – Pearl River \nNutrients/Pesticides, \nPathogens, Invasive \nSpecies, Trash \nEnvironmental\nHuman \nWelfare \n03180020404 Mill Creek – Pearl River \nSediment, Invasive \nSpecies, Trash \nEnvironmental\nHuman \nWelfare \nAbove 1x:10x \n031800010303     Upper Nanih Waiya Creek \nNutrients/Pesticides, \nPathogens \n \n031800011403 Rice Creek – Pearl River \nNutrients/Pesticides, \nPathogens \nEnvironmental\n031800011001            Shockaloo            Creek            \nNutrients/Pesticides, \nPathogens \nEnvironmental\n031800010903 Lower Sipsey Creek \nNutrients/Pesticides, \nPathogens \n \n031800010504 Lower Kentawka Canal \nSediment, \nNutrients/Pesticides \n \n031800010103               Hughes               Creek               \nSediment, \nNutrients/Pesticides \n \n\n \n \n \n5-5 \nFigure 5.1. Overlay of \nrestoration maps. \n \n \n \n\n \nOctober 31, 2011 \n \n \n \n5-6 \n5.4      Targeting      \nTargeting is a common-sense approach used to determine the order in which watershed \nrestoration and protection measures will be implemented for priority HUC12s. The targeting \ncharacteristics are factors that cannot be quantified in a mapping exercise. Rather, they indicate \nthe watersheds in which watershed implementation plans would most likely be feasible, \ncost-effective, and successful. Professional judgment and discussion among the members of the \ntechnical advisory group were used to rank HUC12s for targeting based on the characteristics. \nTargeting characteristics are listed below. \n \n1. Willingness of landowners and local government to participate; \n2. Available funding sources (some funding sources have to be allocated to \nparticular landuse types or parts of the state); \n3. System responsiveness to management practices (i.e., immediate or quick \nresponsiveness); \n4. Pollutant issues that can be effectively addressed with management practices. In \ncomparison, issues such as historical sediment loads cannot be addressed by \nmanagement practices; \n5. Magnitude of the source and likelihood of achieving measurable benefits; \n6. Building on locations of past and ongoing management efforts; \n7. Public perception of the importance of water quality (i.e., public’s primary \nconcerns such as improved water clarity, higher property values, lower water bill, \nimproved recreational opportunities); \n8. Expected growth patterns, including areas for new development and retrofitting; \n9. Issues with permit compliance status of wastewater treatment facilities, with \nconsideration of the size of these facilities (higher load facilities targeted first); \nand \n10. Presence of septic tanks and onsite wastewater treatment plants in soils with \nlimited adsorption field suitability. \n \nBased on discus"
}