{
  "slug": "red-bud-catalpa-creek-watershed-plan-2016",
  "source": "Red_Bud_Catalpa_Creek_Watershed_Plan_2016.pdf",
  "length": 299315,
  "part": 14,
  "text": "ly below) \n Assessment of public knowledge and \nperceptions of watershed issues \n Assessment of watershed-related \ninformation needs \n Identify existing watershed ed programs \n 1-6 months \n \n \n 2-12 months \n 1-6 months \nUniversity faculty and students \n Identify and notify relevant MSU faculty \n Develop for distribution educational \nbackground materials (maps, photos, \nsample data sets, etc.) \n Place educational signage at select sites on \nUniversity property within the watershed \n Recruit classes, graduate students and/or \nfaculty  that may be able to contribute to \ncoordinated research efforts \n Collaborate with other research and \neducational institutions  \n 3-12 months \n \n 24-36 months \n \n 24-36 months \n \n 3-36 months \n \n \n 3-36 months \n \n   \n\n \n \nWRMP for Red Bud – Catalpa Creek Watershed_Final   111 \n \nContinued from previous: Table 13.2.1. Summary of Education, Experiential Learning, and Education Activities. \nTARGET AUDIENCE ACTIVITIES MILESTONES \nPublic groups \n Civic leaders \n Schools \n Youth-development \ngroups \n Neighborhood \nassociations \n Landowners \n Producers \nA suite of activities to meet identified needs \nmay be developed and/or implemented, \nincluding: \n Training/Educational Workshops \n Camp and school curricula \n Community engagement via steam clean-\nup, storm drain stenciling, nature festivals, \ngreen space, restoration plantings, invasive \nspecies removal, etc. \n Field Days/Farm Tours \n Media: printed materials, websites, videos, \nTV/radio spots \n 18-36 months \n \nResource agencies/entities \n Resource professionals \n Private consultants \n Nongovernmental \norganizations  \n Workshops on BMPs, incentive programs, \noutcomes with site visits and supporting \nmaterials \n Information sheets \n Assess availability and develop necessary \nonline support materials \n 24-36 months \n \n \n 24-36 months \n 24-36 months \nEducators \n School teachers \n Extension agents \n Naturalists and Outreach \nSpecialists \n Assess existing curricula/develop new \nmodules to meet identified needs \n Educator workshops with curricula and site \nvisits \n Assess availability and develop online \nsupport materials \n 12-36 months \n \n 12-36 months \n \n 12-26 months \n \nNeeds Assessment of Stakeholders.  Effective education begins with an understanding \nof the knowledge base, perceptions, misconceptions, and educational needs of the \ntarget audience.  Therefore, a needs assessment of key stakeholders including \ncommunity/municipal leaders, watershed residents, agricultural producers, public \neducators (both formal and non-formal), and land-associate resource and financial \norganizations and agencies (e.g., NRCS, FSA, Delta F.A.R.M., Farm Bureau) will be \nconducted prior to intensive development of educational and outreach programs.  \nFurthermore, a survey to assess existing programs which may be leveraged to promote \nthe objectives of this plan will be conducted. \n \nUniversity Outreach.  Since a part of the Mississippi State University campus is located \nwithin the Catalpa Creek Watershed, there is the unique opportunity to provide \nrelevant, experiential learning to undergraduate and graduate students.  The close \nproximity of students, instructors, and researchers to watershed features allows for \ndemonstration (both of impairments and mitigation approaches), case study, land use \nplanning, research, and monitoring learning experiences. In this manner, local \nwatershed restoration, research and conservation is enhanced and future conservation \nefforts beyond the confines of this plan are impacted. \n \n\n \n \nWRMP for Red Bud – Catalpa Creek Watershed_Final   112 \n \nAs a land grant university with Carnegie Foundation Designations of both Very High \nResearch Activity and Community Engagement, Mississippi State University has a long \nhistory of collaboration with other educational institutions from across the U.S. and \nworld.  Implementation of plan activities will result in development of a model site \nhighlighting the benefits of watershed research and protection, community engagement \nand environmental stewardship.  Outreach to institutions may promote collaborative \npartnerships and replication at other locations, resulting in further watershed \nprotection, citizen engagement, and research benefits.  \n \nPublic Outreach.  The public stakeholder group is a large and diverse target audience \ncomprised of civic leaders, neighborhood associations, youth groups, community \norganizations, landowners, and producers.  Consequently, a diverse portfolio of \neducation and outreach approaches will be incorporated and developed to meet their \nneeds, as informed by the stakeholder survey.  Selected activities will be designed to \nincrease awareness and knowledge of watershed and water quality issues, mitigation \napproaches, socioeconomic and environmental benefits, and sustainability practices. \n \nOutreach to Educators.  Although there are positive gains to be made through outreach \nto individuals and small groups, employing a “train the trainer” model is decidedly more \nefficient. Therefore, outreach to those with education responsibilities will be a key \ncomponent of implementation of the outreach and education efforts associated with \nthe Catalpa Creek Watershed Plan.   \n \nTeachers in public and private schools, youth development (e.g., 4-H and FFA) leaders, \nand natural resources educators are tasked with improving learner knowledge; this is \noften best accomplished by showing real-world relevance of the content to the learner.  \nCurricula and educational activities centered on watershed stewardship provide an \nexcellent opportunity to satisfy multi-faceted, educational objectives.   \n \nOutreach to Conservation Organizations and Land Managers.  Natural resources \nagencies and entities such as the Natural Resources Conservation Service, Soil and \nWater Conservation Districts, Farm Service Agency, Farm Bureau, and Department of \nEnvironmental Quality interface with public and private land owners on a variety of \ntopics related to natural resource use.   Providing current, research-based information \non best management practices, incentive programs, and benefits of sound \nenvironmental stewardship improves and enhances adoption and implementation. \n13.3 PARTICIPANTS & AFFILIATIONS \nTable 13.3.1. Education, Experiential Learning, and Outreach Participants and Affiliations. \nNAME DEPARTMENT/AFFILIATION \nDr. Leslie Burger (Lead) Wildlife, Fisheries and Aquaculture/Extension Service, MSU \nDr. Beth Baker Wildlife, Fisheries and Aquaculture/Forest and Wildlife Research Center, MSU \n  \n\n \n \nWRMP for Red Bud – Catalpa Creek Watershed_Final   113 \n \nContinued from previous: Table 13.3.1. Education, Experiential Learning, and Outreach Participants and Affiliations. \n \nMr. Wally Cade Natural Resources Conservation Service \nMs. Janet Chapman Mississippi Department of Environmental Quality \nDr. Ron Cossman Social Science Research Center, MSU \nMs. Gaea Hock School of Human Sciences, MSU \nMr. Richard Ingram Water Resources Research Institute \nDr. John Linhoss Agricultural and Biological Engineering, MSU \nDr. Mary Love Tagert Agricultural and Biological Engineering, MSU \nMs. Deb Veeder MS Adopt-A-Stream, MS Wildlife Federation \n13.4 RESOURCE NEEDS \nTable 13.4.1. Estimated Education, Experiential Learning & Outreach Costs and Funding Support Needs. \nACTIVITY ESTIMATED COST \nStakeholder surveys $50,000.00 \nEducational signage for campus locations $20,000.00 \nEducational curricular materials & outreach $35,000.00 \nWorkshops (4-6) $30,000.00 \nCommunity engagement events $15,000.00 \nTotal $150,000.00 \n \n14 SUSTAINABILITY \n14.1 EXPLANATION OF SUSTAINABILITY AND ITS IMPORTANCE \n \n \nAccording to the US EPA, sustainability is based on a simple principle: Everything that we \nneed for our survival and well-being depends, either directly or indirectly, on our natural \nenvironment. To pursue sustainability is to create and maintain the conditions under \nwhich humans and nature can exist in productive harmony to support present and future \ngenerations. Growing pressure on water resources – from population and economic \ngrowth, climate change, pollution, and other challenges – has major impacts on our \nsocial, economic, and environmental well-being. These challenges are compounded by \nour inability to balance human needs with the needs of the natural world. Healthy \necosystems and environments are necessary to the survival of humans and other \norganisms. \nThe United States is committed to sustainability, declaring it a national policy “to create \nand maintain conditions under which humans and nature can exist in productive \nharmony, that permit fulfilling the social, economic and other requirements of present \nand future generations.”    \n \n \n\n \n \nWRMP for Red Bud – Catalpa Creek Watershed_Final   114 \n \n14.2 ADDRESSING SUSTAINABILITY \n \n \nSustainable watershed management integrates ecologic, economic, and social \napplications that restore and protect habitat/ecosystem health, water quality, and water \nquantity through effective land management. This is most often accomplished through \nthe development and implementation of watershed-scale plans and projects designed to \nsustain and enhance watershed functions that affect the plant, animal, and human \ncommunities within a watershed. \nThis Catalpa Creek Watershed Restoration and Protection Project is designed to achieve  \nsustainability – in terms of habitat/ecosystem health, water quality, water quantity, and \nthe continuance of concerted, collaborative efforts to involve watershed stakeholders in \nthe restoration and protection activities as well as to attain the resources necessary for \nthe sustenance of the project. This will be addressed in various ways that are discussed \nbelow.  \nSustainability Index Concept.  What happens when the money runs out? In Mississippi, as \nin other states whose watershed management programs are dependent upon 319 NPS \nfunding, this is a challenging and perplexing issue. In its infancy, Mississippi’s Basin \nManagement Approach conceptualized using 319 NPS funding as “seed money” to attract \nother investment. This has been successful in some respects, such as the significant \namount of leveraging with NRCS programs and other resources to implement \nMississippi’s Nutrient Reduction Strategies. However, because of the need for 319 \nfunding support across the state, the limits on the length of its use for specific projects, \nand reliance on it as a leveraging tool, most often when 319-funded components of \nwatershed-based projects are completed, the projects largely fade away if the funding is \nnot renewed. Also, because 319 NPS funding has been used primarily for restoration, \nonce the water quality of a watershed is restored, funding to support follow-up \nprotection efforts as well as for protection of watersheds exhibiting good quality presents \na dilemma that has not yet been solved.  \nThe Mississippi Water Resources Research Institute (MWRRI) and the Social Sciences \nResearch Center (SSRC), both housed at MSU, have developed a concept to develop a \nSustainability Index (SI) that would have local and statewide utility in supporting \nwatershed-based restoration and protection projects. Through scientifically-developed \nsurvey methods, scalable surveys could be collaboratively developed with MDEQ and \nimplemented by SSRC to address key sustainability issues and identify and rank potential \nlocal support for implementation of a watershed-based restoration and/or protection \neffort. Additionally, mining of available information sources (e.g., enHance) will yield \nbeneficial information. Some of the key components/issues regarding sustainability at the \nlocal watershed level could be addressed through responses to the following survey \nquestions that would be integrated into the survey to understand stakeholder behaviors, \nperceptions, and beliefs (previously discussed). \n  \n\n \n \nWRMP for Red Bud – Catalpa Creek Watershed_Final   115 \n \n Who are the potential local champions? Who are the influencers? \n Who can provide local support? What type of support? What businesses and local \norganizations could benefit from providing support? What types of benefits?  \n Who is already engaged in supporting environmental protection activities? What \ntype of support are they providing? \n What incentives exist for local stakeholder and business support? What incentives \ncould be developed to foster local stakeholder and business support for a \nwatershed-based project?  \n How can you keep local champions and business support “fresh” and engaged? \n What is the best way to inform and engage potential partners? How do they get \ntheir information?  \nThese and other questions will require analysis as well as development of a recruitment \nstrategy. In some cases, follow-up interviews could be arranged and conducted.  \nAt the state level, this approach could be used to identify and rank watersheds through \ndevelopment of a sustainability index which could be integrated into a statewide \nprioritization framework. The index could be scalable, from ranking sustainability at the \nstate wide, basin wide, or watershed wide scale. Also, the index would help with \ndetermining the likelihood of business support and incentives for sustained support at a \nlocal watershed level. Social indicators can assess the effectiveness of the index and show \nwhere modifications may be necessary. \nNeighborhood Water Watch/Watershed Sentinels.  Under consideration for this project \nis the establishment of a neighborhood water watch/watershed sentinel program built \nupon the concept of the Chattahoochee Riverkeeper (GA) Neighborhood Water Watch. It \nis designed to engage and educate the watershed community while working to eliminate \nbacteria pollution in the Chattahoochee River, a public health concern. The effort focuses \non inexpensive volunteer bacteria monitoring by local watershed stakeholders. The \nprogram has five goals.  \n1. Increase public awareness of water quality issues and local waterway \nconditions. \n2. Provide citizen groups with tools and training to protect their local waterways. \n3. Collect quality baseline data. \n4. Form new partnerships between citizen groups, non-profit organizations and \ngovernment agencies. \n5. Address and resolve poor water quality detected during monitoring. \n \nThe Catalpa Creek Watershed also has bacteria/pathogens concerns and monitoring \nneeds. Such a program could enhance stakeholder participation and create experiential \nlearning activities.  \n \n\n \n \nWRMP for Red Bud – Catalpa Creek Watershed_Final   116 \n \nMaintenance of Best Management Practices.  A key component of sustainability from \nthe context of water quality and habitat/ecosystem health is the effective maintenance of \nthe BMPs to restore and/or protect these resources. Contained in the work plan in \nSection 11 is the provision of MSU supporting the Oktibbeha County Soil & Water \nConservation District, MSWCC, and NRCS efforts with the field inspections and photo \ndocumentation of BMPs, and submission of standard maintenance agreements. \nAdditionally, a future revision to this plan will add a maintenance section to document \nthese activities.  \nMSU Office of Sustainability/Vision 2020.  In 2012, the Mississippi State University \nExecutive Council passed the \"Sustainability, Facilities Operation, Grounds, Materials, and \nTransportation\" policy. This policy sets standards and requirements for all building \ndevelopment, grounds management, transportation systems, and materials, following the \nsame frameworks established in MSU’s \nClimate Action Plan. MSU also \nestablished the Office of Sustainability \nto develop and implement \nmanagement, audit, retrofit, and new \nconstruction guidelines, policies, and \nprocedures. The Office of Sustainability \nhas four areas of focus: operations, \nmaterials, transportation, and grounds \n(Figure 14.2.1). Storm water, waste, \nlight and traffic pollution in addition to \nstandard grounds maintenance, parking \nlots, plantings, and hardscapes are part \nof the Office’s focus. Grounds \nincorporates both MSU’s local \nlandscape and the regional \nenvironment in order to set standards \nlocally that impact the greater ecological health of MSU’s surrounding environment.  \nVision 2020 is the development of a baselines, goals, and performance metrics to obtain \nand operate a sustainable campus with a 50% reduction in resource use and \nwaste/pollution production, a 50% increase in sustainable transit measures as well as \nrecycled activity, a 50% increase in sustainable curriculum and research activities, and a \n50% increase in community/university sustainable partnerships by the year 2020. These \ngoals were developed to serve as the basis for all campus planning activities. \nMSU also has a campus-wide recycling program for all papers, plastics, cardboards, and \nmetals; e-wastes; batteries; used engine, hydraulic, vacuum pump, lubricating, and \ncooking oils. \ngure 14.3 Four Major Areas of Focus of MSU’s \nOffice of Sustainability \nFigure 14.2.1. Four Major Areas of Focus of MSU’s Office of \nSustainability. \n\n \n \nWRMP for Red Bud – Catalpa Creek Watershed_Final   117 \n \nWatershed D.R.E.A.M.S. Center.  Perhaps the greatest opportunities to foster sustainable \nwatershed management within the Catalpa Creek Watershed as well as the state and \nregional levels is the establishment of the Catalpa & Sand Creek Watershed D.R.E.A.M.S. \n(Demonstration, Research, Education, Application, Management and Sustainability) \nCenter. This project is described in Section 15.  \n15 CATALPA & SAND CREEK WATERSHED D.R.E.A.M.S. (DEMONSTRATION, \nRESEARCH, EDUCATION, APPLICATION, MANAGEMENT AND \nSUSTAINABILITY) CENTER \n15.1 VISION  \nDuring the January 13, 2015, exercise by the Catalpa Creek Project Steering Team not only \ndeveloped a vision for the restoration and protection project, but also a vision for a \nwatershed-based management demonstration learning"
}