{
  "id": "sample",
  "rawText": "\n\nSample Watershed Plan\nGoals:\nReduce sediment loading by 30% within five years.\nInstall structural BMPs to stabilize streambanks.\nEnhance aquatic habitat diversity through targeted BMP implementation.\nBest Management Practices (BMPs):\nSediment Basin\nCover Crops\nStreambank Stabilization\nHeavy Use Area Protection\n\nCost Estimate: Phase 1 Implementation\nBMPs    Amount    Estimated Cost\nSediment Basin    2 each    $12,500\nCover Crops    800 ac    $58,400\nStreambank Stabilization    1,200 ft    $172,904\nHeavy Use Area Protection    6 each    $36,000\nTotal Estimated Cost    $279,804\nGenerated synthetic document for parser regression and manual upload testing.",
  "metadata": {
    "id": "sample",
    "originalName": "sample.pdf",
    "size": 2766,
    "uploadedAt": "2025-10-02T06:26:43.339Z",
    "pageCount": 2,
    "info": {}
  }
}