{
  "slug": "red-bud-catalpa-creek-watershed-plan-2016",
  "source": "Red_Bud_Catalpa_Creek_Watershed_Plan_2016.pdf",
  "length": 299315,
  "part": 13,
  "text": "processes have as a mechanism driving \nsediment and nutrient supply and exportation within and from the watershed; identify optimal \nstream restoration priority options and develop stream restoration design scenarios to be \nimplemented along segments to be restored; and predict stream and watershed changes \nassociated with proposed typical stream restoration design scenarios. Modeling will be \nperformed combining the use of the tools River Analysis System (HEC-RAS), Conservational \nChannel Evolution and Pollutant Transport System (CONCEPTS), and Bank Stability and Toe \nErosion Model (BSTEM). \n \nFigure 12.1.1. Red Bud-Catalpa Creek Headwaters Potential Water  \nResources and Ecological Monitoring Sites. \n \n\n \n \nWRMP for Red Bud – Catalpa Creek Watershed_Final   104 \n \n \nFigure 12.1.2. Catalpa Creek–Middle Watershed Potential Water Resources and Ecological Monitoring Sites. \n  \nFigure 12.1.3. Catalpa Creek Confluence with Sand Creek Potential Water Resources and Ecological Monitoring Sites. \n\n \n \nWRMP for Red Bud – Catalpa Creek Watershed_Final   105 \n \n12.2 HABITAT \n \nThe approach to monitor habitat conditions in the Catalpa Creek Watershed will leverage \na variety of monitoring activities already in place by various MSU programs, as well as the \ncreation of additional habitat monitoring activities. Current monitoring efforts include \navian demographic research, watersnake ecology and water quality monitoring, breeding \namphibian research, and pond turtle ecology. In addition to these activities, monitoring \napproaches will be developed to evaluate invasive species in the watershed as well as the \nhabitat/ecosystem restoration projects facilitated as a result of this plan.  \nManagement Indicator Species and Their Value in Determining Positive Outcomes. The \npresence, location, and quality of stream buffer habitat directly impacts the restoration of \nstream physical properties (Shields et al., 2006). In-stream monitoring programs \ndescribed in this plan address water quality and water quantity concerns. The inclusion of \nhabitat assessment and the role of habitat restoration on in-stream processes will also be \nexplored. The planning and management of plant communities and the associated \nresponses of avian, herpetofaunal, and insect indicator species will be monitored and \nused to adaptively manage the riparian communities in the watershed.  For example, \nhabitat provided by the Red Bud – Catalpa Creek watershed is ideally suited for species \nthat are indicators for positive impacts of restoration efforts in the watershed. A variety \nof bird species, yellow-bellied watersnakes, breeding amphibians, pond turtle, and ant \nresearch programs on the MSU South Farm will contribute vital information regarding the \nsuccess of restoration efforts and provide information for the adaptive management of \nupland and riparian projects throughout the watershed. \nAvian Indicators. Collecting information on survival and recruitment for Eastern Bluebirds \n(Sialia sialis), E. Meadowlarks (Sturnella magna), E. Kingbirds (Tyrannus tyrannus), \ngrassland Sparrows (Ammodramus spp.), Chickadees (Poecile spp.), Titmice (Baeolophus \nspp.), Loggerhead Shrike (Lanius ludovicianus), and American Kestrel (Falco tinnunculus) \nin the watershed provides information critical for determining causes of population \nchanges and for identifying management actions and conservation strategies to reverse \npopulation declines for birds that make use of similar habitats. Several large-scale, long-\nterm monitoring programs provide annual information on landbird populations. Although \nestablished programs such as the Breeding Bird Survey and Christmas Bird count provide \ninformation on species population trends, these programs fail to provide information on \ndemographic parameters or vital rates of landbirds. Valuable information on demographic \nprocess and vital rates are missing for bird species within our geographic area.  \nA secondary benefit of establishing a banding and monitoring program for birds in close \nproximity to MSU is that it provides an educational opportunity for students. An integral \npart of the learning process for ecology and field studies is the ability to see and learn \nabout ecological communities and community members. Access to these opportunities is \n\n \n \nWRMP for Red Bud – Catalpa Creek Watershed_Final   106 \n \ngreatly facilitated by the use of non-harmful sampling employed at natural locations. \nHerein, students will be trained in proper banding techniques and the skills required in re-\nsighting color-banded birds.  \nSince 2014, students at Mississippi State University enrolled in the Department of \nWildlife, Fisheries, & Aquaculture, as well as those involved in student organizations such \nas the Wildlife Society, have been involved in the development of a bluebird trail of nest \nboxes located within Mississippi State University’s South Farm property. Each spring \nstudents monitor bird activity at these boxes, noting productivity, survivorship and \nrecruitment within the population. Through bird-banding, students can also track the \nsurvival and movements of birds among years and across the landscape. Morphological \ninformation collected from nestling birds and adults can also be tied to habitat change \nand resource availability. This data will provide a long-term monitoring platform by which \nto gauge landscape change, enhanced educational opportunities, and training for \nstudents through MSU classwork and individual-based projects. \nReptilian Indicator.  Significant wetland area is lost in the United States each year (Dahl, \n1990). Wetland loss can occur through direct conversion, or alteration of supporting \nprocesses. Wetlands where natural processes have been altered include many small \nstreams that run through agricultural fields. Loss of hydrologic function and connectivity \nof emergent and/or adjacent habitats is commonplace within these agricultural lands. \nMany species endemic to these wetland systems are affected by these changes. The \nSouth Farm is a home for the yellow-belled watersnake (Nerodia erythrogaster \nflavigaster), a species which can help us to understand wetland ecosystems and \nmanagement for many related species. Although common within southeastern stream \nsystems, this species can be used as a model organism by which we can understand the \nimpacts of wetland habitat connectivity and landscape configuration on other wetland \nendemic species. In this study, since 2014, students within the herpetology class offered \nthrough Mississippi State University’s Department of Wildlife, Fisheries, and Aquaculture \nhave applied radio-telemetry to the yellow-bellied watersnake, tracking them through \nmultiple seasons, corresponding with periods of flood and low water as a means of \nunderstanding this species' use of wetland boundary habitats.  \nUnderstanding habitat use is essential to conservation planning. Using surrogate species, \nor those whose presence reflects qualities of a larger taxonomic group, can provide \ninformation relevant to a spectrum of species without conducting similar research on \neach; yellow-bellied watersnake can be treated as this surrogate species. Yellow-bellied \nwatersnake, although common in many southeastern stream habitats, are difficult to \ncensus and nearly impossible to follow over large distances. Advances in radio-telemetry \nhave furthered our understanding of snake ecology, enabling us to gain observations of \nanimal behavior during discrete time periods and relative to certain environmental \nevents.  \n\n \n \nWRMP for Red Bud – Catalpa Creek Watershed_Final   107 \n \nSince 2014, coupled with radio-telemetry, blood samples have been collected from \nsnakes captured at Mississippi State University’s South Farm location, and elsewhere. \nBlood samples have been screened for parasites, providing a correlative link between \ntrophic breadth, parasite burden, habitat structure and water quality. Information \ncollected provides information on habitat management and efficacy towards wetland \nenhancement. Linking water quality to snake diet and parasite burden will afford time-\nintegrated information by which to monitor linkages to habitat remediation, restoration \nand conservation. \nAmphibian Indicators. Determining the presence of various frogs and toads as it relates to \nhabitat remediation and restoration within the watershed provides another avenue to \ngauge ecosystem health. Anuran vocalization surveys are a common method for \nmonitoring the occurrence of populations of amphibians (Nelson & Graves, 2004, Weir et \nal., 2005). Data collectors must be trained to properly identify the calls of various taxa \nand understand data collection techniques as well as species-habitat interactions. Such \ntraining can provide an exceptional pedagogical tool for teaching students about anuran \necology, while also collecting valuable information about what species exist within a \nparticular landscape. \nSince 2014, students enrolled in the Herpetology class offered through Mississippi State \nUniversity’s Department of Wildlife, Fisheries, & Aquaculture have been conducting \nseason amphibian call surveys within the Catalpa Creek Watershed. These surveys, \nconducted through three repeated visits each spring provide a means for monitoring \nchange in species assemblage and calling phenology within the watershed. These studies \nprovide a platform for monitoring changes in anuran assemblage and calling phenology \nrelative to habitat remediation and restoration within the watershed. This program will \nalso afford an educational tool by which to teach students proper survey techniques, \nexperimental design and an appreciation of anuran and conservation ecology. \nPond Turtle Landscape and Trophic Indicators.  Ponds afford a unique opportunity to \nexplore ecosystem and population processes. Functional traits, such as diet and \npopulation attributes can mediate ecosystem processes within ponds (Polis et al., 1997). \nAquatic ecosystems can also be linked to surrounding ecosystems by the movements of \nanimals (Polis et al., 1997, Roe et al., 2009). Determining the degree to which organisms \ninteract between different wetlands and the drivers of these interactions is fundamental \nto the assessment of ecological patterns, wetland conservation and ecosystem \nmanagement (Roe & Georges, 2007). \nIn the ponds and lakes of the southeastern United States, the biomass, density and \nannual productivity of turtles can equal or exceed that of other vertebrates (Iverson, \n1982, Congdon et al., 1986). Although turtles such as the slider (Trachemys scripta: \nhereafter, sliders) are considered omnivorous they can also switch to an herbivory or \ncarnivory depending on the quality and quantity of resources available (Clark & Gibbons, \n\n \n \nWRMP for Red Bud – Catalpa Creek Watershed_Final   108 \n \n1969, Aresco & James, 2005, Bouchard & Bjorndal, 2006); selecting specific habitats and \ndiet to optimize physiological and reproductive gains (Parmenter, 1980, Hart, 1983). By \nselecting for specific habitats sliders can influence pond ecosystem function and the \nproductivity of respective foodwebs (Lindsay, 2011).  \nThe purpose of the pond turtle monitoring effort is to determine the differences in pond \nsliders in an aquaculture setting versus a natural system. Using mark-recapture, stable \nisotope analysis and immune response measures we can determine what pond sliders are \neating in aquaculture ponds, how this may differ from more natural settings and whether \nambient conditions are linked to immune response. We will also photograph each turtle \nfor use in identifying individuals and addressing color pattern intensity relative to immune \nresponse. \nThis research will help elucidate patterns in landscape ecology and wetland connectivity. \nCollectively, this information will help extend our understanding of species physiologic \nand trophic relationships within aquaculture systems versus natural systems. Enhanced \neducational opportunity will also be provided to students through research opportunity \nand datasets that can be used by future classes at Mississippi State University (including \nHerpetology and Biometrics). Exemplary future projects can use established methods to \nexplore slider movements and diet relative to season and the breeding status of \nindividual turtles. \nInsect Indicators. The survey of ants in the preserve is ongoing, and thus far has only \nbeen conducted in the southern unit of the Preserve.  However, 30 species of ants have \nbeen documented in this small patch of forest so far (Table 12.2.1).  The ant species \ninhabiting the preserve are typical of forested habitats in the region, but the level of \nspecies diversity present in a relatively small area demonstrates that even small patches \nof forest are capable of supporting a relatively diverse ant community.  The ant \ncommunity of the northern unit is expected to be more depauperate due to its smaller \nsize, soil conditions, and the effects of cattle grazing on the understory. \nTable 12.2.1. Ants (Hymenoptera: Formicidae) of the W.L. Giles Bur Oak Preserve (southern unit only). \nAphaenogaster carolinensis (Wheeler) Ponera pennsylvanica Buckley \nAphaenogaster fulva Roger Prenolepis imparis (Say) \nAphaenogaster lamellidens Mayr Proceratium pergandei (Emery) \nCamponotus chromaiodes Bolton Solenopsis invicta X richteri \nCamponotus decipiens Emery Solenopsis sp. cf. molesta (Say) \nCamponotus pennsylvanicus (DeGeer) Strumigenys clypeata Roger \nCamponotus snellingi Bolton  Strumigenys louisianae Roger \nCrematogaster ashmeadi Mayr Strumigenys ohioensis Kennedy & Schramm \nCrematogaster lineolata (Say) Strumigenys ornata Mayr \n  \n\n \n \nWRMP for Red Bud – Catalpa Creek Watershed_Final   109 \n \nContinued from previous: Table 12.2.1. Ants (Hymenoptera: Formicidae) of the W.L. Giles Bur Oak Preserve \n(southern unit only). \nHypoponera opacior (Forel) Strumigenys pulchella Emery \nLasius alienus (Foerster) Strumigenys rostrata Emery \nMyrmecina americana Emery Temnothorax curvispinosus Mayr \nNylanderia faisonensis (Forel) Temnothorax pergandei Emery \nNylanderia vividula (Nylander) Temnothorax schaumii Roger \nPheidole dentigula Smith Trachymyrmex septentrionalis (McCook) \n12.3 SOCIAL INDICATORS  \n \nWater resource and habitat problems that have accumulated over time often take \ncomparable time to mitigate. This will likely be the case when considering restoration and \nprotection of the Catalpa Creek Watershed. The social dimension plays a key role in this \nscenario. Every individual, community and culture has a set of beliefs and attitudes that \nguide decision-making and influence behavior.  Because the success of watershed \nrestoration and protection efforts often depends upon a large percentage of watershed \nstakeholders understanding both the water quality impacts of their land use activities and \nthe importance of conservation, an important measure of progress should include \nconfirming that awareness and attitudes are changing and behaviors are being adopted \nthat serve to mitigate the problem. Social indicators provide consistent measures of social \nchange and can be used by planners and managers at all scales to estimate the impacts of \ntheir efforts and resources even while a lag exists for monitored improvements in water \nand habitat quality. In addition, social indicators can inform planners and managers of \nchanges needed to their strategies to increase the effectiveness of their efforts.   \n \nThe formulation of effective engagement, outreach and educational programs also \nrequires an understanding of the underlying beliefs and values of various target \naudiences. Through the use of social science survey instruments, the underlying beliefs \nand values of selected target audiences will be surveyed at the watershed scale to serve \nas a basis for effective engagement, technology transfer, education and outreach and to \nserve as a reference to gauge the effectiveness of these efforts.  \n12.4 DATA MANAGEMENT AND DISTRIBUTION    \nThe variety and amount of data to be collected for this project will require effective data \nassimilation, organization, and management. Because of this, a data management plan \nwill be developed at the beginning of the project to guide our efforts. The plan will be \nconsistent with MSU policies and requirements of potential resource agencies and other \nfunding organizations. \n \n\n \n \nWRMP for Red Bud – Catalpa Creek Watershed_Final   110 \n \n13 EDUCATION, EXPERIENTIAL LEARNING AND OUTREACH \n13.1 GOALS AND OBJECTIVES \n \nThe educational goal of this plan is to enhance awareness and knowledge of watershed \nissues in local, regional and national stakeholders and increase use of watershed \nconservation/management practices through educational programs associated with the \nimplementation and assessment of best management practices in the Catalpa Creek \nWatershed. This goal will be achieved by: \n Demonstrating the effectiveness and benefits of sediment, nutrient, pathogen and \nother Best Management Practices and water management approaches to a \ndiverse audience of stakeholders; \n Providing for information and technology transfer of current and future watershed \nmanagement applications to water resources planners, resource managers, \nconsumers, University students, agricultural producers, and other stakeholders; \nand \n Increasing the use of BMP and other watershed protection practices by producers, \nmunicipalities and rural/urban residents. \nWe expect that the education, experiential learning and outreach activities listed in this \nsection will not only provide an effective component for Catalpa Creek work, but will also \nlay the foundation upon which the Watershed D.R.E.A.M.S. Center will be established. \n13.2 ACTIVITIES & MILESTONES \n \nTable 13.2.1. Summary of Education, Experiential Learning, and Education Activities. \nTARGET AUDIENCE ACTIVITIES MILESTONES \nGeneral stakeholder groups \n(listed individual"
}