{
  "slug": "ross-barnett-reservoir-watershed-plan-2011",
  "source": "Ross_Barnett_Reservoir_Watershed_Plan_2011.pdf",
  "length": 1021493,
  "part": 48,
  "text": "to  withstand  \ngrazing pressure. \n• Grazing     in     riparian     areas     is     not     \nrecommended     when     streambanks     are     \neroding, or when conditions are too wet. \n• Detailed        design        information        and        \nrequirements  for  fencing  for  grazing  control  \nare  available  in  the  National  Conservation  \nPractice    Standards.    This    publication    is    \navailable  from  the  Natural  Resources  Conservation  Service  (NRCS)  and  online  at  \nhttp://www.nrcs.usda.gov/technical/standards/nhcp.html\n. \nSource: National Fish and Wildlife Foundation website.\n \nImplementation \n• Private and commercial pasture lands. \n \nPollutant Removal Efficiency \nPollutant Efficiency \nTotal Suspended Solids (TSS) Insufficient data \nTotal Nitrogen Insufficient data \nTotal Phosphorus Insufficient data \nMetals                                                                      Insufficient                                                                      data                                                                      \nPathogens (fecal coliform, E. coli)                              Insufficient                              data                              \n \nCost \nThe   Mississippi   NRCS   2011   Environmental   Quality   Incentives   Program   (EQIP)   \npayment schedule lists costs for fencing at less than 1$ to over 3$ per linear foot, and \ncosts for prescribed grazing at $80 to $180 per acre. \n \n \n \n\n \n \n \n \nApplicability in Reservoir Watershed \nApproximately 12% of the watershed is in pasture. \n \nBenefits \n• Improved pasture forage condition. \n• Improved pasture soil condition. \n• Increased livestock productivity. \n• Improved livestock health. \n• Reduced feed costs. \n• Reduced bank erosion and land loss. \n• Reduced sediment, nutrient, and pathogen loads to stream. \n• Managed grazing can reduce use of herbicides and/or fertilizers. \n \nLimitations \n• Fencing cost may increase production cost. \n• Managed grazing can be more work than continuous grazing. \n \nMaintenance \nMaintenance involves keeping the fence in good repair and keeping the fence line clear \nof weeds and brush. \n \nReferences \nInformation in this factsheet is adapted from: \n \nAgouridis,  C.T.,  S.R.  Workman,  R.C.  Warner,  and  G.D.  Jennings.  2005.  Livestock  \ngrazing management impacts on stream water quality: A review. Journal  of  the  \nAmerican Water Resources Association 41(3):591-606. \nNational  Fish  and  Wildlife  Foundation.  (no  date.)  “Rotational  Grazing”  [web  page].  \nAccessed October 2011 at \nhttp://www.nfwf.org/Content/NavigationMenu/ChesapeakeBayStewardshipFu\nnd/ConservationResults/AgriculturalConservation/RotationalGrazing/default.h\ntm.  \nNRCS.    (no    date.)    Rankin    County    Field    Office    Technical    Guide.    Online    at    \nhttp://efotg.sc.egov.usda.gov/treemenuFS.aspx\n. \nNRCS.      2010.      FY      2011      EQIP      HU      Payment      Schedule.      Online      at      \nhttp://www.ms.nrcs.usda.gov/programs/2011_Historically_Underserved_EQIP\n_Payment_Schedule.pdf. \n\nAlternative Water Sources \nfor Pastures \nDescription \nAlternative water sources are provided to lure cattle away from pasture streams. Cattle \nin streams physically destroy stream habitat, increase sediment load by de-stabilizing \nstream channels and banks, and increase nutrient  and  pathogen  loads  by  defecating  \nin the stream. \n \nDesign Considerations \n• Design of watering device depends \non   the   type   and   habits   of   the   \nlivestock   and   their   daily   water   \nrequirements,   weather,   and   the   \nwater sources available. \n• Location  of  watering  devices  can  \nbe  used  to  promote  more  even  \ngrazing    and    protect    sensitive    \nareas. \n• Location  of  watering  devices  may  \nbe  influenced  by  the  location  of  \nthe alternative water source. \n• In  hot  weather,  cattle  are  likely  to  \nuse  streams  for  cooling,  so  it  may  \nbe  necessary  to  provide  shade  as  \nwell   as   drinking   water   sources   \naway   from   streams   to   effectively   \nreduce   the   time   cattle   spend   in   \nstreams. \nSource: Research Planning, Inc. website. \n• Detailed  design  information  and  requirements  for  fencing  for  grazing  control  are  \navailable  in  the  National  Conservation  Practice  Standards.  This  publication  is  \navailable  from  the  Natural  Resources  Conservation  Service  (NRCS)  and  online  at  \nhttp://www.nrcs.usda.gov/technical/standards/nhcp.html\n. \n \nImplementation \n• Private and commercial pasture lands. \n \n \n \n\n \n \nPollutant Removal Efficiency \nPollutant Efficiency \nTotal Suspended Solids (TSS) 30% - 90% \nTotal Nitrogen 15% - 54% \nTotal Phosphorus 22% - 81% \nMetals                                                 Insufficient                                                 data                                                 \nPathogens (fecal coliform, E. coli)         Insufficient         data         \n \nApplicability in the Reservoir Watershed \nApproximately 20% of the watershed is in the pasture. Thus, there are many miles of \npasture streams in the watershed that may benefit from alternative water sources. \n \nCost \nThe   Mississippi   NRCS   2011   Environmental   Quality   Incentives   Program   (EQIP)   \npayment schedule lists costs for watering facilities ranging from approximately $80 to \nover $500 each. \n \nBenefits \n• Improved  herd  health  –  wet  muddy  conditions  increase  risk  of  a  number  of  \nlivestock illnesses, as well as foot and leg injuries from slipping. \n• Reduced exposure of livestock to water-borne disease organisms. \n• Better quality drinking water for livestock. \n• Good public relations. \n• Improved habitat for fish. \n• Improved and/or increased wildlife habitat along stream corridor. \n• Reduced flood frequency. \n• Improved groundwater recharge. \n• Reduced bank erosion and land loss. \n• Reduced sediment, nutrient, and pathogen loads to stream. \n \nLimitations \n• Alternative water source may be more expensive, increasing operating costs. \n• Without other options, cattle will wade and wallow in streams to cool off during hot \nweather. \n \nMaintenance \nMaintenance involves keeping the watering devices in good repair. \n \n \n \n\n \n \n \n \nReferences \nInformation in this factsheet is adapted from: \nAgouridis,  C.T.,  S.R.  Workman,  R.C.  Warner,  and  G.D.  Jennings.  2005.  Livestock  \ngrazing management impacts on stream water quality: A review. Journal  of  the  \nAmerican Water Resources Association 41(3):591-606. \nDillaha,  T.A.,  T.W.  Simpson,  and  S.E.  Weammert.  2007.  Off-Stream  Watering  with  \nFencing  and  Off-Stream  Watering  without  Fencing  Practices:  Definitions  and  \nNutrient   and   Sediment   Reduction   Efficiencies.   For   Use   in   Calibration   and   \nOperation  of  the  Chesapeake  Bay’s  Phase  5.0  Program  Watershed  Model. \nChesapeake         Bay         Program.         Accessed         October         2011         at         \nhttp://archive.chesapeakebay.net/pubs/bmp/Year_1_Reports/Offstream%20W\natering.pdf. \nLine,  D.E.  2003.  Changes  in  a  stream’s  physical  and  biological  conditions  following  \nlivestock  exclusion.  Transactions  of  the  American  Society  of  Agricultural  and  \nBiological Engineers 46(2):287-293. \nNRCS.    (no    date.)    Rankin    County    Field    Office    Technical    Guide.    Online    at    \nhttp://efotg.sc.egov.usda.gov/treemenuFS.aspx\n. \nNRCS.      2010.      FY      2011      EQIP      HU      Payment      Schedule.      Online      at      \nhttp://www.ms.nrcs.usda.gov/programs/2011_Historically_Underserved_EQIP\n_Payment_Schedule.pdf. \nResearch    Planning,    Inc.    (no    date.)    “Environmental    and    Coastal    Resources    \nManagement;  Water  Resource  Analysis,  Modeling  and  Management;  Nonpoint  \nSource    Pollution    Identification    and    Mitigation”    [web    page].    Accessed    \nOctober 2011 at \nhttp://www.researchplanning.com/services/envir/watershed/dhec319.html\n. \nSheffield, R.E., S. Mostaghimi, D.H. Vaughan, E.R. Collins Jr., and V.G. Allen. 1997. \nOff-stream  water  sources  for  grazing  cattle  as  a  stream  bank  stabilization  and  \nwater  quality  BMP.  Transactions  of  the  American  Society  of  Agricultural  and  \nBiological Engineers 40(3):595-604. \n \n\n \n \nRow-Crop Residue \nManagement \nDescription \nThis practice involves managing the amount, orientation, and distribution of crop and \nother  plant  residues  on  the  soil  surface  year-round.  A  variety  of  planting  and  tilling  \npractices can be applied as part of residue management, including mulch till, no-till, \nstrip till, and ridge till. \n \nDesign Considerations \n• Where  reduction  of  erosion  is  a  goal  of  \nresidue  management,  the  tillage  system  \nwill be determined based on the soil loss \nobjective   using   an   approved   erosion   \nprediction technology. \n• Combines  or  similar  harvest  machines  \nwill  be  equipped  with  spreaders  capable  \nof  redistributing  residue  over  at  least  \n80% of the working width of the header. \n• Where     cotton     pickers     or     similar     \nmachines   are   used   for   harvest,   the   \nstalks   will   be   mowed   after   harvest,   \nexcept where flooding is a problem. \n• Mowing  is  recommended  for  corn  and  \nsorghum residues. \n• Each  tilling  practice  has  its  own  specific  \ndesign considerations. \n• Detailed  design  information  and  requirements  for  row-crop  residue  management  \nare  available  in  the  National  Conservation  Practice  Standards.  This  publication  is  \navailable  from  the  Natural  Resources  Conservation  Service  (NRCS)  and  online  at  \nhttp://www.nrcs.usda.gov/technical/standards/nhcp.html\n. \n \nImplementation \n• All cropland. \n \nPollutant Removal Efficiency \nPollutant Efficiency \nTotal Suspended Solids (TSS) 64% - 90%  \nTotal Nitrogen 50% - 55% \nTotal Phosphorus 38% - 45% \nMetals                                                          Insufficient                                                          data                                                          \nPathogens (fecal coliform, E. coli)                  Insufficient                  data                  \nSource: Torbert, Ingram, and Prior 2007.\n\n \n \nApplicability in Reservoir Watershed \nJust over 1% of the watershed is in cropland. \n \nCost \nIn  the  early  1990s,  in  the  Chesapeake  Bay  watershed,  the  median  annual  cost  per  \nacre  of  residue  management  was  $17.34.  Residue  management  is  not  a  practice  \neligible  for  NRCS  Environmental  Quality  Incentives  Program  (EQIP)  funding;  however  \nthe  2011  EQIP  payment  schedule  gives  the  cost  for  residue  management  of  winter  \nannuals and vegetables as $40.50 per acre. \n \nMany  researchers  report  cost  savings  to  producers  as  a  result  of  reduced  machinery  \nuse, increased yield, and reduced inputs. Factors that affect the economics of residue \nmanagement include: \n \n• Changes in machinery and labor operating costs. \n• Changes in herbicide application. \n• Differences  in  crop  yields  and  yield  variability,  and  associated  changes  in  harvest  \nand hauling costs. \n• Improved product quality resulting from reduced plant stress. \n• Changes in land rental charges. \n• Changes in management time and skills. \n \nBenefits \n• Reduced sheet and rill erosion. \n• Reduced nutrients and other chemicals in runoff. \n• Reduced runoff volume. \n• Increased water infiltration. \n• Increased soil moisture. \n• Improved soil organic content, structure, and productivity. \n• Reduced machinery and labor use. \n• Improved crop yield. \n• Reduced air pollution (from reduced machinery use and wind erosion). \n• Reduced input costs. \n• Reduced incidence of some insect pests. \n• Increased incidence of predatory insects. \n• Reduced incidence some plant diseases. \n• Food and escape cover for wildlife. \n \nLimitations \n• There may be no improvement in crop yield. \n• Increased nutrient leaching. \n \n \n\n \n \n \n \n• Increased weed germination. \n• Increased use of herbicide to control weeds. \n• Emergence of herbicide-resistant weeds. \n• Increased incidence of some plant diseases. \n• May require specialized equipment. \n• Requires more detailed management. \n• May require learning new skills and techniques. \n \nMaintenance \nMaintenance  involves  use  of  the  appropriate  harvest,  till,  and  planting  practices  to  \nmaintain the desired amount of crop residue on the field. \n \nReferences \nInformation in the factsheet is adapted from: \n \nEPA.  1993.  Guidance   Specifying   Management   Measures   for   Sources   of   Nonpoint   \nPollution in Coastal Waters [EPA-840-B-93-001C]. US Environmental Protection \nAgency. Washington, DC. \nEvans,  B.M.,  and  K.J.  Corradini.  2001.  BMP  Pollution  Reduction  Guidance  Document. \nPennsylvania Department of Environmental Protection. \nNRCS.    (no    date.)    Rankin    County    Field    Office    Technical    Guide.    Online    at    \nhttp://efotg.sc.egov.usda.gov/treemenuFS.aspx\n. \nNRCS.      2010.      FY      2011      EQIP      HU      Payment      Schedule.      Online      at      \nhttp://www.ms.nrcs.usda.gov/programs/2011_Historically_Underserved_EQIP\n_Payment_Schedule.pdf. \nTorbert,  H.A.,  J.T.  Ingram,  and  S.A.  Prior.  2007.  Photo  4B  in  “Planter  aid  for  heavy  \nresidue  conservation  tillage  systems.”  Agronomy  Journal  99:478-480.  Accessed  \nOctober 2011 at \nhttps://www.crops.org/publications/aj/articles/99/2/478#fig4\n. \nUnger, P., ed. 1994. Managing Agricultural Residues. CRC Press. Boca Raton, FL. \nWiebe,  K.,  and  N.  Gollehon,  eds.  2006.  Agricultural  Resources  and  Environmental  \nIndicators,    2006    Edition    [Economic    Information    Bulletin    No.    EIB-16].    \nUS Department of Agriculture, Economic Research Service. Washington, D.C. \n\n \nCover Crop \nDescription \nCover  crops  are  usually  close  growing  legumes  and/or  small  grains  grown  primarily  \nfor seasonal protection of land from soil erosion, as well as increase organic matter in \nsoil. These crops are typically planted in the fall, after the primary crop is harvested, \nand grown for less than one year. \n \nDesign Considerations \n• Some  commonly  used  cover  crops  \nharbor insects or disease that may \naffect the primary crop. \n• Planting method used to plant the \ncover crop can increase erosion. \n• Recommended  cover  crop  species  \nand planting rates vary depending \non  the  purpose  of  the  cover  crop  \n(e.g.,    erosion    control,    nitrogen    \nfixing, green manure) and the field \ncharacteristics. \n• Detailed  design  information  and  \nrequirements  for  cover  crops  are  \navailable      in      the      National      \nConservation  Practice  Standards.  \nThis  publication  is  available  from  \nthe    Natural    Resources    Conservation    Service    (NRCS)    and    online    at    \nhttp://www.nrcs.usda.gov/technical/standards/nhcp.html\n. \nSource:NRCS \n \nImplementation \n• Private and commercial crop lands. \n• Wildlife areas. \n• Recreation areas. \n• Orchards. \n• Vineyards. \n• Any cleared land. \n \nPollutant Removal \nCover  crops  reduce  pollutant  exports  from  fields  under  conventional  tillage.  They  \nprovide  no  significant  erosion  control  benefit  on  fields  under  conservation  tillage.  \nPollutant removal varies with the cover crop species used and the planting method. \n \n \n \n\n \n \nPollutant Efficiency \nTotal Suspended Solids (TSS) 10% - 20% \nTotal Nitrogen 10% - 45% \nTotal Phosphorus 7% - 30% \nPathogens (coliform, E. coli) Cropland in the watershed is not identified \nas a source of pathogen pollution \n \nCost \nThe   Mississippi   NRCS   2011   Environmental   Quality   Incentives   Program   (EQIP)   \npayment schedule lists the cost for cover crops as ranging from approximately $40 per \nacre to $60 per acre. \n \nBenefits \n• Improvement in soil microbial activity, structure, and water storage capacity. \n• Improvement in water infiltration. \n• Provide food and cover for wildlife, including beneficial insects. \n• Reduction of erosion. \n• Uptake of nutrients resulting in reduced nutrient runoff. \n• Chokes out weeds. \n \nLimitations \n• Cost of cover crop may increase production costs. \n• Some cover crops can harbor insects or diseases harmful to primary crops. \n• Erosion control benefits are limited in conservation till systems. \n• Cover  crops  do  not  significantly  increase  organic  matter  in  Mississippi  soils  when  \ntillage is performed. \n \nMaintenance \nWatering as needed. \n \nReferences \nInformation in this factsheet is adapted from: \n \nDillaha,  T.A.,  T.W.  Simpson,  and  S.E.  Weammert.  2007.  Off-Stream  Watering  with  \nFencing  and  Off-Stream  Watering  without  Fencing  Practices:  Definitions  and  \nNutrient   and   Sediment   Reduction   Efficiencies.   For   Use   in   Calibration   and   \nOperation  of  the  Chesapeake  Bay’s  Phase  5.0  Program  Watershed  Model. \nChesapeake         Bay         Program.         Accessed         October         2011         at         \nhttp://archive.chesapeakebay.net/pubs/bmp/Year_1_Reports/Offstream%20W\natering.pdf. \nEvans,  B.M.,  and  K.J.  Corradini.  2001.  BMP  Pollution  Reduction  Guidance  Document. \nPennsylvania Department of Environmental Protection. \n \n \n\n \n \n \n \nNRCS.    (no    date.)    Rankin    County    Field    Office    Technical    Guide.    Online    at    \nhttp://efotg.sc.egov.usda.gov/treemenuFS.aspx\n. \nNRCS.      2010.      FY      2011      EQIP      HU      Payment      Schedule.      Online      at      \nhttp://www.ms.nrcs.usda.gov/programs/2011_Historically_Underserved_EQIP\n_Payment_Schedule.pdf. \n\n \n \n \nTerraces \nDescription \nThe   Natural   Resources   Conservation   Service   (NRCS)   defines   terraces   as   earth   \nembankments  or  ridge  and  channel  systems  constructed  perpendicular  to  the  field  \nslope. \n \nDesign Considerations \n• Terrace characteristics are determined by the \nfie"
}