{
  "slug": "ross-barnett-reservoir-watershed-plan-2011",
  "source": "Ross_Barnett_Reservoir_Watershed_Plan_2011.pdf",
  "length": 1021493,
  "part": 42,
  "text": "oes  become  a  problem,  mosquito  dunks  \n(floating,   donut-shaped   briquettes   containing   the   biological   insecticide   Bacillus \nthuringiensis) should be used. \n \nEducation and Outreach \nImplementation  of  this  practice  is  voluntary  and  would  be  applied  on  individual  lots  \nand  homes.  For  these  reasons,  the  target  audience  for  this  practice  is  the  general  \npublic. \n \n \n \n\n \n \n \n \nReferences \nInformation in the factsheet is adapted from: \n \nClark, M., and G. Acomb. 2008. “Cisterns/Rain Barrels.” In Florida Field Guide to Low \nImpact Development: Stormwater Management Practices for Application in Master \nPlanned Community Development. Program for Resource Efficient Communities, \nUniversity of Florida. Accessed October 2011 at \nhttp://buildgreen.ufl.edu/Fact_%20sheet_Cisterns_Rain_Barrels.pdf\n. \nEPA.  2008.  “On-Lot  Treatment  Fact  Sheet.” National Menu of Stormwater Best \nManagement  Practices.  US  Environmental  Protection  Agency,  Office  of  Water.  \nAccessed September 2011 at \nhttp://www.epa.gov/npdes/stormwater/menuofbmps\n. \nMassachusetts   Department   of   Environmental   Protection.   2008.   Structural   BMP   \nSpecifications  for  the  Massachusetts  Stormwater  Handbook.  Chapter  2  in  \nVolume 2 of Massachusetts Stormwater Handbook. Accessed September 2011 at \nhttp://www.mass.gov/dep/water/laws/v2c2.pdf\n. \nUS Department of Defense. 2010. “Low Impact Development” [UFC 3-210-10]. Series \n3-200: Civil/Geotechnical/Landscape Architecture in Unified Facilities Criteria. \nAdministered by the US Army Corps of Engineers, the Naval Facilities \nEngineering Command, and the Office of the Air Force Civil Engineer. \n15 November 2010. Accessed September 2011 at \nhttp://www.wbdg.org/ccb/DOD/UFC/ufc_3_210_10.pdf\n \n\n \nPlanned Unit Development \nDescription \nPlanned   unit   development,   also   called   \"cluster   development\"   or   “open   space   \ndevelopment,” is an alternative site planning technique that concentrates development \nin  a  compact  area  to  reserve  undeveloped  space  elsewhere  on  the  site.  In  this  \ntechnique, lot sizes, setbacks, and frontage distances are minimized to allow for open \nspace.  Open  space  areas  are  often  used  for  neighborhood  recreation,  stormwater  \nmanagement  facilities,  or  conservation  purposes.  Open  space  that  is  preserved  in  a  \nnatural  condition  needs  little  maintenance  and  helps  to  reduce  and  sometimes  treat  \nstormwater  runoff  from  development.  Open  space  design  is  most  applicable  in  areas  \nwith  moderate  base  zoning  density  requirements  (less  than  six  dwelling  units  per  \nacre). \n \nDesign Considerations \nOpen   space   development   is   allowed   in   \nzoning ordinances in Rankin and Madison \ncounties  in  areas  designated  as  Planned  \nUrban  Development  (PUD)  districts.  PUD  \ndistricts are superimposed over residential \ndevelopments.  They  must  maintain  the  \ndensity  requirements  over  the  residential  \nzone    over    which    they    are    imposed.    \nHowever, minimum lot size and width can \nbe reduced and remaining land reserved in \ncontiguous  tracts  of  common  open  space  \nfor use by residents. \nPhoto by Angie Tornes, National Park Service.\nSource: Milwaukee River Basin Partnership (2003). \n \n \n \nDetailed  design  information  and  requirements  for  planned  unit  developments  are  \navailable in the Planning and Design Manual for the Control of Erosion, Sediment, and \nStorm Water,  Volume  2:  Stormwater  Runoff  Management  Manual.  This  publication  is  \navailable  from  the  Mississippi  Department  of  Environmental  Quality  (MDEQ)  and  \nonline at http://www.deq.state.ms.us\n. \n \nImplementation \n• New development. \n \n \n \n\n \n \nPollutant Removal Efficiency \nOpen  space  developments  can  reduce  impervious  surfaces  from  40%  to  60%  when  \ncompared to conventional subdivision designs. \n \nPollutant/Parameter Efficiency \nAnnual Runoff Volume 20% to 60% \nTotal Suspended Solids (TSS) Not measured \nTotal Nitrogen 40% to 60% \nTotal Phosphorus 40% to 60% \nMetals                                                       Not                                                       measured                                                       \nPathogens (coliform, E. coli)                       Not                       measured                       \n \nBenefits \n• Decreased  development  costs  due  to  less  road  building  and  construction  of  \nstructural stormwater management practices. \n• Maintenance   costs   are   low   as   long   as   land   is   kept   in   its   natural   state   \n(approximately $75 per acre per year). \n• Can provide affordable housing to residents. \n• Enhanced quality of life and recreational opportunities for residents. \n \nLimitations \n• Smaller lots may be perceived as less marketable. \n• Delays  in  the  review  of  plans  for  cluster  development  are  expected  since  they  \nrequire a special exemption from current zoning requirements. \n• Open space must be managed by a homeowner association or separate entity. \n \nReferences \nInformation in this factsheet is adapted from: \n \nCenter  for  Watershed  Protection.  1998.  Better  Site  Design:  A  Handbook  for  Changing  \nDevelopment   Rules   in   Your   Community.   Prepared   for   the   Site   Planning   \nRoundtable.   With   assistance   from   the   Morris   and   Gwendolyn   Cafritz   \nFoundation;  the  US  Environmental  Protection  Agency,  Office  of  Wetlands,  \nOceans,  and  Watersheds;  Chesapeake  Bay  Trust;  Turner  Foundation;  and  \nChesapeake Bay Program. Ellicott City, MD. 100 pp. Accessed October 2011 at \nhttp://www.cwp.org/store/publications.html\n. \nCentral   Mississippi   Planning   and   Development   District.   2010   (revised).   Zoning   \nOrdinance  of  Rankin  County,  Mississippi.  Jackson,  MS.  147  pp.  Accessed  \nOctober 2011 at \nhttp://www.rankincounty.org/CD/images/Rankin%20Co%20Zoning%20Ord%\n202010.pdf. \nEPA.  (no  date.)  “Open  Space  Development.”  United  States  Environmental  Protection  \nAgency,         Office         of         Water.         Accessed         October         2011         at         \nhttp://water.epa.gov/polwaste/nps/openspace.cfm\n. \n \n \n\n \n \n \n \nMilwaukee River Basin Partnership. 2003. Protecting Our Waters – Open Space Design. \nAccessed October 2011 at http://clean-water.uwex.edu/plan/openspace.htm\n. \n\nFertilizer and \nHerbicide Application \nDescription \nUrban  landscape  maintenance  activities  include  vegetation  removal,  herbicide  and  \ninsecticide  application,  fertilizer  application,  and  watering.  All  of  these  maintenance  \npractices  have  the  potential  to  contribute  pollutants  to  the  storm  drain  system.  The  \nmajor objective of this best management practice (BMP) is to minimize the discharge of \npesticides, herbicides, and fertilizers to the storm drain system and receiving waters in \nurban areas. \n \nIntegrated  pest  management  (IPM),  a  sustainable  approach  to  managing  pests  by  \ncombining biological, cultural, physical, and chemical tools, is described in more detail \nin a separate Fact Sheet. \n \nDesign Considerations \nThis design for this BMP includes a set of recommendations that apply to homeowners \nand   professionals   engaged   in   landscape   maintenance   activities.   Fertilizers   and   \npesticides  should  be  used  on  lawns  and  gardens  only  when  necessary.  Use  can  be  \nminimized  by  selecting  hearty  plants  that  are  native  to  the  area  (see  Table  1  and  \nhttp://www.msucares.com\n  for  lists  of  native  plants  and  shrubs).  If  it  is  necessary  to  \nuse  chemical  pesticides,  the  least  toxic  pesticide  that  targets  the  specific  pest  in  \nquestion  should  be  chosen.  Particular  attention  should  be  paid  to  areas  of  high-\nintensity  management,  such  as  cemeteries  and  golf  courses,  which  may  contribute  \nlarge amounts of excess fertilizer and pesticides to runoff. \n \n \nPlanting of native vegetation in Jackson, Mississippi.\nSource: Mississippi Museum of Natural Science\nPlantingof native vegetation in Jackson, Mississippi.\nSource: Mississi\nppi Museum of Natural Science\n \n \n\n \n \nTable 1. Native plant and shrub species. \n \nPlant Type Recommended Species \nGroundcovers \n• Liriope \n• Monkey grass \n• Asian jasmine \n• Ardisia \n• Aspidistra \n• Dwarf bamboo \n• Holly leaf fern \n• Indigo bush \n• Sword fern \n• Sedum \n• Setcreasea \nPerennials \n• Daylily \n• Stokes aster \n• Lantana \n• Verbena \n• Black-eye Susan \n• Purple coneflower \n• Evening primrose \n• Louisiana phlox \n• Narrow leaf sunflower \n• Rain lily \n• Louisiana iris \n• Wild petunia \nShrubs \n• Butterfly bush \n• American beautyberry \n• Flowering quince \n• Forsythia \n• Holly \n• Virginia willow \n• Summersweet \n• Spirea \n• Vitex \n• Oleander \n• Elaeagnus \n• Wax myrtle \n• Yaupon holly \nTrees \n• Ironwood \n• Parsley hawthorne \n• Live oak \n• Southern magnolia \n• American holly \n• Red maple \n• Sweetgum \n• Black gum \n• Willow oak \n• Winged sumac \n• Bald cypress \nSource: http://msucares.com/lawn/landscape/sustainable/maintenance.html \n \n• Follow all federal, state, and local laws and regulations governing the use, storage, \nand  disposal  of  fertilizers  and  pesticides  and  training  of  applicators  and  pest  \ncontrol advisors. \n• Use pesticides only if there is an actual pest problem (not on a regular preventative \nschedule). \n• Do  not  use  pesticides  if  rain  is  expected.  Apply  pesticides  only  when  wind  speeds  \nare low (less than 5 mph). \n• Do not mix or prepare pesticides for application near storm drains. \n• Prepare  the  minimum  amount  of  pesticide  needed  for  the  job  and  use  the  lowest  \nrate that will effectively control the pest. \n• Employ techniques to minimize off-target application (e.g., spray drift) of pesticides, \nincluding consideration of alternative application techniques. \n• Calibrate   fertilizer   and   pesticide   application   equipment   to   avoid   excessive   \napplication. \n• Periodically test soils for determining proper fertilizer use. \n \n \n\n \n \n• Sweep  pavement  and  sidewalk  if  fertilizer  is  spilled  on  these  surfaces  before  \napplying irrigation water. \n• Purchase only the amount of pesticide that you can reasonably use in a given time \nperiod (monthly or annually, depending on the product). \n• Dispose  of  empty  pesticide  containers  according  to  the  instructions  on  the  \ncontainer label. \n• Detailed design information and requirements for pesticide and fertilizer BMPs are \navailable in Conservation Practice Standard Code 595: Integrated Pest Management. \nThis publication is available from the Natural Resources Conservation Service and \nonline at http://www.nrcs.usda.gov/technical/standards/nhcp.html\n. \n \nImplementation \nThis practice can be practiced by homeowners and professional landscaping crews in \nany maintained area of vegetation. \n \nPollutant Removal Efficiency \nPollutant  removal  efficiency  depends  on  the  actual  practices  used  by  the  individuals.  \nOveruse  and  misuse  of  fertilizers  and  pesticides  are  common  in  urban  areas.  Proper  \nuse   could   significantly   reduce   fertilizers   and   pesticides   transported   in   urban   \nstormwater. \n \nCost \nProper  landscape  activities  are  very  cost  effective.  Promoting  the  growth  of  healthy  \nplants  that  require  less  fertilizer  and  pesticide  applications  minimizes  labor  and  \nmaintenance  costs  of  lawn  and  garden  care.  Using  water,  pesticides,  and  fertilizers  \nonly when necessary and replacing store-bought fertilizers with compost material can \nincrease the savings for a property owner as well as benefit the environment. \n \nBenefits \n• Proper  landscaping  techniques  can  effectively  increase  the  value  of  a  property.  \nAttractive,  water-efficient,  low  maintenance  landscapes  can  increase  property  \nvalues between 7% and 14% (US Environmental Protection Agency [EPA] 1993). \n• Reduced landscape maintenances costs for homeowners. \n \nLimitations \n• Due  to  the  extremely  hot  summers  experienced  in  central  Mississippi,  some  \nirrigation may be needed during dry periods. \n• Mississippi  soils  contain  low  levels  of  organic  material  and  may  need  additional  \nnutrients to support plant growth. \n• Compliance  is  voluntary.  It  is  not  practical  to  monitor  landscaping  practices  on  \nresidential properties. \n \n \n \n\n \n \n \n \nEducation and Outreach \nThe  target  audience  for  this  BMP  includes  homeowners  and  professional  lawn  \nservices.  Professional  service  suppliers  might  over  apply  fertilizers  and  pesticides  to  \nbetter  please  customers,  and  homeowners  may  not  know  the  proper  amounts  of  \nfertilizer and pesticides to use. Both groups might apply lawn-care chemicals too close \nto  waterbodies.  Local  governments  conduct  education  programs  for  local  citizens.  If  \nfunding  is  available,  local  governments  can  start  programs  for  area-wide  composting  \nusing  yard  waste  picked  up  at  the  curb.  The  compost  could  be  sold,  given  to  local  \ngardeners, or used in municipal management. \n \nReferences \nInformation in the factsheet is adapted from: \n \nBrzuszek,  R.F.  2007.  Native  Shrubs  for  Mississippi  Landscapes  [Publication  2334].  \nMississippi  State  University  Extension  Service,  in  cooperation  with  the  US  \nDepartment         of         Agriculture.         Accessed         October         2011         at         \nhttp://msucares.com/pubs/publications/p2334.pdf\n. \nBrzuszek,  R.F.  2007.  Native  Trees  for  Mississippi  Landscapes  [Publication  2330].  \nMississippi  State  University  Extension  Service,  in  cooperation  with  the  US  \nDepartment         of         Agriculture.         Accessed         October         2011         at         \nhttp://msucares.com/pubs/publications/p2330.pdf\n. \nBrzuszek, R.F. 2010. “The Low Maintenance Landscape” [fact sheet]. Published by the \nMississippi  Agricultural  and  Forestry  Experiment  Station  and  the  Mississippi  \nState      University      Extension      Service.      Accessed      October      2011      at      \nhttp://msucares.com/lawn/landscape/sustainable/maintenance.html\n \nCenter for Sustainable Design. 1999. “Landscape Management Controls.” In Section B, \nSource Reduction, of Water Runoff Management Section. In Water Related Best \nManagement   Practices   in   the   Landscape.   Prepared   by   Mississippi   State   \nUniversity, Departments of Landscape Architecture, Agricultural and Biological \nEngineering, and the Colleges of Agriculture and Life Science. Prepared for the \nWatershed  Science  Institute,  Natural  Resources  Conservation  Service,  US  \nDepartment of Agriculture. Accessed October 2011 at \nhttp://www.abe.msstate.edu/csd/NRCS-BMPs/pdf/water/source/landscape.pdf. \nCity  of  Miami  Beach  Public  Services.  (no  date.)  Landscape  Maintenance,  Pesticide,  \nHerbicide,    and    Fertilizer    Best    Management    Practices    (BMPs).    Accessed    \nOctober 2011 at \nhttp://www.nmbworks.com/publications/stormwater/Landscape%20Maintena\nnce%20SC.pdf. \nEPA. 1993. Xeriscape Landscaping: Preventing Pollution and Using Resources Efficiently \n[EPA-840-B-93-001].  US  Environmental  Protection  Agency,  Office  of  Water.  \nWashington, DC. 16 pp. \nNatural   Resources   Conservation   Service.   2010.   Integrated   Pest   Management   \n[Conservation Practice Standard Code 595]. National Handbook of Conservation \nPractices.  US  Department  of  Agriculture,  Natural  Resources  Conservation  \nService. Accessed October 2011 at \nhttp://www.nrcs.usda.gov/Internet/FSE_DOCUMENTS/nrcs143_025930.pdf\n. \n\nDisconnected Impervious  \nAreas \nDescription \nRunoff  from  connected  impervious  surfaces  commonly  flows  directly  to  a  stormwater  \ncollection  system  with  no  possibility  for  infiltration  into  the  soil.  For  example,  roofs  \nand sidewalks commonly drain onto roads, and the runoff is conveyed by the roadway \ncurb and gutter to the nearest storm inlet. Runoff from numerous impervious drainage \nareas may converge, combining their volumes, peak runoff rates, and pollutant loads. \nDisconnection decouples roofs, roadways and other impervious areas from stormwater \nconveyance systems, allowing runoff to be collected and managed on site or dispersed \ninto  the  landscape.  Runoff  is  redirected  onto  pervious  surfaces  such  as  vegetated  \nareas,  reducing  the  amount  of  directly  connected  impervious  area  and  potentially  \nreducing the runoff volume and filtering out pollutants. \n \n \nMost  impervious  area  in  the  Florence  Gardens  \nsubdivision  in  Gulfport,  Mississippi,  drains  into  \nvegetated   areas.   Homes   are   clustered   close   \ntogether   and   rooftops   drain   into   landscaped   \nareas   (upper   left).   Meadow   areas   and   native   \nvegetation   treat   runoff   from   walking   trails   \n(upper  right).  Grassed  swales  carry  stormwater  \nfrom  sidewalks  and  roads.  Sidewalks  are  built  \nonly  on  one  side  of  the  street,  and  curb  and  \ngutter  systems  are  not  needed.  All  photos  by  \nLaura Sheely. \n \n \n \n \n\n \n \nDesign Considerations \n• Disconnected areas should be graded so that stormwater runoff becomes sheet \nflow  and  is  directed  to  a  vegetated  filter  strip,  bioretention  basin,  or  pervious  \nlandscaped areas for treatment. \n• Disconnection can also reduce the calculated peak discharge rate by increasing \nthe time of concentration. \n• Lower  runoff  velocities  will  result  in  greater  contact  time  with  the  soil,  \npotentially increasing the runoff volume lost to infiltration. \n• Factors   influencing   runoff   velocity   include   slope   and   surface   roughness.   \nDecreasing  the  slope  and  increasing  surface  roughness  will  reduce  the  runoff  \nvelocity.  The  time  of  concentration  can  also  be  incre"
}