{
  "slug": "deer-creek-watershed-plan-2008",
  "source": "Deer_Creek_Watershed_Plan_2008.pdf",
  "length": 97775,
  "part": 5,
  "text": "activities on Deer Creek \nBenefit \n• \nWill increase awareness about improvements on Deer Creek and its importance to\n local quality of life \nParticipant \nActivity \nSchedule \nBudget \nContacting communities about wher\ne to install signs \nDone \n$0 \nDeer Creek \nWatershed \nAssociation \nSoliciting funds for signs and installa\ntion from Mississippi’s Partners for \nFish and Wildlife program and for help designing the Deer Creek signs \nDone                      $0                      \nMake signs \nDone \n$18,000 \nUS Fish and \nWildlife Service – \nFish and Wildlife \nPartners Program \nInstall signs \nDone \n \n  \nFINAL DRAFT \nMarch 18, 2008\n4-6\n\nTable 4.3. Deer Creek Clean-Up Days. \n \nManagement \nAction\n \nDeer Creek Clean-Up Days in Metcalfe, Leland, \nArcola, Hollandale, Anguilla, and Rolling Fork \nObjectives\n \n• \nRemove all chemical containers \n• \nRemove 90% of trash associated with \nincorporated areas along Deer Creek \n• \nRemove 70% of trash from unincor\nporated areas along Deer Creek \nPerformance \nMeasure \n• \nSee objectives above \nBenefits \n• \nReduce health hazards \n• \nImprove instream habitat \n• \nImprove public image of Deer Creek \nParticipant \nActivity \nSchedule \nBudget \nSolicit sponsors for the Clean-Up Day in each community, as well as for the unincorporated areas Transportation of volunteers Identify leaders for volunteer groups Assign volunteer groups to areas of Deer Creek Provide refreshments/food for volunteers Advertisement of Clean-Up Day Promote media coverage Entertainment for volunteers Solicit prizes for volunteer accomplishments (e.g., most trash collected) Develop volunteer guidelines\n (e.g., adults only, wear\ning protective gear to \nremove chemical containers) Provide equipment for volunteers (e\n.g., trash bags/containers, gloves, \nsunscreen, hats) \nNatural Resources \nConservation \nCommission \nResource \nConservation & \nDevelopment, \nMDEQ, \nWashington County \nBoard of \nSupervisors \nTransportation and disposal of collected trash \nAnnually                 TBD                 \n \nFINAL DRAFT \nMarch 18, 2008\n4-7\n\nTable 4.4. Deer Creek essay contest. \n \nManagement \nAction\n \nEssay contest among Deer Creek schools on the subject of Deer Creek \nObjectives\n \n• \nAnnual contest with scholarship prize \n• \nParticipation of all Deer Creek schools \n• \nMinimum of two essays submitted per school \n• \nLocal media coverage of contest and winner \nPerformance \nMeasures \n• \nAt least eight sc\nhools participating \n• \nAt least two essays from each school \n• \nAt least one news story \nabout contest and winner \nBenefits \n• \nIncreased local interest in Deer Creek and its positive aspects \n• \nIncreased local awareness of the potential and existi\nng contributions Deer Creek makes to quality of life \n• \nIncreased local interest in and \nawareness of restoration and impr\novement work ongoing and planned for \nDeer Creek \nParticipant \nActivity \nSchedule \nBudget \nDCWA \nRaise prize money \nJanuary - October \nDCWA \nAdvertise for essay submittals (including contest rules) \nOctober \nDCWA \nArrange for essay j\nudges \nSeptember - October\nDCWA           Collect           essays           \nNovember           30           \nVolunteers         Judge         essays         \nDecember         \nDCWA \nAnnounce contest winner \nDecember \nDCWA \nSubmit press releases \nabout contest and winner to local news media \nDecember \nDCWA \nTransfer of prize money to \nselected college/university \nJanuary \nTBD \n  \nFINAL DRAFT \nMarch 18, 2008\n4-8\n\nTable 4.5. Deer Creek float contest. \n \nManagement \nAction\n \nFloat contest among Deer Creek school\ns on subject related to Deer Creek \nObjectives\n \n• \nAnnual contest with school prize \n• \nParticipation of all Deer Creek schools \n• \nLocal media coverage of contest and winner \nPerformance \nMeasures \n• \nAt least five schools participating \n• \nAt least one news story \nabout contest and winner \nBenefits \n• \nIncreased local interest in Deer Creek and its positive aspects \n• \nIncreased local awareness of the potential and existi\nng contributions Deer Creek makes to quality of life \n• \nIncreased local interest in and \nawareness of restoration and impr\novement work ongoing and planned for \nDeer Creek \nParticipant \nActivity \nSchedule \nBudget \nDCWA \nRaise prize money \nJanuary – October \nDCWA \nAdvertise float contest, \nincluding contest rules \nOctober \nDCWA \nTransfer money for float materi\nals to participating schools \nOctober \nDCWA \nArrange for float j\nudges \nSeptember – October \nDCWA \nDue date for floats \nNovember 30 \nVolunteers        Judge        floats        \nDecember        \nDCWA \nAnnounce contest winner \nDecember \nDCWA \nSubmit press releases about contest \nand winner to local news media \nDecember \nDCWA \nTransfer prize money to winning school \nDecember \nTBD \n  \nFINAL DRAFT \nMarch 18, 2008\n4-9\n\nTable 4.6. Deer Creek website. \n \nManagement \nAction\n \nCreate and maintain website for public\n access to information about Deer \nCreek and the associated planned \nand ongoing work \nObjectives\n \n• \nCreate Deer Creek website \n• \nProvide at least quarterly updates of information on website \n• \nMaintain website for at least five years \nPerformance \nMeasures \n• \nWebsite up \n• \n30 website hits per month \n• \nQuarterly updates \nBenefits \n• \nIncreased local interest in and \nawareness of restoration and imp\nrovement work ongoing and planned \nfor Deer Creek \n• \nEasy point of access for information usef\nul for education and \noutreach activities \nParticipant \nActivity \nSchedule \nBudget \n \nGather information about Deer Cr\neek and Deer Creek projects \nTBD \n \nSelect service/person to design, \ndevelop, and maintain website \nTBD \n \nWebsite design and development (inc\nluding testing and modification) \nTBD \n \nUpdate information on website \nQuarterly \n \nWebsite maintenance (including pr\noblem solving, updating information, \nand upgrading programming as required) \nTBD \nTBD \n  \nFINAL DRAFT \nMarch 18, 2008\n4-10\n\nTable 4.7. Deer Creek Watershed Association newsletter. \n \nManagement \nAction\n \nPublish a newsletter about Deer Creek \nand Deer Creek projects and activities \nObjective\n \n• \nPublish (annual/semi-annual/quarterly) Deer \nCreek newsletter for at least 5 years \nPerformance \nMeasures \n• \nAt least two issues\n published per year \n• \nAt least 250 copies produced \n• \nAt least 250 copies mailed/re\nquested/picked up/distributed \nBenefit \n• \nIncreased local interest in and \nawareness of restoration and impr\novement work ongoing and planned for \nDeer Creek \nParticipant \nActivity \nSchedule \nBudget \n \nSelect service/person(s) to \ndesign and publish newsletter \nTBD \n \nSelect service/person(s) to create and maintain distribution/mailing list \nTBD \n \nSelect service/person(s) to gather in\nformation for newsletter issues, write \narticles for newsletters, \nand manage/edit newsletters \nTBD \n                  Newsletter                  design                  \nTBD                  \n                  Newsletter                  publication                  (including                  \nlayout design and production) \nTBD \n                  Newsletter                  distribution                  \nTBD                  \n \nConfirm/update distribution/mailing list \nAnnually \nTBD \n  \nFINAL DRAFT \nMarch 18, 2008\n4-11\n\nTable 4.8. Media coverage. \n \nManagement \nAction\n \nMedia coverage of Deer Creek and Deer Creek projects and activities \nObjective\n \n• \nPublication/or airing of at least \ntwo news stories on Deer Creek and/\nor Deer Creek pr\nojects and/or \nactivities per year, in addition to\n media coverage of contests \nPerformance \nMeasures \n• \nAt least two articles published \n• \nAt least two stories aired \n• \nAt least 500 people reached (recei\nving published material or wa\ntching/hearing stories aired) \nBenefit \n• \nIncreased local interest in and \nawareness of restoration and imp\nrovement work ongoing and planned \nfor Deer Creek \nParticipant \nActivity \nSchedule \nBudget \n \nWrite and send out press releases and/or call media \nTBD \n \nWrite and submit articles \nTBD \n                    Arrange                    interviews                    \nTBD                    \nTBD \n  \nFINAL DRAFT \nMarch 18, 2008\n4-12\n\nTable 4.9. Watershed Coordinator. \n \nManagement \nAction\n \nWatershed Coordinator \nObjective\n \n• \nCreate a Watershed Coordinator position for Deer Creek \nPerformance \nMeasures \n• \nWatershed Coordinator hired \n• \nCoordination procedures devel\noped, implemented, and tracked \nBenefit \n• \nWatershed Coordinator will act as a liaison among \nthe watershed communities and the agencies and \ngroups active in the Deer Creek watershed, including education and outreach, research of the historical significance of Deer Creek, e\nducating the public, and improving Deer Creek’s public image \nParticipant \nActivity \nSchedule \nBudget \nDeer Creek \nWatershed \nAssociation \nPut together a committee to work with agencies and nonprofit organizations in creating the Watershed Coordinator position \n2008 \nDevelop a position description includ\ning expectations and objectives \n2008 \nDevelop terms for the position includi\nng salary, length of time, terms for \ndismissal, evaluation criteria, evalua\ntion schedule, evaluation procedures, \nand terms for hiring (e.g., majority vote) \n2008 \nAcquire funding for the Watershed Coor\ndinator salary and maintenance of \nan office \n2009 \nLocate and outfit an office for the Watershed Coordinator \n2010 \nAdvertise and interview a\npplicants for the Watershe\nd Coordinator position \n2010 \nDeer Creek \nWatershed \nAssociation \nExecutive \nCommittee \nHire the Watershed Coordinator \nTBD \nTBD \n  \nFINAL DRAFT \nMarch 18, 2008\n4-13\n\nTable 4.10. Environmental Education Coordinator. \n \nManagement \nAction\n \nEnvironmental Education Coordinator \nObjective\n \n• \nCreate a Deer Creek Education and Outreach Committ\nee to coordinate, track, evaluate and report on \neducation and outreach activities associated with Deer Creek \nPerformance \nMeasures \n• \nAt least four committee members selected \n• \nAt least three committee meetings per year \n• \nCommittee annual report to DCWA on activities \nBenefits \n• \nProvide a resource for those involved in education a\nnd outreach activities associated with Deer Creek \n• \nEnsure planned education and outreach activities occur to maintain public interest and awareness of Deer Creek, its issues, and the work being done to resolve those issues \nParticipant \nActivity \nSchedule\nBudget \n \nDevelop committee rules (including committee structure, how me\nmbers are selected/elected, \nlength of term, conditions of me\nmbership) and responsibilities \nTBD \n              Select/elect              committee              members              \nTBD              \n \nSchedule and hold regular meetings \nTBD \n \nWrite up meeting minutes and provide to newsletter staff \nTBD \n \nWrite up annual report and provide \nto DCWA and news\nletter staff \nTBD \n \nDefine requirements and responsibilities of Environmental Education Coordinator position \nTBD \nTBD \n  \nFINAL DRAFT \nMarch 18, 2008\n4-14\n\nTable 4.11. Information repository. \n \nManagement \nAction\n \nEstablish information repository \nObjective\n \n• \nEstablish a location to house in\nformation regarding Deer Creek \nand the restoration work being \nconducted to improve it \nPerformance \nMeasure \n• \nLibrary collection esta\nblished and accessible \nBenefit \n• \nHaving a single location/source for information about\n Deer Creek and the ongoi\nng restoration work in \nthe watershed will simplify education and outreach \nParticipant \nActivity \nSchedule \nBudget \nContact communities to determine if one\n of the community libraries would \nbe willing to house information regarding Deer Creek \n2008 \nDevelop a grant to fund the Deer Creek clearinghouse \n2009 \n \nWork with the community library \nto set up the repository \nMarch 2010 \nTBD \n  \nFINAL DRAFT \nMarch 18, 2008\n4-15\n\nFINAL DRAFT \nMarch 18, 2008 \n \n \n \n5-1 \n5.0 EVALUATION \n \n5.1      Monitoring      \nAn important element of watershed management is monitoring of appropriate indicators \nto determine if the activities implemented have had the desired effect. MDEQ collects water \nquality data from Deer Creek near Hollandale, Mississippi. Data from this program will be useful \nfor identifying changes in water quality resulting from management activities upstream of \nHollandale. Table 5.1 is a summary of the monitoring methods and indicators planned related to \nthe management actions (described in Chapter 3) and the education and outreach activities \n(described in Chapter 4). \n \n5.2 Assessment of Progress \nImplementation milestones and schedules have been developed for the management \nactions and education and outreach activities described in this plan. This information is \nsummarized in Table 5.2 for use in tracking and evaluating implementation of this plan. For \nimplementation to be considered successful, all activity milestones must be met on time. \nThe Implementation Team will meet quarterly to review progress on achieving the \nmilestones and make needed adjustments to the schedule. Each Team member serves as the chair \nfor one of the major management categories, such as health hazards, erosion and sediment, etc. \nThere is a subcommittee associated with each of these categories to ensure that the planned \nmanagement actions are implemented. \n \n5.2.1   Evaluation   of   Management   Actions and Education/Outreach \nActivities \nSpecific management action goals and/or expectations are described in Chapter 3. \nSpecific goals and/or expectations for education and outreach activities are described in \nChapter 4. If the activity goals are not met, the causes behind the failure to meet the goals will be \ndetermined. In addition, the plan activities will be evaluated with regard to information and \nknowledge about Deer Creek and its watershed that has been gained since the existing plan was \ndeveloped, as well as any relevant physical changes in the watershed or changes in policy \n\nFINAL DRAFT \nMarch 18, 2008 \n \n \n \n5-2 \naffecting Deer Creek. Implementation of the activities will be reevaluated in light of all of this \ninformation on a quarterly basis, as discussed above. \n \n5.3 Evaluation of Plan \nSpecific management action schedules toward achieving the vision for Deer Creek and its \nenvirons are described in Chapters 3 and 4 and summarized in Table 5.2. If the schedules are not \nbeing met, the causes behind the failure to meet the goals will be determined, and actions will be \ntaken. \n \n\nFINAL DRAFT \nMarch 18, 2008 \n \n \n \n5-3 \n \n \n \nTable 5.1. Monitoring activities. \n\nFINAL DRAFT \nMarch 18, 2008 \n \n \n \n5-4 \n \n \n \nTable 5.1. Continued. \n\nFINAL DRAFT \nMarch 18, 2008 \n \n \n \n5-5 \nTable 5.2. Summary of management action milestones and schedules. \n \nAction Milestones Schedule \nReview aerial photography to identify areas of concern March 2008 \nTechnical assistance with planning and conducting survey March – June 2008 \nPut together and train two survey teams June 2008 \nStream survey August 2008 \nDeer Creek \nSurvey \nPrepare survey reports November 2008 \nEvaluate aerial photography from 2002 for evidence of failing \nseptic systems \nMarch 2008 \nConfirm failing systems identified from aerial photography October 2008 \nProvide landowners with information on repair options December 2008 \nFollow up to ensure systems are repaired October 2009 \nRepair of Failed \nSeptic Systems \nand Elimination of \nDirect Discharges \nSewage Summit April 2008 \nAs part of Deer Creek survey, investigate/confirm areas of head-\ncutting to determine cause \nAugust 2008 \nDevelop and submit grant proposal for funding to fix failed \nculverts causing head-cutting \nOctober – December 2008\nWork with Natural Resources Conservation Commission or county \nengineers’ offices to design and install replacement culverts under \nfield or county roads \nJune – August 2009 \nRepair Head-Cuts \nand Failing \nCulverts \nAdminister funds and document change in erosion and sediment \nloading to Deer Creek following installation/repair of culverts and \nBMPs \nSeptember 2009 – \nSeptember 2012 \nInvestigate/confirm areas of bank erosion to determine cause \nduring Deer Creek survey \nAugust 2008 \nDevelop and submit grant proposal for funding to stabilize banks, \nincluding maintenance \nOctober – December 2008\nInstall bank stabilization BMPs June – October 2009 \nAdminister funds and document change in erosion and sediment \nloading to Deer Creek following installation of BMPs \nOctober 2008 – \nSeptember 2012 \nBank Stabilization \nMaintain bank stabilization BMPs October 2009 on \nInvestigate/confirm communities where aquatic weeds occur in \nDeer Creek \nContact communities identified \nDevelop training program \nDevelop funding for training \nAquatic Weed \nControl Training \nPresent training program \n2009 – 2015 \nIdentify and prioritize area sources contributing organic matter and \nnutrients to Deer Creek \nSpring 2009 \nContact landowners about installing BMPs Summer 2009 \nPrepare proposals for BMP funding Fall 2009 \nImplement BMPs Spring 2010 \nImplement \nIn-Field Sediment \nBMPs \nMonitor BMPs Fall 2010 to Fall 2015 \nDesign and plan fish tissue survey March – July 2008 \nCollect fish tissue samples August 2008 \nAnalyze fish tissue samples \nSeptember 2008 – \nMarch 2009 \nDeer Creek Fish \nTissue Pesticide \nSurvey \nProvide summary report and fact sheet to DCWA 2009 \n\nFINAL DRAFT \nMarch 18, 2008 \n \nTable 5.2. Continued. \n \n \n \n5-6 \nAction Milestones Schedule \nDesign and plan survey March – July 2008 \nConduct survey August 2008 \nAnalysis of samples \nSeptember 2008 – \nMarch 2009 \nPrepare and submit survey report  2009 \nDeer Creek \nSediment \nPesticide Survey \nPrepare and submit fact sheet 2009 \nMonitor Deer Creek flows 2008 – 2011 \nEstablish minimum flow based on flow and water quality \nmonitoring \n2012 \nEstablish \nMinimum Flow \nfor Deer Creek \nMonitor, permit, and regulate water withdrawals from Deer Creek 2012 \nIdentify and contact two communities with potential to develop \nwalking trails along Deer Creek \nSummer 2008 \nEstimate the effort and cost associated with developing and \nmaintaining trails \nFall 2008 \nApply for funds to construct walking trails Winter 2008 – 2009 \nConstruct walking tra"
}