{
  "slug": "overcup-slough-watershed-plan-2013",
  "source": "Overcup_Slough_Watershed_Plan_2013.pdf",
  "length": 100087,
  "part": 4,
  "text": "rade, \nthey are still found in soils, sediments, and living organisms in the Delta. Recent measurements \nof concentrations of DDT and Toxaphene in fish tissue collected from the Delta indicate that \nconcentrations of these pesticides are decreasing (MDEQ 2001). This suggests that the residual \nDDT and Toxaphene is finally degrading. \n \n \n \n \n \n \n \n \n \n \n \n \n \n \n \n \n \n \n \n \n \n \n \n \n \n \n \n \n \n \n \n \n \n \n \n \n \n \n \n \n \n \n \n \n \n \n \n \n \n4-  9\n\n \n \n \n \n \n \n \n5.0 RESTORATION AND PROTECTION GOALS \n \n \n \n5.1   Water Quality  \n \nThe restoration and protection goals for the Overcup Slough watershed are based, in part, on \nthe goal of the Delta Nutrient Reduction Strategy; which is answering the following questions: \n \n1.     What percent reduction of sediment, nitrogen, and phosphorus loading is possible? \n2.     What do the sediment, nitrogen and phosphorus load reductions cost? \n3.     What are the benefits of these load reductions for stakeholders? \n4.      What nutrient load reductions will protect Delta water quality and the Gulf of Mexico? \n \n \n5.2   Water Quantity \n \n  The restoration and protection goals for the Middle Porter Bayou Watershed are also based partly \non  the goals of the Mississippi Delta  Sustainable Water Resources Imitative, some of which \ninclude the following questions:  \n \n1.     How much groundwater recharge is possible in the watershed? \n2.      How much groundwater savings can be achieved with voluntary conservation measures? \n3.      How much groundwater savings can be achieved through the development and use of surface \n water resources in the watershed? \n \n \n \n \n \n \n \n \n \n \n \n \n \n \n \n \n \n \n \n \n \n5-  1\n\n \n \n \n \n \n \n \n \n6.0 TARGETING AND PRIORITIZATION \n \n \n \nBMPs are being planned for implementation in the Overcup Slough watershed through several \n projects. The prioritization and targeting approaches used for these projects are described below. \n \n \n \n6.1   Delta Nutrient Reduction Strategy \nNutrient loading in agricultural runoff varies by region, watershed, and individual field. \nThe nutrient cycle in an agricultural watershed is extremely complex with many inputs and \nvariables. To fully address the issue, a comprehensive approach must be used to ensure that all \nfactors are considered. As part of the Delta Nutrient Reduction Strategy, the Site \nCharacterization Work Group was tasked with developing a strategy to prioritize agricultural \nsystems for nutrient reduction. \nUsing this strategy, systems within the Overcup Slough watershed were classified based on \nsoil type, cropping practices, and existing drainage infrastructure. Soils were classified as heavy \n(clays), medium (l oams) light (sandy loams), and mixed (clay, loam, and sandy loams found in \nclose proximity due to ridge and swale topography). Cropping practices were initially classified \nas irrigated or dry land, and then by crop type - soybeans, rice/soybean rotation, c  otton, or \ncorn. Drainage infrastructure was classified as developed or undeveloped. Developed land \ntypically consists of leveled or precision graded fields with pipes, pads, and tailwater ditches, or \nridge and swale land that has been shaped to facilitate furrow irrigation. Undeveloped land \nincludes areas with significant ridge and swale and/or that are subject to frequent flooding. These \nareas are not developed because the development cost exceeds potential benefits. \n Project sites within the Overcup Slough watershed will be selected for implementation of \nnutrient reduction BMP's (figure 6.1) These proposed sites are characteristic of systems that are \nrepresentative of the agricultural landscape throughout the Overcup Slough watershed. . \n \n \n \n \n \n \n \n \n     6-  1\n\n \n \n \n \n \n \n \n \n6.2   Mississippi River Basin Initiative - Cooperative Conservation Partnership \nInitiative \nCatchments with active or planned water quality monitoring will be given priority to \nreceive funds under the Mississippi River Basin Initiative – Cooperative Conservation \nPartnership Initiative (MRBI-CCPI) program. Producers must submit applications for funding to \nthe Coahoma C ounty NRCS office. \n \n \n \n6.3   Mississippi River Basin Initiative- Wetland Reserve Enhanced Program \nAreas within the Overcup Slough watershed will be prioritized for wetland restoration based \non gaps in waterfowl and wildlife habitat, existence of Wetland Reserve Program (WRP) contracts and  \nproducer willingness to participate in WRP. Ranking criteria for high priority restoration and \nenhancement projects, developed by DW and MDWFP, include factors such as location, riparian \nbuffers, water availability, proximity to other waterfowl habitat, and connectivity with surrounding \nhabitat. The Forest Breeding-Bird Decision Support Model results will also be considered as part of the \nprioritization process. In consultation with local NRCS staff, these ranking criteria will be used to help \nprioritize sites for WRP contracts. \n \n \n \n \n \n \n \n \n \n \n \n \n \n \n \n \n \n \n \n \n \n \n \n \n \n \n \n \n \n \n \n \n6-  2 \n\n \n \n \n \n \n \n \n \n        Figure 6.1 Overcup Slough Potential BMP Opportunities \n \n \n \n \n \n \n \n6-  3 \n\n \n \n \n \n \n6.4    Harris Bayou Drainage District Projects \nThe Harris Bayou Drainage District (HBDD) conducts annual maintenance primarily in the \nwaterway and floodway of Overcup Slough. Sediment and trash accumulation are the primary problems \nwithin the drainage district ditches. These problems lead to poor drainage and flooding in portions of the \nwatershed. HBDD has ongoing projects to address these concerns but lack the financial means to \ncontinually address trouble spots.  \n  \n \n \n \n \n \n \n \n \n \n \n \n \n \n \n \n \n \n \n \n \n \n    \n        \n      \n6-  4\n\n \n \n \n \n \n \n \n7.0 MANAGEMENT \n \n \nThere are two underlying management principles of this WIP: ecosystem-based \nmanagement and adaptive management. The goals and objectives of this plan reflect these \nprinciples. Each of these management principles is briefly described below, followed by \nwatershed management actions that are planned for the near future to work toward the vision for \nOvercup Slough. Goals related to other existing or potential concerns in this watershed will be \naddressed in future implementation plans. \n \n \n \n7.1   Ecosystem-Based Management \nAn ecosystem-based approach is being used for watershed management in the Overcup   \nSlough watershed. Overcup Slough and its watershed represent the ecosystem management unit. \nAlthough bayous and lakes are typically considered the ecosystem, water bodies and their \nwatershed are inexorably coupled. Land use and land cover activities in the watershed directly or \nindirectly affect the water body. Sediment and nutrient loadings from the watershed drive many \naquatic ecosystem processes, including both desirable and undesirable changes in the water \nbody. The ecosystem, however, is characterized not only by its environmental attributes, but also \nby its socioeconomic attributes. Humans are part of, not apart from, aquatic ecosystems. \nWatershed management is fundamentally a social activity (Thornton and Creager 2001). \nThe benefits that accrue from reduced sediment and nutrient loadings to water bodies in \nthe Overcup Slough watershed are not just in terms of increased water clarity, reduced \nsedimentation, increased water quantity, reduced flooding, reduced algal blooms, a more \nproductive sport fishery, and greater recreational and aesthetic values. The agricultural \ncommunity also benefits from reduced sediment and nutrient loadings. For example, Pimentel et al. \n(1995) estimated that each ton of soil lost to erosion was worth about $6.75 per year to the \nfarmer ($5.00 per ton for lost nutrients, and $1.75 per ton for lost soil and water capacity). The \nDelta sediment TMDL estimates that at least 0.007 tons per acre per day of sediment is lost from \nDelta watersheds. Based on this loss rate, just over approximately 44,000 tons of soil are lost \nfrom the Overcup Slough watershed each year (17,378 acres x 0.007 x 365), and the minimum \nestimate of dollars lost from the watershed is about $297,000 per year (44,000 x $6.75). \n \n \n \n \n \n7-  1\n\n \n \n \n \n \n \n \n \nThese estimates are very conservative because they are based on yield from the watershed, not loss from \nthe fields (field losses are higher than delivery to the waterbody). \n \n \n \n7.2   Adaptive Management Process \nIn addition to ecosystem-based management, an adaptive management process is being \nused for watershed management in the Overcup Slough watershed. Adaptive management is \n“learning by doing” and has become the recommended approach for ecosystem and natural \nresources management, including watershed management (Christensen et al. 1996; Holling 1978; \nJackson et al. 2001). Adaptive management has helped shift management from the concept that \nthere is a “balance of nature” to a more realistic concept that ecosystems are dynamic, non- \nequilibrium systems. The environment is continually changing – climate, development, \nagricultural practices, demographics, and societal values. Adaptive management is the only \nfeasible approach for moving toward sustainable water resources (Coleman 1998). \nAdaptive management, or learning by doing, means that periodic assessments must be \nmade to determine if results-based criteria are being attained and if the water bodies and \nwatershed are moving toward the desired vision for Overcup Slough and its watershed. The \nschedule for these periodic assessments and revision of the watershed management plan is \ndiscussed in Chapters 9 and 10. The rotating basin approach used by MDEQ is part of this \nperiodic assessment process. \n \n \n7.3   Planned activities \nThere are two key factors in this watershed that dictate which BMPs will be successful, \nirrigation and development. With development comes an increased financial investment by the \nlandowner. As land cost increases, landowner willingness to take land out of production to \nimplement BMPs decreases. This scenario calls for larger BMPs to be implemented in \nundeveloped areas that will treat runoff from upstream, developed areas. The less developed \nareas of the watershed are characterized by ridge and swale topography and there are more \n \n \n \n \n \n \n \n \n \n7-  2\n\n \n \n \n \n \n \n \n \nopportunities for BMP implementation. Low-lying swales are suitable for treatment wetlands, \nwhile unimproved drainage ditches are prime candidates for low grade weirs, tail water recovery \nsystems, and other BMPs. \nIrrigation, particularly of rice, introduces an additional factor into the nutrient equation. \nNon-storm flows in most Delta streams naturally decrease during the summer months due to less \nrainfall. Irrigation water supplements these non-storm flows and often provides a constant source \nof runoff throughout the growing season. Although increased non-storm flows benefit many \naspects of stream health and water quality, it also reduces the ability of some BMPs to trap \nnutrients. For example, multiple low grade weirs are designed to trap and pool runoff, allowing \nbiological transformations to occur. With a steady non-storm flow the utility of these in-stream \nBMPs can be diminished. To effectively treat this type of runoff, BMPs should be capable of \ntreating or reusing large volumes of water. Therefore, for areas of the watershed characterized by \nboth development and irrigation, the primary BMPs will be tail water recovery systems, on farm \nwater storage reservoirs, and treatment wetlands. \n Given these considerations, the management practices currently targeted for the Overcup Slough \nwatershed include: \n \n• Nutrient and sediment BMPs, \n• Enroll marginal agricultural lands in wetland restoration programs, \n• Water management projects \n• Water quantity projects \n \n \n  \n7.3.1 Nutrient and Sediment BMPs \n \n Overcup Slough has been targeted for monitoring and installation of BMPs to reduce nutrient and \nsediment loads in cropland runoff. Specific nutrient and sediment BMPs that will be installed include:  \n \n \n \n \n \n \n \n \n \n \n \n7-  3\n\n \n \n \n \n \n \n \n \n \n• Low-grade weirs, \n• Irrigation tailwater recovery systems, \n• Irrigation land leveling, \n• Underground irrigation pipeline, \n• Grade stabilization structures, \n• Two stage ditches, \n• Grassed waterways, \n• Dropped inlet structures, \n• Input management, and \n• Conservation easements. \n \n \nThese BMPs are discussed below. \n \n \n \n7.3.1.1 Low-grade Weirs \nInstallation of low-grade weirs in agricultural drainage ditches can improve water quality \nthrough removal of sediment and nutrients. The weirs slow flow during storm events and allow \nsediment to be deposited. In addition, holding water in the ditches behind the weirs creates \nenvironments that encourage biogeochemical transformation of nutrients, as well as contribute to \ngroundwater recharge (Kroger et al 2008a). One study in the Delta determined that low-grade \nweirs reduced annual phosphorus loads from cropland runoff by over 40% (Kroger et al. 2008). \nLow-grade weirs will be installed in ditches t   hroughout the watershed as funding allows through various \ncost share programs. (Figure 7.1). Table 7.1 provides additional information about installation of low-\ngrade weirs in the  Overcup Slough watershed. \n \n \n \n \n \n \n \n \n \n \n \n \n \n \n \n \n7-  4\n\n \n \n \n \n \n \n \n \n \n \n \n \n \n \n \n \n \n \n \n \n \n \n \n \n \n \n \n \n \n \n \n \n \n \n \n \n \n \n \n \n \n \n \n \n \n \n \n \n \n \n \n \n \n \n \n \n \n \n \n \n \n \n \n \n \nFigure 7.1.   Proposed Locations for Low-Grade Weirs (black) \nin Overcup Slough Catchments \n \n \n \n \n \n \n \n \n7-  5\n\n \n \nTable 7.1. Implement Low Grade W\neirs\n \n \n \n \n \n \n \n \n \n \n \n \n \n \n \n \n \n \n \n \n \n \n \n \n \n \n \n \n \n \n \n \n \n \n \n \n \n \n \n \n \n \n \n \n \n \n \n \n \n \n \n \n \n \n \n \n \n \n \n \n \n \n \n \n \n \n \n \n \n \n \n \n \n \n \n7-  6\n\n \n \n \n \n \n \n \n \n7.3.1.2 Pads and Pipes \nPad and pipe systems control field runoff to reduce erosion and sediment delivery to \ndownstream waters. The pad (a dike) routes flow through the pipe to provide an non-erodible \nroute for runoff as an alternative to unlined ditches or gullies. This practice has been classified \nby the Mississippi NRCS as having the potential to decrease sediment loads slightly to significantly.\n6\n  \nThis practice is not expected to significantly affect nutrient loads, except for phosphorus associated with \nsediment loads.\n7\n Pad and pipe systems have already been installed in Overcup Slough by some \nproducers in the watershed. However, there is potential for installation in additional locations throughout \nthe Overcup Slough watershed (Figure 7.1). These systems could be designed and installed by the \nlandowner, with assistance from Delta F.A.R.M or NRCS. Financial assistance for installation and \nmaintenance of these systems may be provided by through the EPA Section 319 grant funds, NRCS cost \nshare programs, or privately funded by the landowner or producer. See Table 7.2 for details of the plans \nfor installing these systems in the Overcup Slough catchment. \n \n \n7.3.1.3 Irrigation Tailwater Recovery Systems \nTailwater recovery systems collect irrigation runoff water for reuse. This makes for more \nefficient use of irrigation water. Holding runoff water, such as in a collection pond, allows \nsediment to settle out, and creates environments that encourage biogeochemical transformation \nof nutrients, as well as contribute to groundwater recharge. In addition to water use management \nand water quality improvement, tailwater recovery ponds can benefit several of the species of \nconcern identified in Section 3.3. Tailwater recovery systems are planned for the watershed and will be \ninstalled where suitable. (Figure 7.2). The systems will be designed to recover drainage from cropland in \nthe watershed. Systems may be designed and installed by the landowner with assistance from NRCS and \nDelta F.A.R.M.  Financial assistance for installation of systems may be available from NRCS programs \nand/or EPA 319 grant funds. See Table 7.3 for details of the plans for installation of tailwater recovery \nsystems in Overcup Slough watershed. \n \n \n \n \n \n \n6\n http://efotg.sc.egov.usda.gov/references/public/MS/ms-cppe-soil_706.PDF accessed  \n7\n http://www.nrcs.usda.gov/technical/standards/nhcp.html accessed  \n \n \n \n \n7-  7\n\n \n \n \n \n \n \n \n \n \n \n \n \n \n \n \n \n \n \n \n \n \n \n \n \n \n \n \n \n \n \n \n \n \n \n \n \n \n \n \n \n \n \n \n \n \n \n \n \n \n \n \n \n \n \n \n \n \n \n \n \n \n \n \nFigure 7.2. Irrigation Tailwater Recovery System Possible Locations (Blue) \n \n \n \n \n \n \n \n \n \n \n \n7-  8\n\n \n \nTabl\ne 7.2. Implement Pads and Pipes\n \n \n \n \n \n \n \n \n \n \n \n \n \n \n \n \n \n \n \n \n \n \n \n \n \n \n \n \n \n \n \n \n \n \n \n \n \n \n \n \n \n \n \n \n \n \n \n \n \n \n \n \n \n \n \n \n \n \n \n \n \n \n \n \n \n \n \n \n \n \n \n \n \n \n7-  9\n\n \n \nTable 7.3. Implement Irrigation Tailwater Recovery Systems\n \n \n \n \n \n \n \n \n \n \n \n \n \n \n \n \n \n \n \n \n \n \n \n \n \n \n \n \n \n \n \n \n \n \n \n \n \n \n \n \n \n \n \n \n \n \n \n \n \n \n \n \n \n \n \n \n \n \n \n \n \n \n \n \n \n \n \n \n \n \n \n \n \n \n \n7-  10\n\n \n \n \n \n \n \n \n \n7.3.1.4 Irrigation Land Leveling \nThis practice involves modifying the shape of the land to planned grades that permit \nuniform and efficient application of irrigation water, reduce erosion and water logging, and \nprovide for adequate drainage and is often implemented in conjunction with pads and pipes. Land \nleveling is an eligible practice for the NRCS, MRBI-CCPI and EQIP programs. See Table 7.4 for  \ndetails of the plans for implementing this practice in the Overcup Slough watershed. \n \n \n7.3.1.5 Underground Irrigation Pipeline \nThis practice involves installing low pressure, underground plastic pipeline for the \nconveyance of water for irrigation. Use of underground pipe can reduce erosion and water loss, \nand is a necessary component of other practices such as land leveling and tailwater recovery.  \nInstallation of underground irrigation pipe is an eligible practice for the NRCS, MRBI-CCPI and EQIP \nprograms. Based on historical averages, it is estimated that approximately 20,000 feet of low pressure, \nunderground, plastic pipe will be installed for irrigation water in the Overcup Slough watershed. See \nTable 7.5 for details of the plans for installing underground irrigati"
}