{
  "slug": "red-bud-catalpa-creek-watershed-phase-1-plan-2017",
  "source": "Red_Bud_Catalpa_Creek_Watershed_Phase_1_Plan_2017.pdf",
  "length": 155791,
  "part": 4,
  "text": "its incorporation to further expand learning about hydrology, \nstream modification, erosion and other physical factors at work in watersheds.   \n \n\nImplementation Plan for the Red Bud-Catalpa Creek Watershed Phase 1_2/28/17 37 \n \nEducators will also be asked to participate in surveys of their knowledge and perceptions of \nwatershed issues to allow for development and/or modification of curricula to meet \neducational needs.  \n \nAgents’ Professional Development.  Natural resources agents and personnel with groups such \nas the Natural Resources Conservation Service and the Extension Service interface with private \nland owners on conservation and management of natural resources. Watershed protection \nwithin agricultural settings remains a priority, yet not all of those tasked with working with the \npublic are fully informed of the challenges associated with watershed protection and/or \nrestoration and the diversity of conservation options available to mitigate issues.  Providing \ncurrent, research-based information on causes of watershed degradation, methods for \nrestoration (e.g., best management practices, incentive programs) and benefits of sound \nenvironmental stewardship will promote change and enhance the adoption and \nimplementation of sound management practices. \n \nCivic Leader Outreach.  Municipal and campus development in the headwaters of Catalpa \nCreek Watershed contributes to impairments in the watershed and to storm water \nmanagement issues. Engaging civic leaders will be imperative in alleviating pressures on Catalpa \nCreek. This project proposes to host at least one meeting with relevant city leaders to identify \ntheir familiarity with watershed concerns and to inform them of available options for \naddressing the issues of concern. \n6.3 PARTICIPANTS, ROLES, AND AFFILIATIONS \n \nTable 6.3.1 identifies the participants, roles, and affiliations of the Technology Transfer, \nEducation/Outreach and Public Relations Team. \nTable 6.3.1 \nParticipants, Roles, and Affiliations \nName Role Department/Affiliation \nBaker, Beth water quality \nevaluation/outreach \nWildlife, Fisheries and Aquaculture/Extension Service, \nMSU \nBurger, Leslie conservation/ \nenvironmental education \nWildlife, Fisheries and Aquaculture/Extension Service, \nMSU \nCade, Wally soil conservation \noutreach \nNatural Resources Conservation Service \nChapman, Janet watershed/basin \ncoordination \nMississippi Department of Environmental Quality \nCossman, Ron social indicators Social Science Research Center, MSU \nDowney, Laura program evaluation School of Human Sciences, MSU \nIngram, Richard water resources research \nand management \nWater Resources Research Institute \nJack, Linda FFA/Environmental \nScience instructor \nStarkville School District \nNeal, Kayla soil and water \nconservation \nOktibbeha County Soil and Water Conservation District \n\nImplementation Plan for the Red Bud-Catalpa Creek Watershed Phase 1_2/28/17 38 \n \nKelly, Lelia Master Gardener \nCoordinator/native plant \noutreach \nNorth MS Research and Extension Center/Extension \nService, MSU \nLemus, Rocky range management Plant and Soil Science, MSU \nLinhoss, Anna environmental \nengineering and water \nresources \nAgricultural and Biological Engineering, MSU \nOldham, Larry soil science outreach Plant and Soil Science/Extension Service, MSU \nPhilips, Tommy human development School of Human Science, MSU \nTagert, Mary Love water management \nscience \nAgricultural and Biological Engineering/Extension Service, \nMSU \nSmith, Brian complex system \nmodeling \nIndustrial and Systems Engineering \nSwortzel, Kirk agriculture education Agriculture and Extension Education, MSU \nVeeder, Deb watershed outreach MS Adopt-A-Stream, MS Wildlife Federation, MDEQ \n6.4 PROPOSED BUDGET \n \nTable 6.4.1 illustrates the proposed information and education budget. \nTable 6.4.1 \nProposed Information and Education Budget \nCategory Activity 60% of Costs  \n3 \nMatch \nSalaries \n Project Oversight  $4732  \nSummer Intern/Project Assistance $12079 \nCommodities \n Trailer Repairs $1000  \nBMP Signage 3000 \nMSU Classes – Educational Materials 4500 \nField Day for Local Schools – Materials and Support 2000 \nProfession Development: NRCS Training 5000 \nEducator Workshop 2500 \nIn-Service Training: Extension Agents 1000 \nWatershed Management Workshop 500 \nMunicipal Leaders’ Workshop    250 \nPublication Costs; Educational Materials, Surveys 3000 \nContractual \n Virtual field trip development $13900  \nInformation and Education   -----   Estimated Total Costs     $89102 $53461 $35641 \n \n \n \n  \n\nImplementation Plan for the Red Bud-Catalpa Creek Watershed Phase 1_2/28/17 39 \n \n7 IMPLEMENTATION SCHEDULE (ELEMENT 6 OF EPA’S 9 KEY ELEMENTS) \nChapter 3 provides an overview of the phased implementation approach that is being designed \nfor the Red Bud-Catalpa Creek Watershed to restore and protect water quality and \nhabitat/ecosystem health, and Chapter 5 describes the proposed management measures  \n(implementation activities) planned for the watershed. This chapter provides a schedule for the \nimplementation of these activities during Phase 1. Activities planned for use of potential 319 \nNPS funding are noted with *.  \n \nMonths 1-3:    1. Establish pre-implementation monitoring to establish pre-project baselines*. \n \nMonths 1-12:   1. Prepare educational and outreach materials, and facilitate leveraging \n         opportunities for experiential learning applications*; \n2. Collect needed data to support development of a hydrologic model;  \n   3. Identify and assimilate South Farm nonstructural management \n      practices/plans to highlight MSU activities;  \n  4. Engage MSU Master Planning Committee to identify collaboration/leveraging \n      opportunities during south entry road construction and Master Plan revision;   \n    5. Engage City of Starkville and Oktibbeha County to discuss storm water  \n      management needs in the watershed;   \n    6. If resources are available, develop and implement social indicators and civic \n      engagement indicator surveys in watershed and metropolitan area; and  \n    7. Finalize phased implementation plan for the entire Red Bud-Catalpa \n      Creek Watershed (HUC #031601040601) and incorporate into a revised Water  \n      Resources Management Plan for the Red Bud-Catalpa Creek Watershed. \n \nMonths 12-24:  1. Implement Phase 1 agricultural BMPs in headwaters at South Farm*;  \n    2. Implement education and outreach plan*; and \n  3. Explore/advance collaboration and leveraging opportunities related to storm \n      water management with the MSU Master Planning Committee, City of \n      Starkville, and Oktibbeha County   \n   \nMonths 25-36:  1. Conduct post-implementation monitoring*;  \n   2. Assess water quality and habitat/ecosystem health restoration and \n      protection progress; \n   3. Implement education and outreach plan*; and \n  4. Prepare and submit final Phase 1 report \n \nMonths 1-36:   Solicit additional resources to support monitoring, modeling and  \n  implementation activities for the entire Red Bud – Catalpa Creek Watershed  \n \nConcurrent:   Visioning, planning, identifying and generating potential resources, and \nidentifying leveraging opportunities for MSU’s Watershed DREAMS   \n(Demonstration, Research, Education, Application, Management and \nSustainability) Center  \n \n\nImplementation Plan for the Red Bud-Catalpa Creek Watershed Phase 1_2/28/17 40 \n \n8 MEASURABLE MILESTONES AND PROJECT OUTCOMES (ELEMENT 7 OF \nEPA’S 9 KEY ELEMENTS)  \nThe identification of measurable milestones and project outcomes are required as Element 7 of \nEPA’s 9 Key Elements of a Watershed Plan.   \n8.1 MEASURABLE MILESTONES \nChapter 7 provides a schedule for the implementation of Phase 1 activities. Chapter 8 \nestablishes interim, measurable milestones for determining whether the planned BMPs or \nother implementation activities are being implemented on schedule and for measuring \nprogress in implementing this plan. The Phase 1 activities listed below will potentially be \nsupported by 319 NPS funding. \n \nMilestone 1 End of Month 3 Pre-implementation monitoring has been implemented. \n \nMilestone 2 End of Month 12 Educational and outreach materials are prepared, and \nleveraging opportunities for experiential learning planned. \n \nMilestone 3 End of Month  18 All Phase 1 agricultural BMPs are installed in first critical \narea at South Farm; all planned education and outreach \nactivities for this period have been completed according to \nschedule. \n \nMilestone 4 End of Month  21 All Phase 1 agricultural BMPs are installed in second critical \narea at South Farm; all planned education and outreach \nactivities for this quarter have been completed according \nto schedule.  \n \nMilestone 5 End of Month  24 All Phase 1 agricultural BMPs are installed in third critical \narea at South Farm; all planned education and outreach \nactivities for this quarter have been completed according \nto schedule. \n \nMilestone 6 End of Month  24 Post-implementation monitoring has been implemented. \n \nMilestone 7 End of Month 36 Final report is submitted to MDEQ. \n \n8.2 MEASURABLE OUTCOMES  \nChapter 10 of the Water Resources Management Plan for the Red Bud-Catalpa Creek \nWatershed provides significant narrative and information on the water quality biotic integrity \nstatus within the watershed. Also included is a lengthy section that describes an integrated \nrestoration and protection goals and targets related to sediment, pathogens, nutrients, habitat, \nand social indicators.  \n\nImplementation Plan for the Red Bud-Catalpa Creek Watershed Phase 1_2/28/17 41 \n \n9 MONITORING (ELEMENT 9 OF EPA’S 9 KEY ELEMENTS) AND MODELING \n9.1 PRE- AND POST-BMP IMPLEMENTATION MONITORING \nThe purpose of this monitoring plan is to assess the ecological integrity of critical areas for \nrestoration in the Catalpa Creek Watershed pre- and post-best management practice (BMP) \nimplementation. Monitoring activities will be performed on Mississippi State University owned \nlands adjacent to the Catalpa Creek Watershed. Monitoring is being performed to conduct pre- \nand post-conservation practice implementation water quality measurements in small-scale \nwatersheds utilizing edge-of-field/in-stream monitoring.  Three reference sites under similar \nland use and agricultural management within the same priority watershed will also be \nmonitored to evaluate the effectiveness of these practices for reduction of sediment and \nnutrients. While sediment is the primary impairment of concern in this watershed, parameters \nto be analyzed at the Mississippi Department of Environmental Quality include Total Suspended \nSolids, Ammonia, Total Kjeldahl Nitrogen, Total Nitrite-Nitrate Nitrogen, Total Nitrogen, and \nTotal Phosphorus.   \n \nDue to land use in critical areas as well as the presence of developed TMDLs for pathogens in \nthe larger HUC in which the Red Bud-Catalpa Creek Watershed is located, replicate samples will \nalso be collected for microbial analysis at the U.S. Department of Agriculture – Agriculture \nResearch Service, Genetics and Sustainable Agriculture Unit. Water from each replicate will be \nanalyzed with few exceptions as stated in Brooks et al. (2012) for the presence of Escherichia \ncoli (USEPA 1103.1, 2002), staphylococci, enterococci (USEPA 1106.1, 2002), and Clostridium \nperfringens. Briefly, aliquots of water will be passed through membrane filter (0.45 um) and \nplaced onto appropriate media. E. coli will be plated to mTEC agar at 44.5C overnight, \nstaphylococci onto manitol salt agar incubated at 35C for 48 hours, enterococci plated to mENT \nagar incubated at 35C for 48 hours, and C. perfringens plated to CP chromoselect agar \nincubated anaerobically at 44.5C overnight. Selected isolates will be collected and further \nsubjected to confirmation using colony polymerase chain reaction (PCR) and appropriate \nprimers. Additionally, fecal samples will be collected from the surrounding grazing and poultry \noperations. Similar methods will be applied to these samples. All sites will be pre-\nmonitored/baseline monitored for one year or at least ten sample events prior to BMP \nimplementation. After implementation, BMPs will be monitored for the same amount of at \nleast ten events or one year. \nSITE DESCRIPTION \nMonitoring sites will be downstream of the group of practices (i.e., Critical Management Areas) \nlisted in Table 9.2.1.  \n  \n\nImplementation Plan for the Red Bud-Catalpa Creek Watershed Phase 1_2/28/17 42 \n \nTable 9.2.1 \nMonitoring Sites \nPractices BMP Site # \nMonitoring Site #1 – Critical Management Area 1 (Livestock Forage Area) \n561 – Heavy Use Protection (Beef Feeding Area) 1f \n561 – Heavy Use Protection (Beef Feeding Area) 1g \n576 – Livestock Shelter Structure 2m \n576 – Livestock Shelter Structure 2p \n576 – Livestock Shelter Structure 2Q \n512 – Native Grass Planting  5a \n382 – Fencing  6a \n342 – Critical Area Planting (Heavy) Sites around fences \nEngineering Design – Stream Bank Stabilization West Line Road \nMonitoring Site #2 – Critical Management Area 2 (Beef Research Unit) \n561 – Heavy Use Protection (Concentrated Operations) 1j \n561 – Heavy Use Protection (Beef Runway) 1k \n342 – Critical Area Shaping/Grading (Heavy) 3d \n382 – Fencing 6b \n410 – Grade Stabilization Structure (Standard Cantilever) 7a \n410 – Grade Stabilization Structure (Standard Cantilever) 7b \n410 – Grade Stabilization Structure (Drop Pipe/Riser) 7c \n410 – Grade Stabilization Structure (Check Dams) 7d \nMonitoring Site #3 – Critical Management Area 3 (Dairy Grazing Area) \n342 – Critical Area Planting (Heavy) 11a \n410 – Grade Stabilization Structure (Check Dams) 12a \n382 – Fencing  13a \n391 – Riparian/Forest Buffer 14a \n578 – Stream Crossing  15a \n578 – Stream Crossing  15b \n578 – Stream Crossing  15c \nTotal 24 \nWATER QUALITY MONITORING \nSystem description.  Site specific monitoring equipment will be the following: \n Pre-measured flow-structure: ditch/pipe section/box \n Depth sensor: OTT PLS pressure level sensor SDI 12 compatible; 0-4m \n Area velocity sensor:  Starflow UNIDATA ultrasonic Doppler 2m range \n Automated sampler: SD900 SIGMA Composite sampler \n Manual Rain Gauge at one sampling location; additional precipitation from MSU \nweather station \n Power Source: Solar Panel 12V, 30W Pole/House mounted with Solar 1205 12V/5A \ncharge controlled and a 12V deep cycle marine battery \n Housing: Framed 6x6’ house. \n \nSampling Protocol. (See QAPP for full details.) Monitoring will take place year round and the \ngoal of the project is to obtain runoff data from every attainable event. Events on these \nparticular sites will only be rainfall as pasture lands are non-irrigated and there is minimal \n\nImplementation Plan for the Red Bud-Catalpa Creek Watershed Phase 1_2/28/17 43 \n \nchance of snow melt. Field crews will check samplers after every storm event to determine if \nsamples were collected. Within 24 hours of storm event cessation, field crews will be on site \nand undertake the following tasks: \n \n1. Open automated sampler and pour required samples into sampling containers for lab \nanalysis. \n Samples will include: \n– 1 L sample for inorganics (no acid preservation) \n– 1 L sample for inorganics (acid preserved) \n– 1 L Field duplicate from one random sampling station \n– 1 L container for turbidity measurements \n– 1 L sample for microbial analysis (no preservation) \n2. Fill a 1 L sampling container with DI water as a field blank \n3. Empty composite sampler and rinse twice with DI water \n4. Replace composite sampler and reset sampler \n5. Check sample intake for obstructions or debris \n6. Check manual rain gauge and record rainfall amount \n7. Once over all equipment for defects, tears, obstructions etc. \n8. Collect physical water quality parameters of samples, including: pH, DO, Specific \nConductance, and temperature \n9. Measure Turbidity immediately following sample collection  \n10. Fill out field data sheet, including chain of custody form for MDEQ \n \nAll runoff event samples will be analyzed for the following constituents: \n \n Ammonium – NH\n4\n-N \n Nitrate+Nitrite – NO\n3\n+NO\n2\n \n Total Kjeldahl Nitrogen – TKN \n Total phosphorus – TP \n Total suspended solids – TSS \n Total Organic Carbon-TOC \nVEGETATION ASSESSMENTS \nVegetation will be considered a major ecological assessment factor, where vegetation \ncomposition will be measured pre- and post-BMP implementation to serve as a condition \nindicator. Specifically, this metric is defined as the percent cover of the native plant species, \nrelative to total cover (sum of plant species). This method will be adapted from Faber-\nLangendoen et al. (2011) and applied to survey the impacted area of each tributary where \nBMPs will be implemented. Vegetation surveys will be conducted using a 1 meter\n2\n area to \nperform grid sampling across the entire area of the BMP site. Fixed belt transects in each of \nthree zones will be sampled in each BMP site. The transects will be 1 meter wide and \npositioned in the upper, middle, and lower elevations of the stream cross section. Species \ndiversity will be quantified as species richness (Magurran 2013) and evenness (Simpson’s Index: \nSmith and Wilson 1996).  \n\nImplementation Plan for the Red Bud-Catalpa Creek Watershed Phase 1_2/28/17 44 \n \n \nIt is the intention of the Planning and Implementation Team to work with MAFES personnel to \nactively promote the management of invasive species throughout the growing season. The \nimpact of this effort will depend on the ability of team members to establish functional working \nrelationships, which has been actively encouraged by MAFES administration. This work will \nengage graduate and undergraduate students in the sampling effort.  Photographic \ndocumentation will also occur at each transect beginning at construction. \n \nTable 9.2.2 \nPre- and Post-BMP Implementation Monitoring (Funded by 319 NPS Award) \n \nProject Needs \nTotal \nCost \nPre-BMP \nImplementation \nPost-BMP \nImplementation \n60% of Costs \n(Federal \nContribution) \nMatch \nTransportation of"
}