{
  "slug": "ross-barnett-reservoir-watershed-plan-2011",
  "source": "Ross_Barnett_Reservoir_Watershed_Plan_2011.pdf",
  "length": 1021493,
  "part": 11,
  "text": " be refined based on landowner \nparticipation. \n7. Estimated grassed swales distance is based on BPJ and will be refined based on landowner participation. \n8. Distance for vegetated filter strips with level spreader is based on BPJ and will be refined based on landowner participation. \n9. Green roofs typically applicable only to new development; five demonstration projects recommended. \n10. Rain barrels applied to 10% of current rooftops and 25% of new rooftops. Assume rooftop area is 10% of impervious area, and \nbuildings average 2,000 square feet. \n11. PUD management principles used on 25% of new development. \n12. 50% of newly developed areas will use tree preservation. \n13. Property owners in all developed areas should use pesticide and fertilizer management measures. \n14. Approximately 17% of the currently developed area is impervious. Assume that 10% of existing impervious areas and \n20% of new developed areas are disconnected. \n\n \nOctober 31, 2011 \n \n \n \n7-33 \n7.6.3   Maintain Undisturbed Streamside Buffer Zones in Developed Areas \nAdditional controls to prevent disturbance of streamside buffer zones in new \ndevelopments is highly recommended for the Riley-Pelahatchie HUC12. Although they represent \nan additional level of regulatory control, buffer zone requirements for new developments could \nbe easily incorporated into the review/approval process for site development as the area \ncontinues to grow. Section 7.5.6 of this Plan and Section 4.4 of Appendix O provide additional \ndiscussion of the importance of streamside buffer zones and options for implementing them. \nTable 7.13 provides a preliminary estimate of the stream length where restoration measures may \nbe needed. Specific areas will be identified during the development of WIPs. \n \nTable 7.13. Streamside buffer zones in the Riley-Pelahatchie HUC12. \n \nManagement Measure \nLength of Management Measure Pollutant Percent Reductions \nUnit Treatment Extent TSS TN TP Bacteria\nRestored riparian \nbuffer/vegetative buffers \nLF                        6,230                        60%                        30%                        35%                        No                        data\nNotes: Assume restored riparian buffer zones needed along 5% of all streams; total stream distance in the Riley-Pelahatchie \nHUC12 is 23.6 miles. Five percent was selected because approximately 5% of the watershed is developed. \n \n7.6.4   Stabilize Disturbed Soils \nAs development continues in this watershed, it is imperative to minimize erosion from \nnew construction sites. Also, surface mining sites must fully comply with MDEQ requirements \nfor BMPs for erosion and sediment control and site restoration. Presently there are three \npermitted surface mines in this subwatershed. The recommendations given in Section 7.5.4 for \nthe Mill-Pelahatchie HUC12 should also be applied in this HUC12 to minimize erosion and \ntransport of sediments from construction sites and surface mines. \n \n7.6.5   Implement Pasture Management Measures \nThe Riley-Pelahatchie subwatershed includes more than 5,200 acres of pasture land. \nNRCS and MSWCC have worked extensively with owners of pasture land throughout the \nPelahatchie Creek watershed to assist with nutrient management and grazing measures. Many \nowners of pasture land have already implemented conservation measures on their lands including \n\n \nOctober 31, 2011 \n \n \n \n7-34 \nfencing, rotational grazing, and access control to keep livestock out of streams, coupled with \nalternative water sources\n16\n.  \nAlthough there are no poultry-growing operations located in this HUC12, it is likely that \npoultry litter from other operations is transported into this subwatershed for use as fertilizer. The \nuse of poultry litter depends on the cost of manufactured fertilizer versus the cost of transporting \npoultry litter. The NRCS poultry-litter transport cost-sharing program has made the use of \npoultry litter as a fertilizer cost-effective. Although the exact number is not known, it is \nreasonable to assume that 15% to 20% of pasture lands and row-crop fields receive poultry litter \nas a fertilizer (Murray Fulton, February 2011, personal communication). Proper nutrient \nmanagement is necessary to protect water quality downstream of pastures treated with poultry \nlitter.  \nMDEQ reports that the most common type of complaint reported for land application of \npoultry litter is odor (William Ryder, November 2010, personal communication). These \ncomplaints are usually due to third-party users applying the litter (i.e., producers who are \npurchasing the litter from a facility permitted under the National Pollutant Discharge Elimination \nSystem (NPDES) program that is located in another subwatershed). Third-party users may be \nrequired to develop nutrient management plans and should follow nutrient management \nguidelines when applying litter to pastures.  \nPasture management measures recommended for participating landowners include buffer \nzones near streams and at the edge of fields. These measures enhance green infrastructure and \nwildlife habitat while protecting water quality. According to NRCS, some landowners have \nadopted these measures\n17\n; however, increasing their use in this subwatershed is recommended \n(Murray Fulton, NRCS, February 2011, personal communication). A cooperative effort between \nNRCS and MDEQ will prioritize future projects in this HUC12. Estimated areas are given in \nTable 7.14.  \n                                                \n \n16\n EQIP-funded practices in the entire Reservoir watershed totaled 15,542 acres of access control; 258,584 linear feet \nof fence; three stream crossings; and 85 watering facilities from 2007 to 2010. It is not known how much of these \nareas are located in the Riley-Pelahatchie HUC12. \n17\n EQIP funded 7 acres of field borders and 807 acres of filter strips between 2007 and 2010. These areas apply to \nthe entire Reservoir watershed. Areas within individual HUC12s are not available. \n\n \nOctober 31, 2011 \n \n \n \n7-35 \nTable 7.14. Pasture management measures for Riley-Pelahatchie HUC12. \n \nManagement Measure \nApplicability Pollutant Percent Reductions \nUnit Area TSS TN TP Bacteria\nFencing of pastures (interior to facilitate \nrotational grazing)\n (1)\n \nAcres        1,322        \nInsufficient data available; \nefficiency of these conservation \nmeasures are site-specific. \nAlternative water sources for pasture\n(1)\nLivestock stream crossing\n(1)\n \nField borders\n(2)\n \nAcres          106          \n40%     30%      35%      No     data     \nFilter strips\n(2)\n                                                                                      40%                                                                                      30%                                                                                      35%                                                                                      No                                                                                      data                                                                                      \nPreserved/restored riparian buffer zones\n(3)\n         LF         18,691         60%         30%         35%         No         data         \nNutrient management\n(4)\n                                    Acres                                    1,058                                    Site-specific                                    \nNotes:            \n1.     Assume that fencing of pastures with alternative water source and stream crossings is needed in 25% of  pasture land. \n2.     Assume field borders/filter strips are applicable to 2% of pasture areas. \n3.     Riparian buffer zones applicable to 15% of total length of streams. The total length of streams in the Riley-Pelahatchie \nHUC12 is 23.6 miles. This assumption was selected because pasture land is 15% of the total watershed area. \n4.     Nutrient management applicable to 20% of pasture area. This is the assumed percentage of pasture land treated with poultry \nlitter. \n \n7.6.6   Promote   Forestry Stewardship \nThere are 16,445 acres of forested land in the Riley-Pelahatchie HUC12. Forested area \ncontributes significantly less runoff and nonpoint source pollutants on a per-acre basis than other \nlanduses. Measures recommended for forest areas will retain the function of green infrastructure \nnear sensitive areas and minimize the impacts of forest harvesting. A recent survey conducted by \nMFC reported that 93% of the BMPs surveyed on recently harvested forest land were \nimplemented in accordance with the guidelines published in Mississippi’s BMPs – Best \nManagement Practices for Forestry in Mississippi (MFC 2011). \nConservative management of forested land in the Riley-Pelahatchie HUC12 is important \nfor protecting the overall watershed health and water quality of the Reservoir and its tributaries. \nMFC has several programs available to assist private landowners manage their land such as the \nForest Stewardship Program and the Forest Resources Development Program (see Appendix M). \nHowever, data from MFC show that there is very little participation in these programs within the \nRiley-Pelahatchie HUC12. Increased awareness of these programs among landowners may \nincrease participation in this area. \n\n \nOctober 31, 2011 \n \n \n \n7-36 \nSpecific forestry management measures are included in Table 7.15. Since most forest \nland in the Reservoir watershed is managed by private landowners, the annual amount of forest \nland harvested each year is not known. An assumed rate of 4% forest land harvested per year was \nused to develop this table. This rate is based on information from MFC (MFC 2008). \n \nTable 7.15. Forestry management measures for Riley-Pelahatchie HUC12. \n \nManagement Measure \nApplicability Pollutant Percent Reductions\nUnit Area TSS TN TP Bacteria\nProperly designed skid trails and \nlandings\n(1)\n \nHarvested acre658 52% 70%  52% n/a \nStreamside management zones\n(2)\n            LF            2,462              52%            40%            52%            n/a            \nForest regeneration\n(3)\n                     Harvested                     acre658                     56%                     \nNo \ndata \n56%   No   data   \nConservation easements\n(4)\n                     Acres                     \nDetermined at \nimplementation\nInsufficient data available; \nefficiency of these conservation \nmeasures are site-specific. \nNotes:            \n1. Properly designed skid trails and landings applicable to 4% of all forest land. \n2. Streamside management zones applicable for 4% of the length of the estimated length of streams in forested areas. \nEstimated length of streams in forested areas is 11.7 miles (49.4% of the total stream distance; 49.4% of watershed is \nforested). \n3. Forest regeneration area is 4% of all forest land. \n4. Participation in conservation easements depends on willingness of private landowners to participate.  \n \n7.6.7   Cost Estimates for Riley-Pelahatchie HUC12 \nInitial estimates of the cost to implement the management measures recommended for \nthis subwatershed have been developed. Table 7.16 includes a summary of costs for \nimplementing the management measures recommended for the Riley-Pelahatchie HUC12. Costs \nare based on literature values for installation of management measures, provided in Appendix T. \nCost estimates will be refined during the development of WIPs. \n\n \nOctober 31, 2011 \n \n \n \n7-37 \n \nTable 7.16. Preliminary cost estimates for Riley-Pelahatchie HUC12. \n \nManagement \nMeasure \nRetrofit Cost \n(implemented \nover 10 years) \nNew \nDevelopment \nCost (per year)Notes \nGreen infrastructure \nstormwater \nmanagement \nmeasures \n$1,953,501               $891,591               \nCosts calculated from Appendix T \nand Table 7.12. \nImproved stormwater \ncontrols on individual \nlots/stabilize disturbed \nsoils \n--                      $369,600                      \nCost based on 185 acres per year \n(264 acres of new development, with \n30% reserved for green space) at a \ncost of $2,000 per acre for improved \nstormwater controls. \nRestored stream banks \nand buffers \n$12,709                      --                      \nEstimates for restored banks and \nbuffers are based on Table 7.13 and \nAppendix T. Cost for gullies not \nincluded because repair costs can \nonly be estimated on a site-specific \nbasis. \nConservation practices \nfor forestry and pasture \nlands \n$661,164                      --                      \nCosts calculated from Appendix T \nand Tables 7.14 and 7.15. Does not \ninclude costs for streamside \nmanagement zones and conservation \neasements. \nTOTAL \n$2,627,374  $1,261,191 \n \n \n7.7 Restoration Measures for Ashlog-Pelahatchie HUC12 \nThe Ashlog-Pelahatchie Creek subwatershed is located in the headwaters of Pelahatchie \nCreek within Rankin and Scott counties. This HUC12 was targeted for restoration because it is \nlocated in the headwater region and contains most of the City of Pelahatchie. City leaders have \nexpressed interest in working to implement recommended watershed improvements. There is \nsome urban development in the City of Pelahatchie. However, the watershed is predominantly \nforested land with some pasture and a small amount of row-crop agriculture. The restoration \nobjectives for this HUC12 are as follows: \n \n• Objective 1: Incorporate green infrastructure stormwater management measures \nin new construction and retrofit projects in the City of Pelahatchie, \n\n \nOctober 31, 2011 \n \n \n \n7-38 \n• Objective 2: Preserve streamside buffers and green space as development \ncontinues in this area, \n• Objective 3: Assist poultry growers to ensure that they have access to technical \nexpertise and cost-sharing programs needed to implement nutrient management \nplans, \n• Objective 4: Implement pasture management measures and BMPs for agricultural \ncrops on all areas with willing landowners, and \n• Objective 5: Address flooding concerns through evaluation of Pelahatchie \nCreek’s flow capacity. \n \nThe total area of this HUC12 is 31,817 acres (approximately 50 square miles). Land use \nsummary by HSG type within the watershed is presented in Table 7.17 and on Figures 7.9 \nand 7.10.  \n \nTable 7.17. Landuse and hydrologic soil groups for Ashlog-Pelahatchie HUC12. \n \nLanduse \nNo Data Available\n(acres) \nHSG Type B \n(acres) \nHSG Types C and D \n(acres) \nTotal \n(acres) \nWater                                       166                                       68                                       93                                       327                                       \nAgricultural Crops 5 167 673 845 \nPasture/Grassland                          40                          936                          5,272                          6,248                          \nDeveloped                          15                          217                          1,924                          2,156                          \nForest/Woodland                       62                       3,695                        12,196                       15,953                       \nShrubland                          38                          937                          3,240                          4,215                          \nWetlands                          19                          122                          1,932                          2,073                          \nTotal                                       345                                       6,142                                       25,330                                       31,817                                       \n \n\n \n \n \n7-39 \nFigure 7.9. Landuse in the Ashlog-Pelahatchie HUC12. \nFigure 7.10. HSG types in the Ashlog-Pelahatchie HUC12. \n \n \n \n \n\n \nOctober 31, 2011 \n \n \n \n7-40 \n7.7.1   Implement Green Infrastructure Stormwater Management Measures \nPotential areas for green infrastructure stormwater management measure implementation \nin the Ashlog-Pelahatchie HUC12 were estimated using assumptions similar to those used for the \nMill-Pelahatchie HUC12. Table 7.18 lists recommended management measures and indicates the \ndrainage area or distance potentially served by each proposed measure. \nNew development areas are based on the estimated area with active construction permits \nin August 2010 and the assumption that growth will continue at 110% of that rate in this area \n(66 acres per year). The areas for urban retrofits are based on the assumption that the measures \ncould be applied to 10% of the developed area with applicable soil types. Additional assumptions \nare listed in the notes below the table.  \nThe areas/distances given in Table 7.18 are preliminary estimates of areas where \nmanagement measures may be implemented. They do not refer to specific parcels of land. \nRather, they refer to areas with the soil type and landuse where the measure is feasible. \nFigure 7.11 shows developed areas in the HUC12 that have suitable soil types within developed \nareas. Specific parcels will be identified based on landowner willingness and funding sources \navailable when individual WIPs are developed. \n\n \nOctober 31, 2011 \n \n \n \n7-41 \nTable 7.18. Green infrastructure stormwater management measures for the \nAshlog-Pelahatchie HUC12. \n \nManagement Measure \nDrainage Area Served by \nManagement Measure \nEstimated Pollutant \nPercent Reductions \nUnit \n10-year \nRetrofit \n(unit) \nNew \nDevelopment \n(unit/yr) TSS TN TP Bacteria\nBioretention areas/rain gardens\n(1)\n                 Acres                 118                  4                 85%                 40%                 50%                 No                 data                 \nStormwater detention/retention basins\n(2)\n      Acres      28      6      80%       30%      50%        70%      \nInfiltration systems\n(3)\n                                   Acres                                   3                                   0.1                                   80%                                   50%                            "
}