{
  "slug": "overcup-slough-watershed-plan-2013",
  "source": "Overcup_Slough_Watershed_Plan_2013.pdf",
  "length": 100087,
  "part": 6,
  "text": "stimated based on pump flow rate and monthly electricity usage. \n \n \n \n \n9.1.5 Schedule \nThe schedule for monitoring activities well be developed as funding sources are made available. \n \n \n \n \n \n \n \n \n \n \n \n \n \n \n \n \n \n \n \n \n \n \n \n \n8\n http://waterdata.usgs.gov/ms/nwis/gw \n9\n http://waterdata.usgs.gov/ms/nwis/dv/?site_no=07288500&amp;referred_module=sw \n \n \n \n \n9-  2\n\nMonitoring Activity Budget Funding Source \nWater quality \n  \n \n \nEPA/MDEQ/USGS \nWetland habitat Agency Budgets NRCS \nGround water levels Agency Budget YMD \nWater use Agency Budget YMD \n \n \n \n \n \n \n \n \n \n9.1.6 Budget \nBudget information for monitoring activities is summarized in Table 9.1. \n \nTable 9.1. Monitoring Budget Summary \n \n \n \n \n$180,000 (3 years) \n \n \n \n \n \n \n \n \n \n \n \n \n \n \n \n \n \n \n \n \n \n \n \n \n \n \n \n \n \n \n \n \n \n \n \n \n \n \n \n \n \n \n \n \n \n \n \n \n \n \n9-  3 \n\n \n \n \n \n \n \n \n \n \n9.2   Criteria \nWater quality, groundwater use, and groundwater level measures will be used to evaluate \nwhether implementing this plan has resulted in improvement in the Overcup Slough watershed. \nThese measurements will be compared to the performance measures for each management \nactivity shown in Tables 7.1 through 7.11, and summarized below. \n \n \n \n \n9.2.1 Nutrient targets \nThe nutrient TMDLs completed for Overcup Slough water bodies used preliminary annual \naverage concentration targets of 1.05 mg/L for TN, and 0.16 mg/L for TP (MDEQ 2008a,b,c). \nThe management targets for this plan are 30% reduction of TN load to Overcup Slough, and 30% \nreduction of the TP load to Overcup Slough. \n \n \n \n9.2.2 Sediment \nThe target sediment yield range developed for Delta streams is 0.0014 to 0.0045 tons per \nacre per day at the effective discharge (MDEQ 2008d).  \n \n \n \n \n \n \n \n \n \n \n \n \n \n \n \n \n \n \n \n \n \n \n \n \n \n \n \n \n \n \n \n \n \n9-  4 \n\n \n \n \n \n \n \n \n \n9.2.3 Groundwater \nFor activities focused on reducing groundwater use, the management target is to reduce \ngroundwater use by 40 acre-feet per year at the site of implementation. Restoration of wetlands \nalso has a target of increasing the area available for groundwater recharge in the Overcup Slough \nwatershed by 3 acres. \n \n \n \n9.3   Assessment \nImplementation milestones and schedules have been developed for the management \nactions and education and outreach activities described in this plan. For implementation to be \nconsidered successful, all activity milestones must be met on time. The Team will meet quarterly \nto review progress on achieving the milestones and make needed adjustments to the schedule. \nEach Team member serves as the chair for one of the major management categories, such as \nsewerage, sediment and nutrient loading, etc. There is a subcommittee associated with each of \nthese categories to ensure that the management actions are implemented. \nIn addition, the success of the implementation of this plan in achieving the management \ntargets specified in Section 9.2, will be evaluated no later than 2016. This will be accomplished \nby the Watershed Implementation Team, or its designee(s), compiling and renewing available \nmonitoring data (Section 9.1) and comparing results to the targets. A short report will be \nprepared by the evaluators, summarizing the results of their review. This information will be \nprovided to all interested stakeholders and implementation participants in preparation for \nrevising the Overcup Slough Watershed Implementation Plan (WIP). \n \n \n \n9.3.1 Plan \nSpecific management action schedules toward achieving the vision for the Overcup Slough \nwatershed are described in Chapter 7.0 and summarized in Table 7.12. If the schedules are not \nbeing met, the causes behind the failure to meet the goals will be determined, and actions will be \ntaken. Specific management action goals and/or expectations are described in Chapter 7.0. \n \n \n \n \n \n \n \n \n \n \n \n9-  5\n\n \n \n \n \n \n \n \n \n9.3.2 Education and Outreach \nSpecific goals and/or expectations for education and outreach activities are described in \nChapter 8.0. If the activity goals were not met, the causes behind the failure to meet the goals \nwill be determined. In addition, the plan activities will be evaluated with regard to information \nand knowledge about the watershed and its waterbodies that has been gained since the existing \nplan was developed, as well as any relevant physical changes in the watershed or changes in \npolicy affecting the watershed. Implementation of the activities will be reevaluated in light of all \nof this information on a quarterly basis, as discussed above. \n \n \n \n \n \n \n \n \n \n \n \n \n \n \n \n \n \n \n \n \n \n \n \n \n \n \n \n \n \n \n \n \n \n \n \n \n \n \n \n \n \n \n \n \n \n \n \n \n9-  6 \n \n \n \n \n\n \n \n \n \n  \n10.1 Overall WIP Budget \n \n \n \n \nTable 10.1 Watershed Implementation Plan Budget Summary \nActivity NRCS EPA 319 Producer Other Total \nBMPs  $          6,479,218   $          3,649,870   $          3,737,746   $                   -     $  13,866,834  \nMonitoring  $                          -     $                90,000   $                          -     $          90,000   $        180,000  \nOutreach  $                30,000   $                45,000   $                          -     $          30,000   $        105,000  \n \n \n \n \n \n \n \n \n \n \n \n \n \n \n \n \n \n \n \n  \n \n  10-1 \n \n\n \n \n \n \n \n \n \n \n \n \n11.0 PLAN REVISION \n \n \n \nDependent on approval and funding, the Watershed Implementation Team will prepare a \n revised WIP, incorporating the changes requested by the reviewers and reconciling any conflicting \ncomments or requests for change. \nThe WIP will be submitted to the Watershed Implementation Team and all others \nwho submitted comments. Within two weeks of receiving the WIP, the team will notify \ntheir stakeholders of the availability of the revised WIP for stakeholder review. One month will \nbe allowed for review of the . Comments will be due at the end of this review period. Within \na month after the comments on the  WIP are received, the Watershed Implementation Team \nwill prepare a final updated WIP. The updated WIP will be submitted to the Watershed \nImplementation Team for review and approval. After the updated WIP has been approved, the \nteam will notify their stakeholders of the completion and availability of the updated WIP for use \nas a guide for watershed restoration and protection activities. \nFunding for revision of the WIP will come from the agencies included on the Watershed \nImplementation Team, and/or the Section 319 program. \n \n \n \n \n \n \n \n \n \n \n \n \n \n \n \n \n \n \n \n \n \n \n \n \n \n \n \n \n \n \n11-1\n\n \n \n \n \n \n \n \n \n \n12.0 REFERENCES \n \n \nArthur, J.K. 2001. Hydrogeology, model description, and flow analysis of the Mississippi River \nalluvial aquifer in northwestern Mississippi. Water Resources Investigation Report 2001- \n4035. US Geological Survey. Pearl, MS. \nEPA. 1999. Protocol for Developing Nutrient TMDLs. EPA 841-B-99-007. Office of Water (4503F), \nHudson, D., D. Hite. 2001. Adoption of precision agriculture technology in Mississippi: \nPreliminary results from a producer survey. Research Report 2001-001. Department of \nAgricultural Economics, Mississippi State University. \nKroger, R., M.M. Holland, M.T. Moore, C.M. Cooper. 2008. Agricultural drainage ditches mitigate \nphosphorus loads as a function of hydrologic variability. Journal of Environmental Quality. \n37(January-February): 107-113. \nMDEQ (Mississippi Department of Environmental Quality). 2007. State of Mississippi Water \nQuality Criteria for Intrastate, Interstate, and Coastal Waters. MDEQ. Jackson, MS. \nMDEQ. 2001. Mississippi Delta Fish Tissue Study 2000 Final Report October 31, 2001, Mississippi \nDepartment of Environmental Quality. Jackson, MS. \nMDEQ. 2005. Total Maximum Daily Loads for the Legacy Pesticides, DDT and Toxaphene, in the \nYazoo River Basin. MDEQ. Jackson, MS. \nMDEQ. 2007a. Mississippi 2006 Section 303(d) List of Impaired Water Bodies. MDEQ. Jackson, \nMS. \nMDEQ. 2008a. Total Maximum Daily Load, Total Nitrogen, Total Phosphorus, and Organic \nEnrichment/Low Dissolved Oxygen for Howden Lake, Yazoo River Basin, Bolivar County, \nMississippi. MDEQ. Jackson, MS. \nMDEQ. 2008b. Total Maximum Daily Load, Total Nitrogen, Total Phosphorus, and Organic \nEnrichment/Low Dissolved Oxygen for Richies Bayou, Yazoo River Basin, Coahoma \nCounty, Mississippi. MDEQ. Jackson, MS. \nMDEQ. 2008c. Total Maximum Daily Load, Total Nitrogen and Total Phosphorus for Overcup Slough, \nYazoo River Basin, Sunflower and Coahoma Counties, Mississippi. MDEQ. Jackson, MS. \nMDEQ. 2008d. Total Maximum Daily Load, Yazoo River Basin, Delta Region, for Impairment Due \nto Sediment. MDEQ. Jackson, MS. \nMDEQ. 2010. State of Mississippi Water Quality Assessment 2010 Section 305(b) Report. MDEQ. \nJackson, MS. \nMeade R.H., Yuzyk T.R., and Day T.J. 1990. Movement and storage of sediment in rivers of the \nUnited States and Canada. In: Surface Water Hydrology, The Geology of North America. \nM.G. Wolman and H.C. Riggs, eds. Geological Society of America. Boulder CO. \npp 255-280. \n \n \n \n \n \n \n \n12-1\n\n \n \n \n \n \n \n \n \nMississippi Museum of Natural Science. 2005. Mississippi’s Comprehensive Wildlife Conservation \nStrategy. Mississippi Department of Wildlife, Fisheries and Parks, Mississippi Museum of \nNatural Science, Jackson, Mississippi. \nMSDH (Mississippi State Department of Health). 2001. Mississippi fish tissue advisories and \ncommercial fishing bans, August 2001. Online at \nhttp://www.deq.state.ms.us/MDEQ.nsf/page/FS_Fish_Tissue?OpenDocument. \nRenken, R.A. 1998. Ground Water Atlas of the United States, Arkansas, Louisiana, Mississippi. \nHA 730-  F. US Geological Survey. Washington, DC. \nStewart, R.A. 2003. Physiographic regions of Mississippi. Handout, Department of Biological \nSciences, Delta State University. Cleveland, MS. \nThomann and Mueller. 1987. Principles of Surface Water Quality Modeling and Control. New York: \nHarper Collins. \nUnited States Environmental Protection Agency, Washington D.C. 135 pp. \nYMD. 2008. 2008 Annual Report. YMD. Stoneville, MS. Online at \nhttp://www.ymd.org/pdfs/2008annualreportfinal.pdf \n \n \n \n \n \n \n \n \n \n \n \n \n \n \n \n \n \n \n \n \n \n \n \n \n \n \n \n \n \n \n \n \n \n \n \n \n \n \n \n \n \n12-2 "
}