{
  "slug": "wolf-lake-broad-lake-watershed-plan-2009",
  "source": "Wolf_Lake_Broad_Lake_Watershed_Plan_2009.pdf",
  "length": 47087,
  "part": 2,
  "text": "aily average, 4.0 mg/L instantaneous \npH Between 6.0 and 9.0 su \nTemperature 32.2 deg C \nFecal coliform May – October: geometric mean of 200 per 100 mL, 400 per \n100 mL less than ten percent (10%) of the time during a 30 \nday period. \nNovember – April: geometric mean of 2000 per 100 mL, \n4000 per 100 mL less than ten percent of the time during a \n30 day period. \nSpecific conductance 1000 uohms/cm \nDissolved Solids 750 mg/L monthly average, 1500 mg/L instantaneous \n \nMississippi’s water quality standard for sediment is narrative and reads as follows: \n“Waters shall be free from materials attributed to municipal, industrial, agricultural or \nother discharges producing color, odor, taste, total suspended or dissolved solids, \nsediment, turbidity, or other conditions in such degree as to create a nuisance, render the \nwaters injurious to public health, recreation or to aquatic life and wildlife or adversely \naffect the palatability of fish, aesthetic quality, or impair the waters for any designated \nuse” (MDEQ 2002). \n \nCurrent Condition \n \nSurface Water Quality \n \nThere is not a routine water quality monitoring station in the Wolf Lake watershed. One \nmajor water quality study was conducted by FTN Associates in 1991. Data from this \nstudy indicates that: \n• Broad Lake was more turbid than Wolf Lake \n• Algae populations were low in the spring and summer due to turbid conditions \n• Whole fish analyses found DDT to be persistent in Wolf Lake \n• It was recommended that bottom sediments not be disturbed due to the potential \nfor mercury and PCB contamination  \n• Wolf Lake had a tendency to be more nutrient rich than other Delta Lakes \n\n 14 \n• The majority of nitrogen, phosphorous, and sediments loads were associated with \nagricultural activities \n \nAlthough the FTN study is the most recent, other studies on pesticides, water quality, and \nfisheries have been completed.  Summaries of these studies can be found in the 1991 \nFTN report on pages a.10-1 – a10.4. \n \nThe Wolf Lake watershed has been evaluated as impaired (not based on water quality \nmeasurements) and is included on the Mississippi 303 (d) List (MDEQ 2004a). Table 3 \nsummarizes the listings from the 2002 303(d) List.  \n \nTable 3. 2002 303(d) Listings for Wolf Lake watershed \nWater Body Beneficial Use Impairment \nWolf Lake Aquatic Life Support Sediment/Siltation and \nNutrients \nWolf Lake Drainage Area Aquatic Life Support Sediment/siltation, Organic \nEnrichment/Low DO, and \nNutrients \n \n \nGroundwater Resources \n \nThe majority of drinking water use in this watershed is supplied by groundwater from the \ndeep aquifer. The majority of agricultural water use in this watershed is supplied by \ngroundwater from the shallow alluvial aquifer. No issues have yet been raised with regard \nto the quality of groundwater in this watershed. Declining groundwater levels in the \nalluvial aquifer are an issue in the watershed (MDEQ 2000). \n \nTMDLs \n \nWolf Lake has been included and listed as impaired on Mississippi’s 303(d) List.  One \ntotal maximum daily load study (TMDLs) has been completed for sediment/siltation, \norganic enrichment/low dissolved oxygen (MDEQ 2003a).  Although nutrients are listed \nas an impairment, no TMDL has been developed. \n \nNonpoint sources of sediment (due to erosion) are the primary sources of concern. \nSources identified in the TMDL include agriculture, aquaculture, and the natural \nlandscape of which ridge and swell topography is common. Wet weather conditions are  \ncritical for sediment loading to the water bodies. The target measure of sediment \nretention would reduce sediment yields to a range of 0.23 to 0.15 tons per acre per year.  \nMeeting this goal requires a reduction in sedimentation rates on cultivated agricultural \nlands between 31 and 57 percent from current conditions (MDEQ 2003a). \n \nThe TMDL also addresses organic enrichment and low dissolved oxygen listings for \nWolf Lake (MDEQ 2003a). There are currently no numerical criteria for nutrient \nconcentrations in Mississippi surface waters, so a TMDL for nutrients was not developed. \n\n 15 \nHowever, nutrient contributions to oxygen demand were included in the dissolved \noxygen TMDL. Nonpoint organic sources are considered to be the primary source of \noxygen demand in the Wolf Lake system. Given this, the TMDL calls for a 48% \nreduction in the total ultimate biochemical oxygen demand (TBODu) to reach the target \nDO value of 5.0 mg/L (MDEQ 2003a).  \n \nFisheries, Plant, and Wildlife Resources \n \nThe only federally threatened species that may occur in the watershed is the Louisiana \nblack bear (Ursus americanus luteolus). Although not federally listed, the State of \nMississippi has listed the Bald Eagle (Haliaeetus leucocephalus), Pyramid Pigtoe \n(Pleurobema rubrum), and the Southern Redbelly Dace (Phoxinus erythrogaster) as \nendangered and these species have the potential to be present in the Wolf Lake \nwatershed.  \n \nAll water bodies in the Delta, including those in the Wolf Lake watershed, were placed \nunder fish consumption advisory in 2001 for the legacy pesticides DDT and Toxaphene. \nThe fish covered by the advisory were carp, buffalo, gar, and non-farm raised catfish over \n22 inches (MDEQ 2001). \n \nSince 1985, bottomland wetland and forest habitats have been restored in the watershed \nthrough USDA Farm Bill Programs such as CRP and WRP.  It is estimated that \napproximately 10% of the watershed has been restored to bottomland hardwood forests in \nthe past 10 years using these federal cost-share programs. Because of increased forest \nlands and a moderate amount of natural wetlands, the Wolf Lake Watershed has fair \npopulations of numerous consumptive wildlife species such as white-tailed deer, \nmigratory waterfowl, and small game.  The eastern wild turkey is also making a humble \nliving in parts of the watershed.   \n \nFishing far surpasses hunting as an outdoor recreational activity in the watershed.  Wolf \nLake is well known for being an excellent crappie and bass fishery.    Bluegill can’t be \ndiscounted either, a full moon during the hot summer months usually results in many \nfisherman pursuing this species rather than bass or crappie.  Overall, the fishery appears \nto be in good health.  However there is much concern over the sustainability of this \nfishery as its popularity grows. \n \n \n \n \n \n \n \n\n 16 \nWatershed Implementation Plan (WIP) \n \nGoal \n \nThe primary goal of this watershed implementation plan is to achieve or exceed water \nquality parameters set forth by the TMDL, thereby removing the potential for regulatory \nactions to be carried out in this watershed.  This can only be accomplished through the \nreduction of named pollutants in the watershed.  Ultimately, Wolf Lake must reach and \nmaintain the MDEQ designated use for Aquatic Life Support. The goals of this watershed \nplan can be achieved through the implementation of agricultural BMPs.  Priority \nConcerns (Table 1) that do not directly identify 303(d) listed impairments or TMDLs in \nthe watershed may also be addressed by this watershed plan because it is comprehensive \nin nature.  But it must be noted that these concerns are secondary objectives.  Most \nimportantly, these objectives can’t be achieved without the support of local landowners \nand farmers. \n \nSediment/Turbidity \n \nParticipants \n      \nDelta F.A.R.M. and Delta Wildlife, Inc. \nMississippi Department of Environmental Quality (MDEQ) \nMississippi Department of Wildlife, Fisheries, and Parks (MDWFP) \nMississippi State University, College of Forest Resources, Dept. of Wildlife & Fisheries \nUSDA Natural Resources Conservation Service (NRCS) \nU.S. Fish and Wildlife Service (USFWS) \nUSDA-ARS National Soil Sedimentation Laboratory (Sedimentation Lab) \nUSDA Farm Service Agency (FSA) \nU.S. Geological Survey (USGS) \nYazoo-Mississippi Delta Joint Water Management District (YMD) \nThe Nature Conservancy (TNC) \nFTN Associates  \nU.S. Environmental Protection Agency (EPA) \nUnited States Army Corp of Engineers (USACE) \nLandowners/Stakeholders \n     \nImplementation/Action \n   \nSilt and soil that choke drainage, stress fisheries, increase turbidity, and shorten the \noverall life span of Wolf Lake come from adjacent cropland, bank sloughing, and head \ncutting due to flooding.   All causes can be addressed by programs authorized and funded \nthrough the Conservation Title of the Farm Bill.  Programs such as the Environmental \nQuality Incentives Program (EQIP), Conservation Reserve Program (CRP), Wildlife \nHabitat Incentives Program (WHIP), and Wetland Reserve Program (WRP) all provide \nsignificant financial incentives to help landowners address sedimentation issues in Wolf \nLake.  The USDA NRCS and/or FSA administers these programs and also provides \n\n 17 \nsignificant technical assistance opportunities to private landowners.  Those landowners \nconcerned about sedimentation in Wolf Lake can often find technical and financial \nassistance by simply contacting their local county USDA Service Center.  Funding has \nalso been authorized by Section 319 of the Clean Water Act to address non-point source \npollutants, such as sediment, in the Wolf Lake watershed.  These funds are routed \nthrough MDEQ and made available to directly address water quality impairments. \n \nTechnical assistance to address sedimentation in the Wolf Lake Watershed can be \nprovided by Delta F.A.R.M., Sedimentation Laboratory, Mississippi State University \nExtension Service, USACE, and MDEQ.  \n \nIf installed and maintained property, the following Best Management Practices could be \nused to reduce sedimentation by 35% - 67% in the Wolf Lake Watershed. \n \n• Water Control Structures ( 200 units minimum) \n• Rip-Rap weirs (20 sites minimum) \n• Bank Stabilization (20 sites minimum) \n• Wetland Construction and Hydrology Restoration (50 acres) \n• Bank Stabilization (20 sites minimum) \n• Riparian Buffers and Grass Filter Strips (100 acres minimum) \n \nBudget \n \nProjected costs for implementing practices that address sedimentation and siltation can be \nfound in Table 4. \n \nTable 4.  Projected Costs for Agricultural Best Management Practices \nPractice Unit Cost \n(w/installation) \nNumber of Units Total Cost \nWater Control Structures $6,200 200 $1,240,000.00 \nRip-Rap Weirs $16,125 20 $322,500.00 \nWetland Construction $1,500/acre 50/acres $75,000.00 \nBank Stabilization $3,750.00/site 20/sites $75,000.00 \nRiparian Buffers $950/acre 100/acres $95,000.00 \nTotal   $1,807,500.00 \n \n \n \n \n \n \n \n\n 18 \nLow DO, Organic Enrichment, Nutrients \n \nParticipants \n      \nDelta F.A.R.M. and Delta Wildlife, Inc. \nMississippi Department of Environmental Quality (MDEQ) \nMississippi Department of Wildlife, Fisheries, and Parks (MDWFP) \nMississippi State University, College of Forest Resources, Dept. of Wildlife & Fisheries \nUSDA Natural Resources Conservation Service (NRCS) \nU.S. Fish and Wildlife Service (USFWS) \nUSDA-ARS National Soil Sedimentation Laboratory (Sedimentation Lab) \nUSDA Farm Service Agency (FSA) \nU.S. Geological Survey (USGS) \nYazoo-Mississippi Delta Joint Water Management District (YMD) \nThe Nature Conservancy (TNC) \nFTN Associates  \nU.S. Environmental Protection Agency (EPA) \nUnited States Army Corp of Engineers (USACE) \nLandowners/Stakeholders \n   \nImplementation/Action \n   \nNutrients, low DO, and organic enrichment are also attributed to non-point agricultural \nrun-off.  Similar to sediment, organic enrichment and nutrients can be significantly \nreduced by using those same BMPs listed in Table 4.  By implementing these BMPs, \nnutrients can be reduced by approximately 70% (Freedman et al. 2003, Klapproth and \nJohnson 2000).  It is expected that organic enrichment and DO will react similarly. \n \nBudget \n \nProjected costs for implementing agricultural BMPs that reduce these pollutants are listed \nin Table 4.  \n \n \n \n \n \n \n \n \n \n \n \n \n\n 19 \n \nFish Advisories \n \nParticipants \n   \nDelta F.A.R.M. and Delta Wildlife, Inc. \nMississippi Department of Environmental Quality (MDEQ) \nMississippi Department of Wildlife, Fisheries, and Parks (MDWFP) \nMississippi State University, College of Forest Resources, Dept. of Wildlife & Fisheries \nUSDA Natural Resources Conservation Service (NRCS) \nU.S. Fish and Wildlife Service (USFWS) \nUSDA-ARS National Soil Sedimentation Laboratory (Sedimentation Lab) \nUSDA Farm Service Agency (FSA) \nU.S. Geological Survey (USGS) \nYazoo-Mississippi Delta Joint Water Management District (YMD) \nThe Nature Conservancy (TNC) \nFTN Associates  \nU.S. Environmental Protection Agency (EPA) \nUnited States Army Corp of Engineers (USACE) \nLandowners/Stakeholders \n     \nImplementation/Action \n   \nFish advisories stem from the persistence and existence of levels of legacy pesticides like \nDDT and Toxaphene in fish tissue.  The EPA sets tolerance levels for said fish advisories \nand MDEQ enforces these advisories.  The Fisheries Bureau of MDWFP also assists \nMDEQ with educational processes associated with fish advisories.   \n \nThe goal of this action item is to remove fish consumption advisories for DDT and \nToxaphene, and reduction of water column concentrations to the DDT human health and \naquatic organism standard, and the Toxaphene fresh water chronic standard. The methods \nproposed for achieving these targets included implementation of BMPs to reduce \nsediment loading to water bodies (pesticides are present in basin soils) and natural \nattenuation (historical pesticide monitoring data from the Yazoo River basin indicate a \ndecreasing trend in pesticide concentrations in soils, fish tissue, and water) (MDEQ \n2003b).  Therefore, those BMPs listed in Table 4 will also serve to achieve this goal. \n \nBudget \n \nProjected costs for implementing BMPs that would reduce the loading of legacy \npesticides are listed in Table 4.  \n \n \n \n \n \n\n 20 \n \nFisheries Management \n \nParticipants \n      \nMississippi Department of Wildlife, Fisheries, and Parks \nMississippi State University, College of Forest Resources, Dept. of Wildlife & Fisheries \n \nImplementation/Action \n   \nMDWFP Bureau of Fisheries and Mississippi State University will take an active role in \nensuring the sustainability of the Wolf Lake fishery and documenting any response by the \nfish community to agricultural BMP’s.  MDWFP has proposed to map the lake’s depth \nprofile as a part of a comprehensive, statewide effort to provide new lake maps to the \npublic.  This project is ongoing.  Furthermore, it is proposed that a fisheries management \nplan be developed, implemented and its subsequent results monitored.  Management \nactions may include the implementation of specific creel and slot sizes on certain species \nof game fish like white crappie and black bass.  Fish community monitoring will be \ncarried out by MSU Department of Wildlife and Fisheries and the Mississippi \nDepartment of Wildlife, Fisheries and Parks. Mississippi State University will provide \nstudents/technicians to work with MDWFP personnel, using MDWFP provided \nelectrofishing/sampling equipment. Working in conjunction with the water quality \nmonitoring sampling sites will be selected that are more and less impacted and sites that \nlikely will experience water quality improvements as a result of practices implemented in \nthe watershed. These targeted sites will be combined with randomly selected sites to \nassess the fish community and the fishery. Data collected will include the information \nnecessary for stock assessments by MDWFP as well as data on species composition, \nrichness and diversity.  \n \n \n Budget \n \nProjected costs associated with fisheries management on Wolf Lake are found in Table 5. \n \nTable 5.  Projected Costs for Fisheries Management on Wolf Lake \nPractice Unit Cost \n(w/installation) \nNumber of Units Total Cost \nMonitoring    $13,622.00 \nMgt. Plan Development $266/day 7 $1,860.00 \nMapping $554/day 4 $2,216.00 \nTOTAL   $17,698.00 \n \n \n \n\n 21 \n \nFuture Housing Development \n \nParticipants \n \nDelta F.A.R.M. \nDelta Wildlife  \nMississippi Department of Environmental Quality (MDEQ) \nPrivate Landowners and Homeowners \n \nImplementation/Action \n \nConcern exists among residents and stakeholders in the Wolf Lake watershed of future \ndevelopment and the possible impacts on the landscape and water quality.  Sediment \nloading from construction sites is of minimal concern now, but as more development \ntakes place it could present a problem in the future.  If local stakeholders are willing, the \nparticipants plan to work with residents in the watershed and provide any assistance with \ndeveloping a homeowners association or other organization of that nature.  Once \nestablished, MDEQ can provide guidance and technical assistance on how development \ncan occur with minimal impacts on water quality and the environment.   \n \nBudget \n \nBecause only technical assistance and advice would be provided, no budget was \ndeveloped for this item. \n \n   \n \n \nEducation Strategy \n \nGoal \n \nThe overall objective of the education strategy in the Wolf Lake watershed is to develop \nan atmosphere that promotes sustained, long-term protection and improvement of aquatic \nresources in the watershed. Specific objectives of education efforts in the watershed \ninclude the following. \n \n• Increase farmer and landowner awareness of the value of clean water and their \nresponsibility to insure others downstream have clean water. \n• Increase farmer and landowner knowledge of programs that offer financial and/or \ntechnical assistance to plan, design, and/or install BMPs to improve water quality.   \n• Increase public awareness of the value of clean water. \n\n 22 \n• Increase public awareness of how common activities affect water quality and \ncritical flora and fauna. \n• Increase public awareness of how BMPs can be used to reduce negative water \nquality and habitat affects. \n• Increase public awareness of the long term environmental and economic \nadvantages of protecting and improving water quality and habitat in the Wolf \nLake watershed. \n \nParticipants \n \nDelta F.A.R.M. \nDelta Wildlife \nMississippi Depar"
}