{
  "slug": "wolf-river-watershed-plan-2009",
  "source": "Wolf_River_Watershed_Plan_2009.pdf",
  "length": 107707,
  "part": 6,
  "text": "llection and compilation of existing GIS data \nas well as the incorporation of newly collected data into the GIS database.  The budget \n\nWatershed Implementation Plan \nWolf River \n2009 \n36 \n \nalso  includes  map  preparation,  compilation,  and  integration  into  the  WIP.    The  budget  \nfor watershed mapping is anticipated to be at $10,000. \n \n \n7.4 COORDINATED MEDIA CAMPAIGN \n \n7.4.1 Desired Benefits \n \nLocal  media  outlets  will  be  encouraged  to  present  information  on  watershed-related \nactivities such as opportunities for public involvement and general news stories relating \nto  conservation  efforts  taking  place  in  the  watershed.    The  media  campaign  will  \nspecifically target those media outlets with exposure in and around the watershed.  The \nprimary  goal  of  the  coordinated  media  campaign  will  be  to  increase  the  level  of  \nawareness of the watershed and water quality issues associated with the watershed. \n \nThrough the coordinated media campaign, the WRCS and the WIT will develop a series \nof public service announcements focusing on recreation opportunities in the watershed \nand general water quality issues in the watershed.   \n \n7.4.2 Activities \n \nThrough the coordinated media campaign, the WRCS and the WIT will develop a series \nof public service announcements focusing on recreation opportunities and general water \nquality issues in the watershed.   \n \nThe  media  campaign  will  focus  its  efforts  on  providing  information  through  fishing  and  \nhunting  television  programs,  newspaper  and  magazine  articles.    In  addition,  a  public  \nservice  announcement  will  be  prepared  and  provided  to  local  radio  and  television  \nstations. \n \n7.4.3 Participants \n \nWRCS The  Wolf  River  Conservation  Society  and  the  WIT  will  work  together  to  \nestablish  priority  messages  for  public  service  announcements  and  other  \ninformation to be distributed to media outlets. \n \nWIT The WIT will assist the WRCS in identifying appropriate media outlets and \nopportunities for media coverage of implementation activities. \n \n7.4.4 Schedule \n \nThe WRCS has previously coordinated educational opportunities via print media outlets \nand  will  continue  to  lead  the  media  campaign  with  the  assistance  of  other  entities  and  \n\nWatershed Implementation Plan \nWolf River \n2009 \n37 \n \nthe WIT.  The coordinated media campaign will begin in early 2010 and is expected to \nbe completed by December 2010. \n \n7.4.5 Budget \n \nIt is anticipated that the overall cost of conducting the coordinated media campaign will \nbe approximately $10,000.00 \n \n \n7.5 DEVELOPMENT OF EDUCATIONAL MATERIALS \n \n7.5.1 Desired Benefits \n \nThe WRCS and the WIT will utilize a variety of strategies to provide general educational \ninformation to stakeholders and other interested parties.  Through this effort, the WRCS \ndesires  to  reach  a  broad  audience  with  a  series  of  messages  related  to  water  quality,  \nrecreational  opportunities,  benefits  of  conservation  easements,  and  other  issues  of  \nconcern related to the Wolf River Watershed. \n \n7.5.2 Activities \n \nThrough the development of educational materials, the WRCS will employ four specific \nstrategies to include: \n• Development of factsheets and brochures specific to the Wolf River Watershed; \n• Execution  of  a  mass  mail-out  of  brochures  and  other  information.    The  mass  \nmail-out will specifically target property owners within the watershed; \n• The  WRCS  will  develop  a  table-top  display  of  materials  to  include  educational  \ninformation,  pictures,  and  maps  of  the  watershed.    The  table-top  display  will  \ninitially  be  set  up  at  public  venues  within  the  watershed  including  schools  and  \nother  public  buildings.    The  table-top  display  will  also  be  used  by  the  WRCS  at  \nconferences and trade shows throughout the region; and \n• The  WRCS  will  also  develop  a  website  that  will  include  information  about  the  \nWRCS  but  will  also  include  information  pertinent  to  the  WIP  including  the  final  \nplan document, images from the watershed, maps of the watershed, a schedule \nof  events,  links  to  agency  and  other  supporting  websites,  and  e-mail  links  to  \nallow viewers to contact WRCS representatives.  In addition, the WRCS will set \nup  a  page  on  a  social  networking  website  to  facilitate  broader  coverage  of  the  \nWRCS’s mission and message. \n \n7.5.3 Participants \n \nWIT Will  discuss  and  provide  input  on  specific  information  to  be  included  in  \neducational materials to be prepared. \n\nWatershed Implementation Plan \nWolf River \n2009 \n38 \n \n \nWRCS Will  identify  specific  issues  to  be  communicated  in  prepared  educational  \nmaterials  and  will  work  with  the  consultant  and  a  website  development  \ncompany to develop a WRCS website. \n \n7.5.4 Schedule \n \nBrochures and the table-top display will be developed during the first quarter of 2010.  It \nis  anticipated  that  the  mass  mail-out  will  be  conducted  in  the  second  quarter  of  2010.    \nWebsite  development  will  begin  in  the  first  quarter  of  2010  with  the  goal  of  having  the  \nwebsite “live” by mid-year 2010. \n \n7.5.5 Budget \n \nActivities to be implemented through this strategy will require the largest component of \nthe project budget and will include: \n \n• Development of factsheets and brochures  $10,000.00 \n• Mass mail-out        $5,000.00 \n• Table-top display development      $5,000.00 \n• Website development     $10,000.00 \nTotal Cost Estimate $30,000.00 \n \n \n7.6 E\nXPEDITION BASED EDUCATION \n \n7.6.1 Desired Benefits \n \nThe desired benefit of this strategy is to create a sense of ownership of the Wolf River in \nall  stakeholders.    The  concept  of  “out  of  sight,  out  of  mind”  is  often  associated  with  \nenvironmental issues such as watershed heath.  Once on the river, it is very difficult to \ndeny its beauty, inherent worth and the necessity for conservation. \n \n7.6.2 Activities \n \nTwo  primary  activities  are  proposed  for  this  strategy  and  are  primarily  designed  to  \nincrease  awareness  of  the  watershed  and  to  provide  opportunities  for  participants  to  \ngain “first-hand” experiences in the watershed.  The proposed activities include: \n \n• Participation  in  existing  community  events  to  include  providing  educational  and  \npromotional  materials  related  to  the  Wolf  River  Watershed.    The  Conservation  \nSociety will work to participate in at least three events in 2010 with the intent of \n\nWatershed Implementation Plan \nWolf River \n2009 \n39 \n \nparticipating  in  a  variety  of  events  to  include  all  areas  of  the  watershed.  \nExamples of existing events the Conservation Society may participate in include: \no The Coastal Development Strategies Conference – May 12-13, 2010 \no Blueberry Jubilee: Poplarville, MS – Dates to be announced \no Mississippi Coastal Cleanup 2010 – October 16, 2010 \no Celebrate  the  Gulf  2010  –  Environmental  Education  Festival  –  April  10,  \n2010 \no Lumberfest: Lumberton, MS – Dates to be announced \n• The WRCS will organize and execute a series of stream clean-up events through \nwhich   local   stakeholders   may   participate   in   cleaning   up   targeted   stream   \nsegments along the Wolf River.  It is anticipated that two events will be organized \nand executed in 2010. \n \n7.6.3 Participants \n \nWRCS Will identify specific events and will coordinate and facilitate participation. \n \nWIT  Organization and advertisement of expedition events. \n \nMWFP Will   provide   educational   information   and   participation   in   both   the   \nwatershed   fair   and   clean-up   events   to   include   an   Adopt-A-Stream \nworkshop to be held in conjunction with the watershed fair. \n \nMDEQ Will provide logistical support for both proposed events. \n \nVolunteers Will  participate  in  both  events  and  will  assist  with  logistical  and  planning  \nsupport \n \n7.6.4 Schedule \n \nThe WRCS will conduct two stream clean-up events during 2010 to include one in the \nspring  and  one  in  the  fall.    It  is  anticipated  that  participation  in  fairs  and  events  \nthroughout the watershed will be based on actual scheduling of events. \n \n7.6.5 Budget \n \nThe budget for this strategy is approximately $20,000 and includes support for clean-up \nand watershed fair activities. \n \n \n \n \n \n\nWatershed Implementation Plan \nWolf River \n2009 \n40 \n \n \n7.7 W\nATERSHED SIGNAGE \n \n7.7.1 Desired Benefits \n \nThe  placement  of  signage  throughout  the  watershed  will  have  the  benefit  of  creating  \nwatershed awareness and will also serve to educate the motoring public on the various \nelements of the watershed including the location of specific streams and water bodies.  \nThe placement of signage will also be used to identify public access locations with the \ndesired benefit of increasing the level of recreational activity within the watershed.  \n \n7.7.2 Activities \n \nA  variety  of  options  exist  for  the  content  and  placement  of  signs  within  the  watershed.    \nOne option involves the placement of signs on major highways at the entrances to the \nwatershed.    Previous  experience  has  indicated  that  MDOT  will  not  allow  watershed  \nsigns  to  be  placed  on  State  or  Federal  highways  at  watershed  boundaries.    As  an  \nalternative, the WRCS will evaluate county transportation routes that intersect the Wolf \nRiver  and  will  work  with  county  Boards  of  Supervisors  to  procure  and  install  signs  at  \nthese intersections.   \n \nPlacement  of  signs  at  public  access  points  will  require  identification  of  existing  public  \naccess locations and development of appropriate signage at these identified locations. \n \n7.7.3 Participants \n \nWRCS In  cooperation  with  the  counties  within  the  watershed,  the  WRCS  will  \ndetermine strategic locations for placement of the signs. \n \nCounties Will provide guidance as to the placement of signs and will provide direct \nassistance in the assembly and installation of signs. \n \nMDEQ MDEQ   will   provide   assistance   by   helping   to   identify   optimum   sign   \nplacement  within  the  watershed  and  by  coordinating  installation  activities  \nwith MDOT. \n \nWIT Will  coordinate  with  watershed  counties  to  identify  sign  locations  and  will  \ncoordinate design and acquisition of signs. \n \n7.7.4 Schedule \n \nSign locations will be identified during the first quarter of 2010.  Signs will be purchased \nand installed during the second and third quarters of 2010. \n\nWatershed Implementation Plan \nWolf River \n2009 \n41 \n \n \n7.7.5 Budget \n \nThe budget for the watershed signage component will be $10,000.00. \n \n7.  8  WEST HARRISON HIGH SCHOOL PARTNERSHIP \n \n7.8.1 Desired Benefits \n \nThe  desired  benefit  to  a  partnership  with  the  West  Harrison  High  School  (WHHS)  is  \nincreased awareness of watershed concerns of students and faculty.  This partnership \nis designed to provide supplemental curriculum focused on conservation, environmental \nconcerns, heritage and cultural history related to the Wolf River watershed.   \n \n7.8.2 Activities \n \nVolunteers  from  the  Wolf  River  Conservation  Society  will  facilitate  establishment  and  \nsponsorship of a Key Club at West Harrison High School.  The Key Club will engage in \neducational   and   service   opportunities   related   to   environmental   management   and   \nstewardship of the Wolf River Watershed. \n \n7.8.3 Participants \n \nWHHS Students will participate in Key Club meetings and associated educational \nand service activities. \n \nWRCS  The Wolf River Conservation Society will facilitate organization and \nsponsorship of a Key Club at West Harrison High School including \nidentification of teachers to serve as staff representatives for the club. \n \nWIT The WIT will coordinate with WHHS and the WRCS to facilitate \nimplementation of activities. \n \n7.8.4 Schedule \n \nOrganization  of  the  Key  Club  will  take  place  by  the  end  of  the  2009-2010  school  year  \nwith planned activities in the spring and in the fall of the 2010-2011 school year. \n \n7.8.5 Budget \n \n\nWatershed Implementation Plan \nWolf River \n2009 \n42 \n \nActivities related to the Key Club will be volunteer based with the WRCS and the School \nproviding  support.    It  is  anticipated  that  costs  associated  with  this  activity  will  be  \nminimal. \n\nWatershed Implementation Plan \nWolf River \n2009 \n43 \n \n8.0 PLAN EVALUATION \n \nThis  watershed  implementation  plan  will  be  evaluated  and  revised  during  the  first  \nquarter of 2011.  The purpose of this evaluation is to ensure that the provisions of the \nplan  are  having  the  intended  effect  and  to  ensure  that  the  goals  and  objectives  of  the  \nplan are being met.  In the event that the intended results are not being achieved, the \nplan will be revised as appropriate.  In addition, the plan evaluation and revision process \nis  designed  to  provide  for  a  mechanism  for  the  WRCS  to  continue  to  follow  plan  \nelements beyond the period of grant funding from MDEQ.   \n \nThe  review  process  will  involve  a  meeting  of  the  WIT  to  discuss  and  review  progress  \nmade  during  the  previous  year  as  determined  by  on-going  monitoring  conducted \nthroughout the year.  During that meeting, the team will determine if recommendations \nneed to be made concerning the revision of the plan.  Once those determinations have \nbeen made, participating stakeholders will be notified of the intended revisions and will \nbe  given  an  opportunity  to  review  and  comment  on  the  proposed  revisions.    The  \nfollowing  schedule  is  representative  of  the  review  and  revision  schedule  that  will  be  \nfollowed by the WIT: \n \nReview Activity \nJanuary  February March \nWk \n1 \nWk \n2 \nWk \n3 \nWk \n4 \nWk \n1 \nWk \n2 \nWk \n3 \nWk \n4 \nWk \n1 \nWk \n2 \nWk \n3 \nWk \n4 \nWIT Review Meeting                         \nSubmission of Proposed Changes to Stakeholders                         \nStakeholder Review and Comment Period                         \nIncorporation of Comments into Plan Revisions                         \nFinalize Revisions and Submit to DEQ for Review                         \n\nWatershed Implementation Plan \nWolf River \n2009 \n44 \n \n9.0 PLAN REVISION \n \nAfter  the  plan  has  been  appropriately  evaluated,  and  if  revisions  have  been  deemed  \nnecessary,   the   WRCS,   the   WIT   and   MDEQ   will   prepare   a   revised   watershed   \nimplementation  plan  that  will  include  changes  requested  by  the  stakeholders.    If  \nnecessary,  a  follow-up  meeting  may  be  called  to  reconcile  conflicting  comments  or  \nmodification requests. \n \nIn  the  event  that  implementation  of  the plan  is  achieving  the  desired  results,  the  plan  \nmay  still  be  modified  to  address  different,  new  or  emerging  issues  that  may  have  the  \npotential to impact water quality and the objectives of the plan.  If the evaluated results \nare satisfactory and changes specific to the scope of the plan are warranted, the same \nprocedure  for  plan  review  and  revision  will  be  followed  to  ensure  that  all  appropriate  \nelements  of  the  plan  are  addressing  water  quality  issues  affecting  the  watershed.    In  \neither case, the procedures to be followed for plan review and revision will include those \nelements listed in the above table. \n\nWatershed Implementation Plan \nWolf River \n2009 \nI \n \n10.0  APPENDICES \n \n\nWatershed Implementation Plan \nWolf River \n2009 \nII \n \n \nAPPENDIX A: COMMONLY USED ACRONYMS \n \nATV     All Terrain Vehicle  \nBMPs  Best Management Practices \nCFR    Code of Federal Regulations \nFEMA  Federal Emergency Management Agency \nGEMS  Gulf Ecological Management Site \nGIS  Geographic Information Systems \nHUC    Hydrological Unit Code \nMARIS Mississippi Automated Resource Information System \nMDEQ Mississippi Department of Environmental Quality \nMDMR Mississippi Department of Marine Resources \nMDOT  Mississippi Department of Transportation \nMWF   Mississippi Wildlife Federation \nMWFP Mississippi Department of Wildlife and Fisheries \nNRCS  Natural Resources Conservation Service \nSMZs   Streamside Management Zones \nTMDL  Total Maximum Daily Load \nUSFS  United States Forest Service \nUSGS  United States Geological Survey \nWHHS West Harrison High School \nWIP     Watershed Implementation Plan \nWIT  Watershed Implementation Team \nWRCS  Wolf River Conservation Society \n\nWatershed Implementation Plan \nWolf River \n2009 \nIII \n \n \nAPPENDIX B: MISCELLANEOUS WATERSHED MAPS \n\nWatershed Implementation Plan \nWolf River \n2009 \nIV \n \n\nWatershed Implementation Plan \nWolf River \n2009 \nV \n \n\nWatershed Implementation Plan \nWolf River \n2009 \nVI \n \n\nWatershed Implementation Plan \nWolf River \n2009 \nVII \n \n\nWatershed Implementation Plan \nWolf River \n2009 \nVIII \n \n\nWatershed Implementation Plan \nWolf River \n2009 \nIX \n \n \nAPPENDIX C: MDEQ ENVIRONMENTAL RESOURCE RANKING MAPS \n\nWatershed Implementation Plan \nWolf River \n2009 \nX \n \n\nWatershed Implementation Plan \nWolf River \n2009 \nXI \n \n\nWatershed Implementation Plan \nWolf River \n2009 \nXII \n \n\nWatershed Implementation Plan \nWolf River \n2009 \nXIII \n \n\nWatershed Implementation Plan \nWolf River \n2009 \nXIV \n \n\nWatershed Implementation Plan \nWolf River \n2009 \nXV \n \n\nWatershed Implementation Plan \nWolf River \n2009 \nXVI \n \n\nWatershed Implementation Plan \nWolf River \n2009 \nXVII \n \n\nWatershed Implementation Plan \nWolf River \n2009 \nXVIII \n \n\nWatershed Implementation Plan \nWolf River \n2009 \nXIX \n \n \n\nWatershed Implementation Plan \nWolf River \n2009 \nXX \n \n "
}