{
  "slug": "middle-porter-bayou-watershed-plan-2013",
  "source": "Middle_Porter_Bayou_Watershed_Plan_2013.pdf",
  "length": 108477,
  "part": 7,
  "text": "ervice. National Sedimentation Laboratory. Channel and Watershed Processes Research \nUnit. \nStewart, R.A. 2003. Physiographic regions of Mississippi. Handout, Department of Biological \nSciences, Delta State University. Cleveland, MS. \nThomann and Mueller. 1987. Principles of Surface Water Quality Modeling and Control. New York: \nHarper Collins. \nYMD. 2008. 2008 Annual Report. YMD. Stoneville, MS. Online at \nhttp://www.ymd.org/pdfs/2008annualreportfinal.pdf \n \n \n \n \n \n12-1 "
}