{
  "slug": "overcup-slough-watershed-plan-2013",
  "source": "Overcup_Slough_Watershed_Plan_2013.pdf",
  "length": 100087,
  "part": 3,
  "text": "-flowing \nSmall \nFlowing \nSmall Flowing + Non-Flowing \n25 11 13 13 \n50 14 15 15 \n75 17 17 17 \nHarris Bayou Mouth 14 -- -- \n \n \n \n \n \n \n \n \n3.4   Evaluation of Overcup Slough Fish Community \nThis evaluation of the Harris Bayou (HUC 10) watershed that encompasses the Overcup Slough \nwatershed fish community is based on sampling performed by EDRC (Engineering Development and \nResearch Center, US Army Corps of Engineers, Vicksburg, MS). Sampling was performed as part of \nstream community monitoring conducted by ERDC to assess the condition of fish communities in MS \nDelta streams. The sampling data provided the basis for the development of an index of biotic integrity \nsensu Karr (1981). The index uses metrics that capture the variety of feeding types (e.g. insectivores, \npredators), habitat selection (e.g. preferring current vs. pools) and taxonomy (e.g. sunfish and minnows) \npresent in a sample of fish. Sampling was conducted with seines according to a standardized protocol. \nEach sampling site was assigned an IBI score based on the values of the population metrics. Streams \nwere categorized as large unregulated or small, and flowing or non-flowing. Higher IBI scores \nindicate a more diverse fish community. \nHarris Bayou was placed in the small non-flowing category. Fish sampling was \nconducted at a single location on June 6, 2006 and showed an IBI value of 14. This value is \ncompared with other streams in both the flowing and non-flowing categories in Table 3.1. The \nresults show that, at the time of sampling, the quality of the fish community could be described \nas “intermediate” among similar streams. The applicability of these results, which were obtained \nin 2006, would depend on whether significant changes in habitat and water quality have occurred \nbetween 2006 and the present. \n \n \nTable 3.1.   Comparison of ERDC IBI Values for 3 Delta Water Body Categories with \nthe Harris Bayou IBI Value from June 6, 2006 Sampling \n \n \n \n \n \n \n \n \n \n \n \n \n \n \n \n \n \n \n \n \n \n \n3-  2 \n\n \n \n \n \n \n \n \n \n3.5   Recreation \n There are very few opportunities for in-stream recreational use on Overcup Slough and its \ncontributing tributaries. Low water levels, flows, and dissolved oxygen during late summer months limit \nthe existence of desirable fish species. Also, public access to Overcup Slough is very limited.  \n \n \n \n \n \n \n \n \n \n \n \n \n \n \n \n \n \n \n \n \n \n \n \n \n \n \n \n \n \n \n \n \n \n \n \n \n \n \n \n \n \n \n \n \n \n \n \n \n \n \n \n \n \n \n \n \n \n \n3-  3\n\n \n \n \n \n \n \n \n \n \n4.0 STAKEHOLDER INTERESTS/ISSUES \n \n \nProducers living or farming in the Overcup Slough watershed identified watershed issues \n they would like addressed through a Watershed Implementation Plan. These included sediment, \nnutrients, pesticides, declining water table and stream flows, water management, loss of coastal \nmarsh, and financing. This plan will also address the water quality impairments identified in the \n2006 303(d) list for which TMDLs have been completed. These issues, and their causes and \nsources are discussed in greater detail below. \n \n \n \n4.1   Water Management \n  \n Water management issues include both flooding and drought. The stakeholders identified \nflooding as an issue in the Overcup Slough watershed, as well as the need for improved water use \nefficiency and storage capacity. \n \n \n \n4.1.1 Locations Where Water Management is an Issue \nStakeholders were concerned that irrigation water be managed better so that less is lost \ndownstream. Flooding was also raised as an issue, however, no specific locations were identified \nas particularly problematic. Given the flat topography and presence of poorly drained soils, it is \nlikely this is an issue throughout the watershed. \n \n \n \n4.1.2 Causes \nDuring storms, water backs up and causes flooding. During the growing season, rainfall \nand surface water are not adequate to support crops. \n \n \n \n4.1.3 Sources \nTerrain in the watershed is relatively flat, making it less likely to drain well during \nstorms. In addition, stakeholders have identified sedimentation as contributing to flooding by \nreducing the conveyance capacity of ditches and streams. Regional climate determines the \nnatural availability of water during the growing season. \n \n \n \n \n \n \n \n4-  1\n\n \n \n \n \n \n \n \n \n4.2   Water Level Declines \nGroundwater levels in the Overcup Slough watershed have declined to the point that \nproducers have to drill deeper wells to access the water. Regional estimates of groundwater level \nchange in the Delta indicate that between 1998 and 2008 the average groundwater level decline \nin the area of the Overcup Slough watershed ranged from zero to 0.9 foot per year (YMD 2008). \nStakeholders are also concerned about decreased water levels in the Sunflower River, used as a \nsource of irrigation water and recreation. \n \n \n \n4.2.1 Locations Where Water Level Declines are an Issue \nGroundwater levels are declining throughout the watershed (YMD 2008). Recharge of \nthe shallow aquifer occurs from the Sunflower River, other streams, lakes and impoundments \nthat incise the confining layer overlaying the aquifer (Renken 1998). The majority of recharge is \nfrom infiltration of rainfall, despite the fact that soils in the Delta tend to be poorly drained \n(Arthur 2001). \nDeclining water levels in the Sunflower River are also a concern of Overcup Slough \nstakeholders. \n \n \n \n4.2.2 Cause \nWater is being withdrawn from the aquifer faster than it is being recharged. Base flows in \nmost Delta streams naturally decrease during the summer months due to less rainfall. The decline \nin the Sunflower River water levels has occurred because the groundwater levels have declined \nbelow the level of the Sunflower River (Renken 1998). \n \n \n \n4.2.3 Sources \nIrrigation accounts for the majority of the ground and surface water withdrawals in the \nOvercup Slough watershed. As noted in Section 3.2, groundwater is also used to supply drinking \nwater in the watershed. \n \n \n \n \n \n \n \n \n \n \n \n \n4-  2\n\n \n \n \n \n \n \n \n \n4.3   Sediment \nStakeholders noted that sedimentation in ditches and streams contributes to flooding. \nThey also expressed concern that the presence of Herbicide-resistant weeds in the watershed may \nresult in increased cultivation (i.e., decreased no-till practice), which could increase erosion and \nsediment loads. MDEQ has determined that there is a high probability that sediment loads in Richies \nBayou and Overcup Slough are at levels that interfere with fish and other wildlife.  High sediment loads \ncan affect aquatic life by causing reduced visibility (when the sediment is suspended in the water column) \nor by changing stream habitat when the sediment is deposited (e.g., covering spawning areas). The \nsediment TMDLs for these water bodies recommend that sediment loads to these water bodies be reduced, \nalthough the recommended reduction is not explicitly specified. \n \n \n \n4.3.1 Locations Where Sediment is an Issue \n \nStakeholders identified drainage ditches and streams as places where sedimentation is an \nissue. MDEQ identified Richies Bayou (near Sherard from headwaters to confluence with Overcup \nSlough) and Harris Bayou (near Beverly from headwaters at Richies Bayou to the Big Sunflower River  as \nareas where sediment was expected to be a water quality issue. \n \n \n \n4.3.2 Cause \nSediment is the pollutant causing sedimentation and turbidity issues in these water \nbodies. Sediment is created by erosion of soil particles from land surfaces in the watershed and \ndetachment of soil from the banks and beds of water bodies. Soils in the watershed tend to be \nfine grained, which could make them more susceptible to erosion. \n \n \n \n4.3.3 Sources \nOn the Mississippi 2006 303(d) list, nonpoint sources are listed as the sources of \nsediment causing the impairments in the listed water bodies in the Overcup Slough watershed. In \nthe sediment TMDL that addresses these impairments, a number of likely sediment sources were \nidentified (MDEQ 2008d). These included agriculture, construction sites, roads, urban areas, \n \n \n \n \n \n \n \n \n4-  3\n\n \n \n \n \n \n \n \n \nmass wasting, gullies, channel instability, channel modification, and historical land use activities. \nLocations of gullies and other erosion “hot spots” in the Overcup Slough watershed will be \nidentified as part of the implementation of management activities described in this plan. The \nmajority of sediment loading to streams occurs during rain storms as a result of runoff and high \nvelocity flows (Meade et al. 1990). \n \n \n \n4.4   Nutrient Enrichment \nStakeholders identified nutrients in runoff as an issue of concern. Stakeholders also \nexpressed concern about the costs associated with variable-rate fertilizer applications (i.e., precision \nagriculture). MDEQ has determined that there is a high probability that nutrient c oncentrations in \nRichies Bayou and Overcup Slough are at levels that can create conditions harmful to fish and other \nwildlife. High nutrient concentrations can support unusually high growth of algae or other aquatic \nplants. When the algae die, their decomposition uses oxygen from the water, which can result in low \noxygen levels that are harmful to fish and other aquatic life. The TMDLs for these water bodies \nrecommend reductions of total phosphorus loads by about 95%, and reductions of total nitrogen loads \nby about 85% (see Table 2.1). \n \n \n \n4.4.1 Locations Where Nutrient Enrichment is an Issue \nStakeholders did not identify specific locations where nutrients are a water quality issue. \nThe following stream reaches were identified in the 2006 303(d) list as having impaired water \nquality due to nutrient enrichment: \n \n \n• Richies Bayou from the headwaters near Sherard, MS to the confluence with Overcup Slough; \n• Overcup Slough from the headwaters at Richies Bayou near Beverly, MS to the confluence with \nthe Sunflower River. \n \n \n \n \n \n \n \n \n \n \n \n \n \n \n \n4-  4\n\n \n \n \n \n \n \n \n \n4.4.2 Cause \nNitrogen and phosphorus are the pollutants that are suspected of causing eutrophic \nconditions in these water bodies with high productivity and low dissolved oxygen levels. Total \nnitrogen and total phosphorus are the species of these nutrients that were addressed in the \nTMDLs (MDEQ 2008a,b,c). \n \n \n \n4.4.3 Sources \nNutrient loads are contributed by point sources and nonpoint sources in the watershed. \n \n \n \n4.4.3.1 Point Sources \nTwo NPDES permitted point sources discharge to Overcup Slough or its tributaries. They \nare Farrell POTW (MS0045187), and Mascot Planting Company (MS0022225) (enSearch accessed ). \nBoth permits are for the discharge of treated domestic wastewater (i.e., treated sewage).  The NPDES \npermit for the Farrell POTW includes limits for ammonia thatwill go into effect in 2012. The NPDES \npermit for the Mascot Planting Company does not include limits for nutrients. Treated domestic \nwastewater often contains phosphorus and other nitrogen species (e.g., nitrate) (EPA 2009). \n \n \n \n4.4.3.2 Nonpoint Sources \nTotal nitrogen is a combination of the many forms of nitrogen found in the environment. \nInorganic nitrogen can be transported in particulate and dissolved phases in surface runoff. Dissolved \ninorganic nitrogen can enter groundwater through infiltration, and may enter a water body through \ngroundwater seepage or discharge. Finally, atmospheric gaseous nitrogen may enter a water body \nthrough diffusion, and dissolved and particulate nitrogen species can enter through atmospheric \ndeposition. \nPhosphorus is primarily transported in surface runoff when it has been sorbed to eroding \nsediment. Phosphorus may also be associated with fine-grained particulate matter in the atmosphere \nand can enter streams as a result of dry fallout and rainfall (EPA 1999). Phosphorus may also be \ncontained in the surface runoff due to fertilizers and animal excrement or watersheds with naturally \noccurring soils that are rich in phosphorus (Thomann and Mueller, 1987). \n \n \n \n \n \n \n \n \n4-  5\n\n \n \n \n \n \n \n \n \nWatersheds with a large number of failing septic tanks may also deliver significant loadings of \nphosphorus to a waterbody. Phosphorus levels are also high in groundwater in the Delta, so \nphosphorus in surface waters can also come from groundwater seepage or discharge. USGS has \nan ongoing sampling program to quantify the cause of phosphorus in groundwater. \nOn the Mississippi 2006 303(d) list, nonpoint sources are listed as the sources of nutrients \ncausing the impairments in Richies Bayou and Overcup Slough. In both nutrient TMDLs, cropland \nwas assumed to contribute the majority of the nutrient load to the water bodies (MDEQ 2008a,b,c). \nAs noted in Section 2.5, there are approximately 17,877 acres of cropland in the Overcup Slough \nwatershed. \n \n \n4.5   Organic Enrichment and Low DO \nThe presence of high levels of organic material in water bodies can reduce water oxygen \nlevels such that aquatic life cannot be supported. The TMDLs addressing these impairments state \nthat reducing nutrient loads is expected to reduce organic enrichment and low dissolved oxygen \nconditions (MDEQ 2008a,b,c). Therefore, no reduction is specified in the TMDLs for organic \nmaterial (TBODu). \n \n \n \n4.5.1 Locations Where Organic Enrichment and Low DO are Issues \nThe following stream reaches were identified in the 2006 303(d) list as impaired due to \norganic enrichment and low dissolved oxygen: \n \n \n• Richies Bayou from the headwaters near Sherard, MS to the confluence with \nOvercup Slough; \n• Overcup Slough from the headwaters at Richies Bayou near Beverly, MS to the \nconfluence with the Sunflower River. \n \n \n \n4.5.2 Cause \nThe TMDLs assumed that nutrient enrichment was the cause of the organic enrichment \nand low dissolved oxygen conditions (MDEQ 2008a,b,c). As described in Section 4.2, high \nnutrient concentrations in a water body can encourage the growth of aquatic plants, which \n \n \n \n \n \n \n \n4-  6\n\nDischarge Phase \nBODs Limits DO Limits \nAvg Max Min \nFarrell POTW \nI 45 mg/L 65 mg/L Report \nII 6 mg/L 9 mg/L 6 mg/L \nMascot Planting \nCompany \nNA 30 mg/L 40 mg/L NA \n \n \n \n \n \n \n \n \nbecomes organic material when it dies, and removes oxygen from the water as it decomposes. \nHigh levels of organic material decomposing in a water body deplete oxygen from the water and \nsuffocate aquatic life. \n \n \n \n4.5.3 Sources \nWhile nutrient enrichment is believed to be the primary cause of organic enrichment and \nlow dissolved oxygen conditions cited for the listed water bodies, there are potential sources of \norganic matter in the watershed that may also contribute to these conditions. They are discussed \nbelow. See Section 4.4.3 for a discussion of nutrient sources in the Overcup Slough watershed. \n \n \n \n4.5.3.1 Point Sources \nTwo NPDES permitted point sources discharge to Overcup Slough or its tributaries. They \nare Farrell POTW (MS0045187), and Mascot Planting Company (MS0022225) (enSearch accessed ). \nBoth permits are for the discharge of treated domestic wastewater (i.e.,treated sewage).  The NPDES \npermit for the Farrell POTW includes limits for oxygen demand and dissolved oxygen. The NPDES \npermit for the Mascot Planting Company also includes limits for oxygen demand (Table 4.1). While these \ntypes of discharges can deplete oxygen downstream of the discharge point, the effect is usually fairly \nlocalized. \n \n \nTable 4.1.   NPDES Permit Limits for Point Sources of Organic Enrichment \n \n \n \n \n \n \n \n \n \n \n \n \n4.5.3.2 Nonpoint Sources \nOrganic material, such as crop residue, leaves, and chaff, can be washed into the water \nbody from the surrounding land, and exert an oxygen demand as they decompose. Sources can \nalso include plants along the stream banks. \n \n \n \n \n \n \n \n4-  7 \n\n \n \n \n \n \n \n \n \n4.6   Pesticides \nStakeholders identified the potential for runoff to carry pesticides to ditches and streams \nas a concern. They also expressed concern that the presence of Herbicide-resistant weeds in the \nwatershed may lead to increased herbicide application. A fish consumption advisory is in effect \nfor long-lived pesticides in selected fish species that covers all Delta streams and lakes, including \nthose in the Overcup Slough watershed (see Section 2.6.2.4). Pesticide concentrations in soils, \nsurface water and groundwater have not been identified as a health concern. \n \n \n \n4.6.1 Locations Where Pesticides are an Issue \nLegacy pesticides in fish are an issue for all Delta water bodies, including Overcup Slough, \nits tributaries, and all other water bodies in the watershed. Stakeholders are concerned about the \neffects of current-use pesticides on wildlife that live in and use local ditches and streams. Herbicide-\nresistant weeds can occur in fields and lands around fields, including ditches. \n \n \n \n4.6.2 Causes \nDDT and Toxaphene are the pesticides named in the Delta-wide fish consumption \nadvisory. These pesticides degrade very slowly in the environment and are bioaccumulative, \nmeaning they accumulate in living tissue and can be passed on to other organisms, including \nhumans, through the food chain. Eventually, these pesticides can accumulate in certain fish \nspecies to the point that eating those fish can cause health problems in people. DDT and \nToxaphene have been measured in fish tissue throughout the Delta at levels that may harm \nhuman health. \n \n \n \n4.6.3 Sources \nStakeholders expressed concern about the potential for field applications of herbicides to \ncontribute pesticides to surface waters. As weeds become resistant to commonly-used herbicides, \napplication rates and frequency of herbicide applications can increase, which increases the potential for \nherbicides to enter surface waters. \n \n \n \n \n \n \n \n \n \n4-  8\n\n \n \n \n \n \n \n \n \nDDT and Toxaphene are no longer used in the US. The use of DDT was banned in the \nUS in 1973, and use of Toxaphene was banned in 1982. Historically, however, DDT and \nToxaphene were commonly used on croplands in the Delta, including the 17,877 acres of \ncropland in the Overcup Slough watershed. Because it takes decades for these chemicals to deg"
}