{
  "slug": "platner-bayou-tippo-bayou-9-key-element-plan-2021",
  "source": "Platner_Bayou_Tippo_Bayou_9_Key_Element_Plan_2021.pdf",
  "length": 28369,
  "part": 2,
  "text": "e Disposal Event” - The primary goal of this program is to help \nMississippi farmers and property owners minimize the environmental risks associated \nwith the disposal of waste-pesticide products by disposing of products in a safe and \nefficient manner. \n \nAs part of the education outreach efforts, the stakeholder group forming the Platner Bayou-Tippo \nBayou Watershed Implementation Team (WIT) will participate in a minimum of 3 face-to-face \nmeetings.  The purpose of these meetings is to provide updates on implementation activities, \neducation events and review and modify the watershed plan.  In concert with these WIT \nmeetings, and to incentivize stakeholder participation, project funding will be used to purchase \nfood and other refreshments for the WIT along with providing support for renting facilities in \nwhich to host those events.  In accordance with 41 CFR § 301-74.11, light refreshments, meals, \nand/or beverages are an allowable expense under CWA Section 319, provided a description of \nthe agenda, purpose, location, costs, etc., are outlined in an approved 319 grant workplan. The \npurpose of the meetings will be for updating the watershed plan, and hosting field days to \nshowcase the implemented BMPs for the public. At this time the exact number of participants \nand locations are not known therefore costs have been estimated for the purposes of this plan and \nwill be updated. \n \nElement f: Implementation Schedule \n \nSection 319 NPS funding will be used to support implementation of this watershed-based plan \nfor this HUC 12 sub-watershed.  MDEQ, along with support from the Watershed Implementation \nTeam and Project Manager (where applicable), will: \n \n1. Work to develop, execute, and implement a Subgrant Agreement that specifies the roles, \ntasks, requirements, and milestones for project implementation. (Month 1) \n \n2. Facilitate, in coordination with MDEQ and other partners, meetings, media and social \nmedia promotion of the project, and coordinate activities to fully implement this plan.  \n(Months 1-36) \n \n\nPlatner Bayou-Tippo Bayou Watershed GY 2021 \n10 \n \n3. Work with the Tallahatchie County SWCD, MSWCC, NRCS, and MDEQ to inform \nlandowners and operators within the watershed about the project and work to secure \ncommitments from priority area landowners and operators who are willing to participate \nin the project.  (Months 1-6) \n \n4. Work with the local SWCD, MSWCC, NRCS, and MDEQ to determine through GIS \napplications and intensive site surveys the priority areas within the sub-watershed that are \ncontributing significant pollutant loads.  All BMPs shall be installed in accordance with \nthe guidelines developed in the latest edition of the NRCS Technical Field Manual, or \nother approved guidelines.  (Months 1-36) \n \n5. Facilitate, in cooperation with MDEQ and other monitoring partners, the completion and \nimplementation of an effective and efficient plan to monitor baseline water quality \nconditions in the watershed and track changes in water quality over time resulting from \nthe BMPs implemented through this project.  (Plan Completion:  Months 1-2); \nImplementation:  Months 3-36) \n \n6. Submit blank copies of standard maintenance agreements to MDEQ. (Months 13-36) \n \n7. Conduct inspections of BMPs during construction (Months 3-36) \n \n8. Coordinate with and support the local SWCD, MSWCC and NRCS in the collection of \nrelevant GPS coordinates of all installed BMPs and incorporate this information into a \nGIS format.  All geospatial data shall be collected in a manner consistent with the Federal \nGeographic Data committee-endorsed standards.  (Months 3-36) \n \n9. Collect adequate photo documentation before, during, and after installation of the \napproved BMPs. (Months 3-36) \n \n10. Report measured, or estimated, nonpoint source pollutant load reduction, acreage \naffected, pre-and post- site conditions, and GIS data. (1-36) \n\nPlatner Bayou-Tippo Bayou Watershed GY 2021 \n11 \n \nElement g: Milestones and Outcomes \n \nMilestone Outcome Probable Completion \nDate \nContinue Coordinating with the MDEQ, \nNRCS, MSWCC, USGS, and the \nTallahatchie Co. Soil and Water District \nto determine additional priority areas that \nare contributing significant pollutant loads \nto Platner Bayou-Tippo Bayou Watershed \nTarget priority \nareas for BMPs \nMonths 1-36 \nInitiate watershed monitoring  Baseline condition \nmonitoring \nCompleted using historical \ndata \nMeet with landowners and cooperators to \ncontinue securing commitments to install \nBMPs in priority areas \nLandowner \nCommitment \nMonths 1-36 \nEstablish routine meeting schedule for \nWIT to support WBP revision \nWIT meetings Months 1-36 \nImplement BMPs BMP installation Months 1-36 \nCoordinate with Landowners to inspect \nBMPs that were installed using Section \n319 funds \nBMP Inspection Months 1-36 \nBegin monitoring to collect data on post-\nBMP water quality \nPost-BMP \nMonitoring \nMonths 42-48 \nImplement the developed education and \noutreach plan \nEducation/Outreach \nevents scheduled \nMonths 1-36 \nFinalize revised WBP Final Revised WBP Months 30-36 \n \nElement h: Load Reduction Evaluation \n \nThe State of Mississippi Water Quality Criteria for Intrastate, Interstate, and Coastal Waters \ndoes not include a water quality standard applicable to aquatic life protection due to sediment or \nnutrients. However, a narrative standard for the protection of aquatic life was interpreted to \ndetermine an applicable target for the Yazoo River Basin Delta Region TMDL. The narrative \nstandard states that waters shall be free from materials attributable to municipal, industrial, \nagricultural, or other dischargers producing color, odor, taste, total suspended solids, or other \nconditions in such degree as to create a nuisance, render the waters injurious to public health, \nrecreation, or to aquatic life and wildlife, or adversely affect the palatability of fish, aesthetic \nquality, or impair the waters for any designated uses.  In lieu of numeric criteria for sediment and \nnutrients, the monitoring will be conducted to collect data on parameters that are considered \nsurrogates for sediment (Total Suspended Solids, Total Suspended Sediment, turbidity) and \nnutrients along with conventional in-situ parameters generally measured to determine aquatic \nhealth (e.g. Dissolved Oxygen, pH, Temperature, Conductivity, Dissolved Solids) will also be \nobtained.  The following thresholds will be used to measure compliance applicable with water \nquality criteria and/or target thresholds:  \n \n \n\nPlatner Bayou-Tippo Bayou Watershed GY 2021 \n12 \n \nParameter Threshold \nDissolved Oxygen Daily Average of 5.0 mg/L; Instantaneous threshold of 4.0 mg/L \nDissolved Oxygen % \nSat ≥ 70% - ≤ 125% \npH 6.0-9.0 \nTemperature Not to exceed 90°F \nSpecific Conductance Less Than 1000 micromhos/cm \nDissolved Solids \nMonthly average less than 750 mg/L; instantaneous threshold less \nthan 1500 mg/L \nChemical Oxygen \nDemand 35 mg/L \nTotal Suspended \nSolids 65 mg/L \nTurbidity 75 NTU \nTotal Nitrogen \n0.58 mg/L annual concentration (numeric threshold established by \nTMDLs for Patterson Bayou and Tippo Bayou) \nTotal Phosphorus \n0.09 mg/L annual concentration (numeric threshold established by \nTMDLs for Patterson Bayou and Tippo Bayou) \n \nIn addition to chemical data, biological community data and in stream habitat surveys will be \ncollected over the course of the project to determine attainment of the Aquatic Life Designated \nUse.  These data are extremely helpful in identifying trends in water quality and should provide \ninformation to help determine if the implementation activities are resulting in water quality \nimprovements.      \n     \nIt should be noted that recovery time of a stream is variable and may extend beyond the \ntimeframe identified in the workplan.  At the end of the project, data will be analyzed to \ndetermine if the data indicate improvements to water quality in the Sherman Creek-Panola \nQuitman Floodway watershed.  In the event data indicate little or no positive change, a Stressor \nAnalysis will be conducted to determine if any new or additional stressors are preventing \nimprovements to water quality.  If any new stressors are identified, the Watershed \nImplementation Team will identify future actions/activities to address those stressors. \n \nElement i: Monitoring \n \nPrior to BMP installation, pre-implementation water quality chemical and biological monitoring \nwill be collected to serve as baseline data for the project along with any historical data available \non Tippo Bayou, Patterson Bayou, and Hubbard Creek. Water quality monitoring will include \nwater chemistry data (nutrients, suspended solids, oxygen demand, chlorides, etc.), in-situ field \nmeasurements for such parameters as dissolved oxygen, pH, temperature, specific conductance, \nand turbidity, datalogger (sonde) deployment for continuous in-situ field measurement data as \nwell as biological community monitoring for benthic macroinvertebrates and algal/periphyton \nchlorophyll-a in support of Delta nutrient criteria development. A list of this historical water \n\nPlatner Bayou-Tippo Bayou Watershed GY 2021 \n13 \n \nquality monitoring in the Platner Bayou-Tippo Bayou watershed is provided in the table below \nand their sample locations are shown in Figures 1 and 2. \n \nStation \nID \nWater \nBody \nSample \nYear(s) \nCollecting \nAgency \nProject Water \nChem \nIn-\nSitu \nSonde Benthics \nand/or \nAlgal \nYZ406 Hubbard \nCreek \n2004, \n2014  \nUSGS, \nMDEQ \nDelta \nNutrient, \nDelta \nBluff \nHills \nNutrient \nX X \n \nX \n \nPost-BMP monitoring locations will be selected using best professional judgement and will be \ntargeted to reflect water quality downstream of BMP activity.  Once BMP installation is \ncomplete, and there has been sufficient time for the stream to stabilize, post BMP monitoring \nwill be initiated.  Post BMP monitoring will be conducted in a way that allows for comparison \nwith the pre-implementation data.  Because recovery periods of streams can be dependent on \ntype and amount of BMPs installed, more than 1 year of post BMP data may be needed to \nobserve a change in water quality.  In some cases, it may take 5 or more years to see full benefits \nof BMPs. All data collection efforts will be conducted using trained personnel following \nestablished Standard Operating Procedures and adhering to agency Quality Assurance protocols.   \n \n \n "
}