{
  "slug": "ross-barnett-reservoir-watershed-plan-2011",
  "source": "Ross_Barnett_Reservoir_Watershed_Plan_2011.pdf",
  "length": 1021493,
  "part": 37,
  "text": "etation  within  \nshallow  depressions.  The  bioretention  system  may  be  \ndesigned  with  an  underdrain  to  collect  treated  water  \nand  convey  it  to  discharge,  or  it  may  be  designed  to  \ninfiltrate  the  treated  water  directly  to  the  subsoil.  \nBioretention  cells  are  capable  of  reducing  sediment,  \nnutrients, oil and grease, and trace metals. \n \nDesign Considerations \n• Maximum contributing drainage area of 5 acres. \n• Can be integrated with site landscaping. \n• Depending on the soil type and depth to water table, the bioretention area can be \ndesigned to infiltrate into the underlying soil. \n• Should be located close to the source of runoff to limit the amount of concentrated \nflow to the basin. \n• Not recommended in areas with steep slopes. \n• Detailed design information and requirements for bioretention basins/rain gardens \nare  available  in  the  Planning  and  Design  Manual  for  the  Control  of  Erosion,  \nSediment,  and  Storm  Water,  Volume  2:  Stormwater  Runoff  Management  Manual.  \nThis  publication  is  available  from  the  Mississippi  Department  of  Environmental  \nQuality (MDEQ) and online at http://www.deq.state.ms.us\n. \nImplementation \n• Urban retrofit. \n• New development. \n \nBioretention  basins  can  be  installed  in  existing  \nlandscaped  areas  and  designed  to  connect  to  \nexisting    stormwater    infrastructure    systems    \nwithin  the  developed  and  urbanized  area  of  the  \nwatershed.  In  addition  to  retrofitting,  they  can  \nbe    incorporated    into    the    design    of    the    \ndevelopments.  They  can  be  installed  in  any  soil  \nstormwater   management   system   of   proposed   \nSource: Mississippi Museum of Natural Science\nSource: Mississippi Museum of Natural Science \n\n \n \n \n \ntype;  however,  if  installed  in  a  low-permeability  soil,  the  bioretention  basins  shall  be  \ndesigned to not infiltrate into the ground. Non-infiltrating bioretention basins treat the \nstormwater  by  removing  suspended  solids,  nutrients,  and  pollutants  and  then  \ndischarging the stormwater into the stormwater conveyance system. \n \nPollutant Removal Efficiency \nPollutant Efficiency \nTotal Suspen(TSS) 80% to 90% (with pt) ded Solids re-treatmen\nTotal Nitrogen 30% to 50% (if soil media is at least 30 inches) \nTotal Phosphorus 30% to 90% \nMetals                                               40%                                               to                                               90%                                               \nPathogens (fecal coliform, E. coli)       ata       Insufficient       d\n \nBioretention Basin Vegetation \nndscape/sustainable/rain.htmlLink: http://msucares.com/lawn/la \nost \nthis practice may create additional site work costs as compared to conventional \nenefits \ne to small drainage areas. \nrticularly parking lots. \nce requirements. \n rates for relatively frequent storms. \nimitations \nd maintenance. \nhough it can be restored). \n \nC\nWhile \npractices, it can be offset by reduced infrastructure such as stormwater pipes, storm \ndrains,  and  stormwater  ponds.  Costs  per  acre  of  development  range  from  $5,000  to  \n$10,000  for  larger  areas  and  costs  per  square  foot  range  from  $3  to  $15.  In  some  \ncases, it has been found that bioretention can yield a 50% savings over conventional \nsystems for overall site drainage. In most cases, the area would have been landscaped, \nso  the  cost  of  installing  and  maintaining  a  bioretention  area  should  be  compared  to  \nthe cost of otherwise landscaping the area. \n \nB\n• Applicabl\n• Good for highly impervious areas, pa\n• Good retrofit capability. \n• Relatively low maintenan\n• Can be planned as an aesthetic feature. \n• Efficient pollutant removal method. \n• Can provide reduction in peak runoff\n• Can provide runoff volume reduction. \n \nL\n• Requires careful landscaping an\n• Not suitable for large drainage areas. \n• Surface soil layer may clog over time (t\n\n \n \n \n \n• Frequent trash removal may be required, especially in high-traffic areas. \nial. \naintenance \nuld  be  inspected  at  least  twice  annually,  and  following  any  rainfall  \nnspection. \nd  maintained  in  healthy  \nducation and Outreach \npractice  is  developers  and  decision-makers.  Developers  \n the fact sheet is adapted from: \nmittee.  2009.  Alabama  Handbook  for  \n• Vigilance in protecting the bioretention area during construction is essent\n• Required frequent maintenance of plant material and mulch layer. \n \nM\n• Systems  sho\nevent exceeding 2.5 inches in a 24-hour period, with maintenance or rehabilitation \nconducted as warranted by such inspection. \n• Trash and debris should be removed at each i\n• Vegetation  should  be  inspected  at  least  annually,  an\ncondition. \n \nE\nThe  target  audience  for  this  \nshould  be  encouraged  to  include  bioretention  in  the  design  for  retrofit  and  new  \nprojects. Opportunities to present information about this practice include collaborative \ntraining   and   workshops   and   the   green   infrastructure   (GI)   incentive   program.   \nDecision-makers include city and county government officials who approve stormwater \nmanagement  plans.  This  group  will  be  educated  about  bioretention  basins  through  \nparticipation in the watershed team and stormwater management training. Education \nof  officials  is  vital  to  preventing  delays  or  difficulties  in  the  permit  approval  process  \nthat may occur when GI practices are used in place of conventional practices. Property \nowners will be encouraged to use bioretention in model retrofit projects. \n \neferences R\nInformation in\n \nlabama  Soil  and  Water  Conservation  ComA\nErosion Control, Sediment Control, and Stormwater Management on Construction \nSites   and   Urban   Areas.   Volume   1:   Developing   Plans   and   Designing   Best   \nManagement  Practices.  Montgomery,  AL.  March  2009.  Accessed  September  \n2011 at \nhttp://swcc.alabama.gov/pages/erosion_handbook.aspx\n. \nAMECrotection,  Debo  and    Earth  &  Environmental,  the  Center  for  Watershed  P\nAssociates, Jordan Jones and Goulding, and the Atlanta Regional Commission. \n2001. Georgia  Stormwater  Management  Manual,  Volume  2:  Technical  Handbook  \n(first   edition).  Atlanta  Regional  Commission.  Accessed  September  2011  at  \nhttp://www.georgiastormwater.com/GSMMVol2.pdf\n. \n\n \n \n \n \nClark,  C.,  G.  Acomb,  M.  Dukes,  M.E.  Hostetler,  B.  Larson,  T.  Ruppert,  O.  Wells,  \nJ. Kipp, G. Boles, S. Hofstetter, B.T. Philpot, and H. Knowles. 2008. The Florida \nField  Guide  to  Low  Impact  Development:  Stormwater  Management  Practices  for  \nApplication  in  Master  Planned  Community  Development.  Program  for  Resource  \nEfficient Communities, University of Florida. 82 pp. \nComprehensive Environmental Inc. and New Hampshire Department of Environmental \nServices.  2008.  Post-Construction  Best  Management  Practices:  Selection  &  \nDesign.    Volume    2    of    New    Hampshire    Stormwater    Manual.    Accessed    \nSeptember 2011 at \nhttp://des.nh.gov/organization/commissioner/pip/publications/wd/document\ns/wd-08-20b.pdf. \nMassachusetts   Department   of   Environmental   Protection.   2008.   Structural   BMP   \nSpecifications  for  the  Massachusetts  Stormwater  Handbook.  Chapter  2  in  \nVolume 2 of Massachusetts Stormwater Handbook. Accessed September 2011 at \nhttp://www.mass.gov/dep/water/laws/v2c2.pdf\n. \nNorth   Carolina   Department   of   the   Environment   and   Natural   Resources.   2007.   \nStormwater  Best  Management  Practices  Manual.  North  Carolina  Department  of  \nthe  Environment  and  Natural  Resources,  Division  of  Water  Quality.  Accessed  \nSeptember 2011 at http://portal.ncdenr.org/web/wq/ws/su/bmp-manual\n. \nUS  Department  of  Defense.  2010.  “Low  Impact  Development”  [UFC  3-210-10].  Series  \n3-200:  Civil/Geotechnical/Landscape  Architecture  in  Unified  Facilities  Criteria. \nAdministered   by   the   US   Army   Corps   of   Engineers,   the   Naval   Facilities   \nEngineering  Command,  and  the  Office  of  the  Air  Force  Civil  Engineer.  15  \nNovember 2010. Accessed September 2011 at \nhttp://www.wbdg.org/ccb/DOD/UFC/ufc_3_210_10.pdf\n. \n\n \n \nStormwater Retention/ \nDetention Ponds\n \nDescription \nStormwater  ponds  (also  referred  to  as  retention  ponds,  wet  ponds,  or  wet  extended  \ndetention ponds) are constructed stormwater retention basins that have a permanent \n(dead storage) pool of water throughout the year. They can be created by excavating an \nalready  existing  natural  depression  or  through  the  construction  of  embankments.  \nThese  should  not  be  confused  with  conventional  dry  detention  basins  that  do  not  \nprovide a permanent pool. Dry detention basins fail to demonstrate an ability to meet \nthe  majority  of  water  quality  goals,  are  prone  to  clogging  and  resuspension  of  \npreviously  settled  solids,  and  require  a  higher  frequency  of  maintenance  than  wet  \nponds. \n \nIn a stormwater pond, runoff from each rain event is detained and treated in the pool \nthrough gravitational settling and biological uptake until it is displaced by runoff from \nthe  next  storm.  The  permanent  pool  also  serves  to  protect  deposited  sediments  from  \nresuspension.  Above  the  permanent  pool  level,  additional  temporary  storage  (live  \nstorage) is provided for runoff quantity control. \n \nThere  are  several  different  variants  of  stormwater  pond  design,  the  most  common  of  \nwhich include the wet pond, the wet extended detention (ED) pond, and the micropool \nED pond. In addition, multiple stormwater ponds can be placed in series or parallel to \nincrease performance or meet site design constraints. \n \nDesign Considerations \n• Minimum  contributing  drainage  area  of  \n25  acres;  10  acres  for  micropool  ED  \npond. \n• A    sediment    forebay    or    equivalent    \nupstream     pretreatment     must     be     \nprovided. \n• Minimum length to width ration for the \npond is 1.5:1. \n• Maximum  depth  of  the  permanent  pool  \nshould not exceed 8 feet. \n• Side  slopes  to  the  pond  should  not  \nexceed 3:1 (horizontal:vertical). \n• Use may be limited by depth to bedrock. \n• Use  may  be  limited  by  soil  permeability  or  groundwater  levels,  or  require  special  \ndesign measures to control exfiltration of retained water or inflow of groundwater. \n• Detailed  design  information  and  requirements  for  stormwater  retention/detention  \nponds  are  available  in  the  Planning  and  Design  Manual  for  the  Control  of  Erosion,  \nSediment,  and  Storm  Water,  Volume  2:  Stormwater  Runoff  Management  Manual.  \nSource: Georgia Stormwater Management Manual\n\n \n \n \n \nThis  publication  is  available  from  the  Mississippi  Department  of  Environmental  \nQuality (MDEQ) and online at http://www.deq.state.ms.us\n. \n \nImplementation \n• Urban retrofit. \n• New development. \n \nStormwater  ponds  are  generally  applicable  to  most  types  of  new  development  and  \nredevelopment,  and  can  be  used  in  both  residential  and  nonresidential  areas.  Ponds  \ncan also be used in retrofit situations. \n \nGenerally,  dry  weather  base  flow  and/or  large  contributing  drainage  areas  are  \nrequired  to  maintain  pool  elevations.  Because  wet  basins  remove  soluble  pollutants,  \nthey  are  ideal  for  sites  where  nutrient  loadings  are  expected  to  be  high.  In  such  \ninstances,  source  controls  must  also  be  implemented  to  further  reduce  nutrient  \nloadings. The site soils, depth to bedrock, and depth to water table are additional site \nconstraints that should be assessed prior to designing a stormwater pond. \n \nPollutant Removal Efficiency \nPollutant Efficiency \nTotal Suspended Solids (TSS)    80% \nTotal Nitrogen 30% \nTotal Phosphorus 50% \nMetals                                       50%                                       \nPathogens (coliform, E. coli) 70% (if no resident waterfowl population is present) \n \nCost \nThe construction costs associated with wet ponds range considerably. A recent study \n(Brown and Schueler 1997) estimated the cost of a variety of stormwater management \npractices. The study resulted in the following cost equation, adjusting for inflation: \n \nC = 24.5V\n0.705 \n \nWhere: \nC = Construction, design and permitting cost; \nV = Volume in the pond to include the 10-year storm (ft\n3\n). \n \nUsing this equation, typical construction costs are: \n• $45,700 for a 1 acre-foot facility. \n• $232,000 for a 10 acre-foot facility. \n• $1,170,000 for a 100 acre-foot facility. \n \nPonds  do  not  consume  a  large  area  relative  to  the  drainage  size  of  the  watershed  \n(typically  2.3%  of  the  contributing  drainage  area).  It  is  important  to  note,  however,  \n\n \n \n \n \nthat  these  facilities  are  generally  large  and  require  a  relatively  large  contiguous  area.  \nOther practices, such as filters or swales, may be \"squeezed\" into relatively unusable \nland, but ponds need a relatively large continuous area. \n \nFor ponds, the annual cost of routine maintenance is typically estimated at about 3% \nto 5% of the construction cost. Alternatively, a community can estimate the cost of the \nmaintenance  activities  outlined  in  the  maintenance  section.  Ponds  are  long-lived  \nfacilities  (typically  longer  than  20  years).  Thus,  the  initial  investment  into  pond  \nsystems may be spread over a relatively long time period. \n \nIn  addition  to  the  water  resource  protection  benefits  of  wet  ponds,  there  is  some  \nevidence  to  suggest  that  wet  ponds  may  provide  an  economic  benefit  by  increasing  \nproperty  values.  The  results  of  one  study  suggest  that  \"pond  front\"  property  can  \nincrease  the  selling  price  of  new  properties  by  about  10%  (EPA  1995).  Another  study  \nreported   that   the   perceived   value   (i.e.,   the   value   estimated   by   residents   of   a   \ncommunity)  of  homes  was  increased  by  about  15%  to  25%  when  located  near  a  wet  \npond (Emmerling-DiNovo 1995). \n \nBenefits \n• Moderate to high removal rate of urban pollutants. \n• High community acceptance. \n• Opportunity for wildlife habitat. \n• Can increase adjacent property values when properly planned and sited. \n• Sediment  generally  needs  to  be  removed  less  frequently  than  for  other  best  \nmanagement practices (BMPs). \n• Can be used in retrofits. \n• Provides good water quantity control for reducing the frequency of flooding events \nthat cause bank erosion. \n \nLimitations \n• Potential for thermal impacts/downstream warming. \n• More costly than extended dry detention basins. \n• Larger storage volumes for the permanent pool and flood control require more land \narea. \n• Infiltration  and  groundwater  recharge  is  minimal,  so  runoff  volume  control  is  \nnegligible. \n• Moderate to high maintenance requirements. \n• Can be used to treat runoff from land uses with higher pollutant loads if bottom is \nlined and sealed. \n• Invasive species control required. \n• Sometimes can create problems such as nuisance odors, algae blooms, and rotting \ndebris when not properly maintained. \n• May  attract  excessive  waterfowl,  which  can  be  a  nuisance  and  can  increase  fecal  \ncoliform levels. \n\n \n \n \n \nMaintenance \n• Remove debris from inlet and outlet structures. \n• Maintain side slopes/remove invasive vegetation. \n• Monitor sediment accumulation and remove periodically. \n• Inspect wet basins to ensure they are operating as designed at least once a year. \n \nEducation and Outreach \nThe target audience for this practice is developers and decision-makers involved with \nlandscape-scale  stormwater  issues.  Developers  should  be  encouraged  to  include  \nimproved designs for stormwater ponds in new and retrofit projects. Opportunities to \npresent  information  about  this  practice  include  collaborative  training  and  workshops  \nand the green infrastructure (GI) incentive program. Decision-makers include city and \ncounty  government  officials  who  approve  stormwater  management  plans.  This  group  \nwill be educated about stormwater ponds through participation in the watershed team \nand stormwater management training. \n \nReferences \nInformation in the factsheet is adapted from: \n \nAMEC  Earth  &  Environmental,  the  Center  for  Watershed  Protection,  Debo  and  \nAssociates, Jordan Jones and Goulding, and the Atlanta Regional Commission. \n2001. Georgia  Stormwater  Management  Manual,  Volume  2:  Technical  Handbook  \n(first   edition).   Atlanta   Regional   Commission.   Accessed   September   2011   at   \nhttp://www.georgiastormwater.com/GSMMVol2.pdf\n. \nBrown,  W.,  and  T.  Schueler.  1997.  The  Economics  of  Stormwater  BMPs  in  the  \nMid-Atlantic   Region.   Prepared   for   the   Chesapeake   Research   Consortium,   \nEdgewater, MD, by the Center for Watershed Protection, Ellicott City, MD. \nComprehensive Environmental Inc. and New Hampshire Department of Environmental \nServices.  2008.  Post-Construction  Best  Management  Practices:  Selection  &  \nDesign.  Volume  2  of  New  Hampshire  Stormwater  Manual.  Accessed  September  \n2011 at \nhttp://des.nh.gov/organization/commissioner/pip/publications/wd/document\ns/wd-08-20b.pdf. \nEmmerling-DiNovo, C. 1995. Stormwater Detention Basins and Residential Locational \nDecisions. Journal  of  the  American  Water  Resources  Association  31(3):515-521.  \nJune 1995. \nEPA. 1995. Economic Benefits of Runoff Controls. US Environmental Protection Agency. \nOffice of Wetlands, Oceans, and Watersheds. Washington, DC. \nEPA.  2008.  “Wet  Pond  Fact  Sheet.”  National  Menu  of  Stormwater  Best  Management  \nPractices.  US  Environmental  Protection  Agency,  Office  of  Water.  Accessed  \nSeptember 2011 at http://www.epa.gov/npdes/stormwater/menuofbmps\n. \nMassachusetts   Department   of   Environmental   Pr"
}