{
  "slug": "jasper-creek-watershed-plan-2019",
  "source": "Jasper_Creek_Watershed_Plan_2019.pdf",
  "length": 57751,
  "part": 4,
  "text": "tion will be conducted). \n \n12. Accelerate conservation planning and application assistance.  Special effort will be made \nto complete conservation plans during this time frame. (Month 13-24) \n \n13. Conduct at least 1 informational field day/tour to inform the public about the project. \n(Month 13-24) \n \n14. Establish at least 1 demonstration farm. (Month 13-24) \n \n15. As requested, assist DEQ with evaluations. (Month 0-36) \n\n29 \n \n \n16. Collect GPS coordinates and other data required by MDEQ on all BMPs installed in the \nproject. (Month 0-36) \n \n17. Assemble data on the amount of soil saved. (Month 0-36) \n \n18. Erect project roadside signs which designate where water quality practices are in progress \nor have been completed. (Month 4-36) \n \n19. Provide continued conservation planning and application assistance to participants. \n(Month 25-36) \n \n20. Review the status of applying best management practices to reach the objectives of the \nproject.  (Month 25) \n \n21. Based upon the needs and finding of milestone 18, assistance in planning and/or \napplication will be redirected and/or accelerated. (Month 25-36) \n \n22. Publish at least 4 articles about the project. (Month 0-36) \n \n23. Publicity of the project will be increased; at least 1 field day/tour will be conducted and at \nleast 1,000 fact sheets will be developed and distributed. (Month 25-36) \n \n24. Bi-annual reports will be made to MSDEQ. (Month 0-36) \n \n25. Make Final report to MSDEQ. (Month 36) \n \n\n30 \n \nAPPENDIX B \n \n \nChecklist of Watershed Implementation Elements \n \n\n31 \n \n \nRequired 9 Elements for §319 Grant Location in Watershed Based Plan \n1. Causes and Sources of Pollution Total Maximum Daily Load (TMDL), page 12 \n2. Load Reductions Needed Total Maximum Daily Load (TMDL), pages 12-14 \n3. Management Measures to Achieve Goals \nManagement Actions pg. 15; Table 6 pg. 17; Table 7 pg. 17; \nTable 10 pg. 20 \n4. Technical and Financial Support Needed \nTable 9: Total Budget for Jasper Creek Watershed Based Plan and \nImplementation, page 18 \n5. Education and Outreach Education and Outreach Activities, page 18 \n6. Implementation Schedule \nMilestones for Section 319 Watershed Implementation Project, \npage 27 \n7. Milestones \nMilestones for Section 319 Watershed Implementation Project, \npage 27 \n8. Criteria to Measure Progress \nProject Tracking and Assessment of Progress, page 16; Desired \nResults/Benefits, page 16; Water Quality Monitoring, page 23 \n9. Monitoring Water Quality Monitoring, page 23 \n\n32 \n \nAPPENDIX C  \n \n \nProject Summary Scorecard \n\n33 \n \n \nFor more information, contact Patrick Vowell at pvowell@mdeq.ms.gov or (601) 961-5387\nProject Partners: Mississippi Department of Environmental Quality, U.S. EPA, Mississippi Soil and Water Conservation \nCommission, Union County and Tippah County Soil and Water Conservation Districts, and the USDA Natural Resource \nConservation Service.\nSection 319(h) Grant4,864,460\nNRCS EQIP Program\n2016 - 2019\nTotal\n212,000434144\n2,469\n2,613\nJasper Creek Watershed Nutrient and Sediment Load Reductions\nLoad reductions are calculated using the EPA's Region 5 \nLoad Reduction Model. \nNutrient estimates only consider sediment bound N \nand P, not dissolved components.\nPractices do not include the many unassisted practices \ndesigned and installed by private landowners.\nSediment Saved: 5,076,460 lbs.\nEnough to fill 210 dump trucks (14 CuYd bed)!\nNitrogen Saved: 2,613 lbs.\nEnough to fill 21 wheelbarrows (2 ft\n3\n)!\nPhosphorus Saved: 5,780 lbs.\nEnough to fill 47 wheelbarrows (2 ft\n3\n)!\nx17\nx39\nx177\nLanduse Across Jasper Creek Watershed    \n2016 National Land Cover Dataset\n5,780\nNitrogen \nReduction (lbs)\nPhosphorus \nReduction (lbs)\nSediment \nReduction (lbs)\nTime PeriodFunding Source\n5,346\n2016 - 2018\n5,076,460"
}