{
  "slug": "lake-washington-watershed-plan-2007",
  "source": "Lake_Washington_Watershed_Plan_2007.pdf",
  "length": 167745,
  "part": 3,
  "text": "arallel the meander belt of the old Mississippi \nRiver channel (FTN Associates, Ltd. (FTN) 1991). Wetlands are associated with many water \nfeatures in the watershed (see Figure 2.3).\n\n \n \n \n2-5 \nFigure 2.3. Lake Washington watershed land use and land cover. \n \n \n \n\nDRAFT \nNovember 28, 2007 \n \n \n \n2-6 \nLake Washington is the largest waterbody in the watershed (Table 2.3). It receives \ndrainage from a number of ditches, including several connected to Lake Britton and Lake \nJackson, located west of Lake Washington in the watershed (Figure 2.3). Water from Lake \nWashington drains to Washington Bayou, a tributary of Steele Bayou. At the outlet to \nWashington Bayou is a low head dam that elevates Lake Washington water level 4 ft. The \nwatershed is underlain by the Mississippi River Alluvial Aquifer. Groundwater from this aquifer \nis used by watershed inhabitants (Tetra Tech 2003). \n \nTable 2.3. Morphometric characteristics of Lake Washington. \n \nParameter Lake Washington \nVolume                                                         2.13                                                         x                                                         10\n7 \nm\n3 \n(17,266 ac-ft) \nSurface Area 1,188 ha (2,935 acres) \nMean Depth 1.8 m (5.9 ft) \nMaximum Depth 6 m (19.7 ft) \nResidence Time 150 days \n \n2.4      Socioeconomics      \nThe Lake Washington watershed is primarily a rural area (Tetra Tech 2003, \nhttp://www.census.gov\n). We estimate that approximately 400 people lived in this watershed in \n2000 (based on Census 2000 census block data for Washington and Issaquena counties). The \ntowns of Chatham, Glen Allan, and Erwin are in the Lake Washington watershed. Other \ncommunities in the watershed include Foote, Leota, Byrne City, and Alhambra \n(http://www.mapquest.com; accessed April 14, 2006). The watershed is located less than \n20 miles from Greenville and could be influenced by growth in that community. Median \nhousehold income in the Lake Washington watershed in 1999 was around $25,000. \nApproximately 28% to 36% of the population in the watershed had income below the poverty \nlevel in 1999 (http://www.census.gov\n). \nLake Washington contributes to the area economy primarily through recreation. \nRecreational visitors contribute to the local economy through spending for lodging, food, \nsporting goods (there are four bait and tackle shops in the watershed), and boats (there are six \n\nDRAFT \nNovember 28, 2007 \n \n \n \n2-7 \nprivate boat ramps open to the public for a fee and one marina). The lake is known for its sport \nfishing. A study conducted by MDWFP found that the lake draws anglers from over 400 miles \naway (http://www.outfitters.org/fishing/lakes/washington.pdf\n). Crop and livestock agriculture \nand aquaculture in the watershed also contribute to the area economy. \n \n\nDRAFT \nNovember 28, 2007 \n \n \n \n3-1 \n3.0 STAKEHOLDER INTERESTS \n \nLake Washington stakeholders include people who live in the watershed year-round, \nincluding both property owners and renters. Some stakeholders live on the lakeshore. Other \nstakeholders include vacation property owners who have primary residences outside of the Lake \nWashington watershed, local farmers (those who own land and those who don’t), absentee \nfarmland owners, and local business owners. In addition, there are a significant number of \nstakeholders who don’t own land or businesses in the watershed but visit Lake Washington for \nrecreational purposes (e.g., fishing). The majority of all of these stakeholders value Lake \nWashington for its recreational opportunities (fishing, boating, swimming, and hunting) and \naesthetics. Land-based interests in the watershed include farming and hunting. \nIn 2003, the Lake Washington Property Owners Association began working with MDEQ, \ncounty government, and other agencies and organizations to address their concerns about the \ncondition of Lake Washington. Issues identified by stakeholders are summarized in Table 3.1 \nand discussed below. \n\nDRAFT \nNovember 28, 2007 \n \n \n \n3-2 \nTable 3.1. Lake Washington stakeholder concerns. \n \nConcern Causes Location Extent \nSewage in lake \nUnlawful direct sewage \ndischarges, improper sewage \ndisposal from boats, \nmalfunctioning septic systems \nDirectly along the Lake \nWashington shoreline \nUnknown, but potentially \nlake-wide \nHigh turbidity, \nsediment levels \nin lake \nAgricultural runoff, bank erosion\nLake Washington and \ntributaries near Glen Allan and \nChatham listed as impaired \nin 1996, Lake Jackson listed as \nimpaired in 2004 \nTributary headwaters to \nLake Washington, all of \nLake Washington, and \nLake Jackson \nHigh nutrient \nlevels in lake \nAgricultural and residential \nrunoff, catfish pond discharges, \nmalfunctioning septic systems, \nimproper waste disposal, \nunlawful direct sewage \ndischarges, cormorants, pelicans\nTributary near Chatham listed \nas impaired in 1996, Lake \nJackson listed as impaired in \n2004, Lake Washington \nHeadwaters to Lake \nWashington, all of Lake \nWashington, and Lake \nJackson \nOrganic \nenrichment/ \nlow dissolved \noxygen \nAgricultural runoff, catfish pond \ndischarges, improper waste \ndisposal, malfunctioning septic \nsystems, high nutrient levels \nTributary near Chatham listed \nas impaired in 1996 \nHeadwaters to Lake \nWashington \nCondition of \nfishery \nOverfishing of sport fish, \ncommercial fishing operations, \ncatfish and drum over-population\nLake Washington Entire lake \nPesticides in \nfish tissue \nAgricultural and \nresidential runoff \nTributaries near Glen Allan and \nChatham listed as impaired in \n1996, Lake Jackson listed as \nimpaired in 2004 \nHeadwaters to Lake \nWashington, all of Lake \nJackson \nFish kills \nAlgal blooms, \nlow dissolved oxygen \nLake Washington Shallower lake areas \nDestruction of \nlakeshore forest \nCormorants Lake Washington Watershed Entire watershed \nLake \nWashington \ntoo shallow in \nsummer (2 ft) \nCurrent water level management \ninadequate, water level control \nstructure inadequate, \nsedimentation \nLake Washington \nNorthern lake, \nmiddle of lake \nAquifer water \nlevel \nHeavy agricultural use \nThe Mississippi River Alluvial \nAquifer underlying the \nwatershed \nYazoo Mississippi Delta \nJoint Water Management \nDistrict has documented \ndeclines of over 2.5 ft in \nspring groundwater levels\nAquatic \nvegetation \n(cut grass) \nLow lake levels Lake Washington shoreline Patchy along shoreline \nAlligators \nAttracted by improper disposal \nof offal from commercial fishing \noperations in the lake \nSome areas of Lake \nWashington \nEast side of lake \n \n \n\nDRAFT \nNovember 28, 2007 \n \n \n \n3-3 \n3.1      Sewage      \nSewage in Lake Washington was the first issue addressed by the Lake Washington \nProperty Owners Association and their partners. During July 2004, the Mississippi State \nDepartment of Health (MSDH) conducted a field survey to identify onsite wastewater systems \n(i.e., septic systems) that might be malfunctioning. At the same time, MDEQ conducted an \nintensive water quality survey to check fecal coliform bacteria levels. MSDH did identify three \nmalfunctioning onsite wastewater systems during the field survey. The MDEQ water quality \nsurvey did not find fecal coliform levels above the water quality standard. Overall, this work was \ninconclusive in identifying the source of sewage observed by lakeshore property owners. The \nLake Washington watershed team is working toward eliminating wastewater discharges to Lake \nWashington by promoting sewering of the lakeshore properties. In the meantime, lakeshore \nproperty values are increasing and redevelopment of lakeshore camps, which often have \nquestionable wastewater treatment systems, is expected. Since all new construction requires \ninstallation of wastewater treatment systems that meet MSDH health codes, redevelopment of \nthe camps would reduce the likelihood of a discharge of improperly treated sewage to Lake \nWashington from shore properties. \n \n3.2      Sediment      \nLake Washington is a turbid lake. The median Secchi disk depth (a measure of water \nclarity) during the 2002-2004 MDEQ nutrient monitoring study on Lake Washington was \n0.3 meter (about 1 ft). High turbidities in Lake Washington are believed to be the result of high \nloads of sediment being washed into the lake from the watershed, from bank erosion and \nslumping, and from head-cutting of streams and ditches from failing road culverts. Turbidity and \nhigh sediment loads can be problematic for fish and other aquatic organisms, as well as anglers, \ncan result in premature “aging” (i.e., filling-in) of lakes, and can affect the aesthetic appeal of the \nlake. \nDuring 1991 and 1992, a Section 319 project was facilitated by MDEQ’s Nonpoint \nSource Pollution Program that was designed to demonstrate and assess non-structural and \nstructural practices to reduce sediment and nutrient concentrations in Lake Washington. The \n\nDRAFT \nNovember 28, 2007 \n \n \n \n3-4 \nproject focused primarily on non-structural methods (no-till cotton, soybeans, and corn; \nreduced-till cotton, soybeans, and corn; and winter cover crops), but included installation of \ngrade stabilization structures. These practices did make a measurable difference in the sediment \nloading to Lake Washington. When economic incentives for these practices were discontinued \nhowever, some of them were not maintained, and became less effective \n(http://www.epa.gov/gmpo/lmrsbc/meetsum_lakewa_oct03.html\n). \nIn 1996 and 2004, waterbodies in the Lake Washington watershed were classified as \nimpaired due to high turbidity levels and sediment loads and included on the Mississippi 303(d) \nlist of impaired waterbodies (see Section 5.4.2). Total maximum daily load (TMDLs) studies \naddressing the 1996 303(d) listings were completed for those waterbodies in 2003 (see \nSection 5.4.3 for detailed summaries of these TMDLs). Those TMDLs set goals for reducing \ninputs of sediment to waterbodies in the watershed (Tetra Tech 2003). The Clean Water Act \nrequires that management activities to achieve these goals be implemented in the Lake \nWashington watershed. \n \n3.3 Nutrients and Low Dissolved Oxygen/Organic Enrichment \nHistorical problems with nuisance algal blooms at Lake Washington are believed to be \nthe result of high nutrient concentrations in the lake. In turn, these algal blooms cause low \ndissolved oxygen (DO) conditions when they die and decompose. When the DO levels become \nlow enough, fish kills can occur. \nFilter strips, grassed waterways, and dropped inlet structures were installed in the Lake \nWashington watershed with the United States Environmental Protection Agency (USEPA) 319 \nfunds in the late 1980s and early 1990s to reduce sediment and nutrient concentrations in Lake \nWashington (see Section 2.3.2). Results of a follow-up study in 1996 showed that excessive algal \nblooms continued to present problems in Lake Washington, and that conditions in the lake were \nessentially the same as those observed in the 1991 study, with no improvements in chlorophyll a, \nSecchi readings, or nutrient concentrations. Recent monitoring results have also indicated high \nnutrient levels and low DO levels \n(http://www.epa.gov/gmpo/lmrsbc/meetsum_lakewa_oct03.html\n). \n\nDRAFT \nNovember 28, 2007 \n \n \n \n3-5 \nLake Washington has been classified as the second most eutrophic lake in Mississippi \n(eutrophic condition is linked to nutrient levels). In 1996 and 2004, waterbodies in the Lake \nWashington watershed were classified as impaired due to high nutrient levels, low DO levels, \nand organic enrichment, and were included on the Mississippi 303(d) list of impaired \nwaterbodies (see Section 4.5.2). TMDL studies addressing the 1996 listings were completed \nin 2003 (see Section 4.5.3 for detailed summaries of these TMDLs). The TMDLs set goals for \nreducing inputs of nutrients and organic materials (i.e., oxygen demand) to waterbodies in the \nwatershed (Tetra Tech 2003). The Clean Water Act requires that management activities to \nachieve these goals be implemented in the Lake Washington watershed. \nIn recent years, cormorant populations in the watershed have increased dramatically from \na few hundred to over 13,000 (United States Department of Agriculture (USDA) Wildlife \nServices aerial survey). This increase has been attributed to the development of catfish ponds in \nthe region. Cormorants roosting around the lake have also contributed to cypress tree damage \nand increased nutrient concentrations through their droppings. \nIn 2003 a nutrient showcase project was initiated for Lake Washington under the Action \nPlan for Reducing, Mitigating, and Controlling Hypoxia in the Northern Gulf of Mexico. The \nproject involves: \n \n• Identification and assessment of sources of nitrogen loads in the watershed, \n• Identification of widely available, cost-effective best management \npractices (BMPs) appropriate for the nitrogen sources in the watershed, and \n• Assessment of site-specific nutrient load reductions resulting from \nimplementation of one or more of the identified BMPs \n(http://www.epa.gov/gmpo/lmrsbc/meetsum_lakewa_oct03.html\n). \n \n3.4      Fishery      Condition      \nIn recent years stakeholders have commented that fewer bass and crappie were being \ncaught in Lake Washington than previously. Reduced likelihood of catching bass and crappie in \nLake Washington could make the lake less appealing to recreational anglers, reducing the \nnumber of visitors and potentially negatively impacting the local economy. MDWFP fish \nsurveys on Lake Washington indicate that gamefish populations have been declining since \n\nDRAFT \nNovember 28, 2007 \n \n \n \n3-6 \nabout 1999 and that the catfish, drum, and shad populations have increased (MDWFP 2005a). \nThe MDWFP assessment was that the fishery had become unbalanced (Garry Lucas, MDWFP, \npersonal communication February 14, 2006). \nThere is no consensus on the cause of this imbalance. Some stakeholders believe that \nover-fishing is the cause and have proposed eliminating commercial fish harvesting, and \nprohibiting the use of some fishing gear, such as yo-yos. Researchers at MDWFP suspect that \ncatfish are impacting the survival of gamefish fry and believe the best course is to continue to \nencourage catfish harvest (MDWFP 2005a). \nMDWFP has developed a management plan for Lake Washington, and has already \ninstituted several measures geared toward reducing catfish and shad and increasing crappie and \nbass in Lake Washington. A program that offered prizes from a local store for catching tagged \ncatfish during 2005 was geared toward promoting increased catfish harvest on Lake Washington. \nIncreasing the size restriction for crappie caught on the lake in 2005 was geared toward \nincreasing the crappie in the lake, as are regulations recently adopted to more closely control \nyo-yo fishing for crappie on Lake Washington. MDWFP also has an active bass stocking \nprogram at Lake Washington. With a new north Mississippi hatchery, there should soon be the \nability to also stock crappie. They also stock hybrid striped bass at Lake Washington to help \ncontrol shad (MDWFP 2005a). \nThere is concern that large flocks of migratory cormorants and white pelicans that are \npresent on Lake Washington during the fall and winter could be contributing to the reduced sport \nfishery. Cormorants reportedly consume approximately 0.5 pound of fish per day, per bird, while \npelicans reportedly consume approximately 2 pounds of fish per day, per bird. Prior to 2005, \ncormorant flocks of over 10,000 birds were commonly measured on Lake Washington during the \nwinter. \n \n3.5 Pesticides in Fish \nAll of the waterbodies in the Mississippi Delta, including those in the Lake Washington \nwatershed, were placed under a fish consumption advisory for dichlorodiphenyltrichloroethane \n(DDT) and toxaphene in carp, buffalo, gar, and catfish larger than 22 inches in 2001. TMDLs \n\nDRAFT \nNovember 28, 2007 \n \n \n \n3-7 \naddressing pesticide contamination of fish in the Yazoo River Basin (which included the Lake \nWashington watershed) were completed in 2003 and 2005 (see Section 4.5.3 for detailed \nsummaries of these TMDLs). These TMDLs noted that DDT and toxaphene are no longer in use, \nso it isn’t really possible to further reduce loadings of these pollutants, but that fish tissue DDT \nand toxaphene levels exhibited decreasing trends in the Mississippi Delta, suggesting that \nbanning these pesticides has had the desired effect and the natural systems are recovering \n(Figure 3.1). Therefore, the TMDLs recommend monitoring of fish tissue pesticide \nconcentrations until the fish consumption advisories can be canceled (MDEQ 2003, 2005b). \nMDWFP and Wildlife Conservation monitor pesticide levels in fish in Lake Washington \n(MDEQ 2003). In addition, Delta State University personnel are currently analyzing fish tissue \npesticide concentrations in Lake Washington. \n \n3.6      Fish      Kills      \nHistorically, fish kills have occurred almost annually at Lake Washington \n(MDWFP 2005a). The most recent major fish kill occurred in 2004. These fish kills likely were \nthe result of low DO levels that occurred after algal blooms. Implementing the nutrient reduction \ngoals identified in the nutrient TMDL discussed above is expected to reduce the occurrence of \nalgal blooms and associated fish kills in Lake Washington. \n \n \n\n \n \n \n3-8 \nFigure 3.1. Historical trends in fish tissue pesticide residues for toxaphene and DDT. \n \n \n \n\nDRAFT \nNovember 28, 2007 \n \n \n \n3-9 \n3.7 Destruction of Lakeshore Forests \nThe cypress forest surrounding Lake Washington is the largest stand of bald cypress in \nthe Delta. This unique natural feature of the watershed is threatened by cormorants and lakeshore \nproperty owners. \nWhile cormorants are native to the area, the population exploded when catfish farming \nwas introduced to the Mississippi Delta. Cormorants exploited the catfish ponds as an easy food \nsource, and their numbers increased dramatically. The large migratory population of cormorants \non Lake Washington has caused visible damage to the l"
}