{
  "slug": "ross-barnett-reservoir-watershed-plan-2011",
  "source": "Ross_Barnett_Reservoir_Watershed_Plan_2011.pdf",
  "length": 1021493,
  "part": 39,
  "text": "r  \nwetlands  are  rare,  but  one  simplifying  assumption  is  that  they  are  typically  about  \n25 percent more expensive than stormwater ponds of an equivalent volume. Using this \nassumption, an equation developed by Brown and Schueler (1997) to estimate the cost \nof  wet  ponds  can  be  modified  to  estimate  the  cost  of  stormwater  wetlands  using  the  \nequation: \n \nC = 30.6V\n0.705 \n \nWhere: \nC = Construction, design, and permitting cost; and \nV = Wetland volume needed to control the 10-year storm (ft\n3\n). \n \nUsing this equation, typical construction costs are the following: \n \n• $57,100 for a 1 acre-foot facility. \n• $289,000 for a 10 acre-foot facility. \n• $1,470,000 for a 100 acre-foot facility. \n \nWetlands consume about 3% to 5% of the land that drains to them, which is relatively \nhigh compared with other stormwater management practices. \n \n \n \n\n \n \nFor  wetlands,  the  annual  cost  of  routine  maintenance  is  typically  estimated  at  about  \n3% to 5% of the construction cost. Alternatively, a community can estimate the cost of \nthe   maintenance   activities   outlined   in   the   maintenance   section.   Wetlands   are   \nlong-lived  facilities  (typically  longer  than  20  years).  Thus,  the  initial  investment  into  \nthese systems may be spread over a relatively long time period. \nAlthough no studies are available on wetlands in particular, there is some evidence to \nsuggest  that  wet  ponds  may  provide  an  economic  benefit  by  increasing  property  \nvalues. The results of one study suggest that \"pond frontage\" property can increase the \nselling  price  of  new  properties  by  about  10%  (US  Environmental  Protection  Agency  \n[EPA] 1995). Another study reported that the perceived value (i.e., the value estimated \nby  residents  of  a  community)  of  homes  was  increased  by  about  15%  to  25%  when  \nlocated near a wet pond (Emmerling-DiNovo 1995). It is anticipated that well-designed \nwetlands,  which  incorporate  additional  aesthetic  features,  would  have  the  same  \nbenefit. \n \nBenefits \n• Relatively low maintenance costs. \n• Best  BMP  for  maximum  TSS,  nitrogen,  and  phosphorus  removal  while  also  \nproviding stormwater volume control. \n• Aesthetically pleasing when properly maintained and can be sited in both low-and \nhigh-visibility areas. \n• Can provide excellent habitat for wildlife and waterfowl. \n \nLimitations \n• Depending upon design, may require more land than other BMPs. \n• Until  vegetation  is  well  established,  pollutant  removal  efficiencies  may  be  lower  \nthan anticipated. \n• Relatively high construction costs compared to other BMPs. \n• Needs continuous base flow for viable wetlands. \n• Poorly  maintained  stormwater  wetlands  can  be  colonized  by  invasive  species  that  \nout-compete native wetland plants. \n• Creates potential breeding habitat for mosquitoes. \n• May present a safety issue for nearby pedestrians. \n• Can  serve  as  decoy  wetlands,  intercepting  breeding  amphibians  moving  toward  \nvernal pools. \n \n \n \n\n \n \nMaintenance \n• Inspect wetland during both the growing and non-growing seasons twice a year for \nthe first 3 years after construction. \n• Replace wetland vegetation to maintain at least 50% surface area coverage. \n• Remove invasive vegetation. \n• Monitor sediment accumulation and remove periodically. \n• Periodic mowing of embankments. \n• Removal of woody vegetation from embankments. \n \nEducation and Outreach \nThe target audience for this practice is developers and decision-makers involved with \nlandscape-scale  stormwater  issues.  Developers  should  be  encouraged  to  include  \nconstructed   stormwater   wetlands   in   the   design   for   new   and   retrofit   projects.   \nOpportunities to present information about this practice include collaborative training \nand workshops and the green infrastructure (GI) incentive program. Decision-makers \ninclude  city  and  county  government  officials  who  approve  stormwater  management  \nplans.  This  group  will  be  educated  about  stormwater  wetlands  through  participation  \nin the watershed team and stormwater management training. \n \nReferences \nInformation in the factsheet is adapted from: \n \nAlabama  Soil  and  Water  Conservation  Committee.  2009.  Alabama  Handbook  for  \nErosion Control, Sediment Control, and Stormwater Management on Construction \nSites   and   Urban   Areas.   Volume   1:   Developing   Plans   and   Designing   Best   \nManagement  Practices.  Montgomery,  AL.  March  2009.  Accessed  September  \n2011 at http://swcc.alabama.gov/pages/erosion_handbook.aspx\n. \nAMEC  Earth  &  Environmental,  the  Center  for  Watershed  Protection,  Debo  and  \nAssociates, Jordan Jones and Goulding, and the Atlanta Regional Commission. \n2001. Georgia  Stormwater  Management  Manual,  Volume  2:  Technical  Handbook  \n(first   edition).  Atlanta  Regional  Commission.  Accessed  September  2011  at  \nhttp://www.georgiastormwater.com/GSMMVol2.pdf\n. \nBrown,  W.,  and  T.  Schueler.  1997.  The  Economics  of  Stormwater  BMPs  in  the  \nMid-Atlantic   Region.   Prepared   for   the   Chesapeake   Research   Consortium,   \nEdgewater, MD, by the Center for Watershed Protection, Ellicott City, MD. \nComprehensive Environmental Inc. and New Hampshire Department of Environmental \nServices.  2008.  Post-Construction  Best  Management  Practices:  Selection  &  \nDesign.    Volume    2    of    New    Hampshire    Stormwater    Manual.    Accessed    \nSeptember 2011 at \nhttp://des.nh.gov/organization/commissioner/pip/publications/wd/document\ns/wd-08-20b.pdf. \nEmmerling-DiNovo, C. 1995. Stormwater Detention Basins and Residential Locational \nDecisions. Journal  of  the  American  Water  Resources  Association  31(3):515-521.  \nJune 1995. \n \n \n\n \n \n \n \nEPA.  2008.  “Stormwater  Wetland  Fact  Sheet.”  National  Menu  of  Stormwater  Best  \nManagement  Practices.  US  Environmental  Protection  Agency,  Office  of  Water.  \nAccessed September 2011 at \nhttp://www.epa.gov/npdes/stormwater/menuofbmps\n. \nMassachusetts   Department   of   Environmental   Protection.   2008.   Structural   BMP   \nSpecifications  for  the  Massachusetts  Stormwater  Handbook.  Chapter  2  in  \nVolume 2 of Massachusetts Stormwater Handbook. Accessed September 2011 at \nhttp://www.mass.gov/dep/water/laws/v2c2.pdf\n. \nNorth   Carolina   Department   of   the   Environment   and   Natural   Resources.   2007.   \nStormwater  Best  Management  Practices  Manual.  North  Carolina  Department  of  \nthe  Environment  and  Natural  Resources,  Division  of  Water  Quality.  Accessed  \nSeptember 2011 at http://portal.ncdenr.org/web/wq/ws/su/bmp-manual\n. \n\n \nPorous Pavement/Pavers \nDescription \nPorous pavement is a paved surface with a higher than normal percentage of air voids \nto  allow  water  to  pass  through  it  and  infiltrate  into  the  subsoil.  This  porous  surface  \nreplaces  traditional  pavement,  allowing  parking  lot,  driveway,  and  roadway  runoff  to  \ninfiltrate  directly  into  the  soil  and  receive  water  quality  treatment.  All  permeable  \npaving  systems  consist  of  a  durable,  load-bearing,  pervious  surface  overlying  a  stone  \nbed  that  stores  rainwater  before  it  infiltrates  into  the  underlying  soil.  Permeable  \npaving  techniques  include  porous  asphalt,  pervious  concrete,  paving  stones,  and  \nmanufactured  “grass  pavers”  made  of  concrete  or  plastic.  Permeable  paving  may  be  \nused  for  walkways,  patios,  plazas,  driveways,  parking  stalls,  and  overflow  parking  \nareas. \n \nDesign Considerations \n• Soil  infiltration  rate  of  0.3  inch  per  hour  or  \ngreater required. \n• Generally,  porous  pavements  should  not  be  \nused on slopes greater than 5%. \n• A  3-foot  buffer  between  the  bottom  of  the  \nstone  bed  and  the  seasonal  high  groundwater  \nelevation   and   a   2-foot   buffer   for   bedrock   \nshould be maintained. \n• Particular    care    must    be    taken    during    \nconstruction     to     assure     preparation     of     \nsubgrade,    placement    of    aggregates,    and    \ninstallation    of    pavements    meets    design    \nspecifications. \nSource: Georgia Stormwater Management Manual \n• System should not be placed on compacted fill. \n• Permeable   pavements   are   generally   applicable   to   low-traffic   access   ways,   \nresidential  drives,  overflow  or  low-use  parking  areas,  pedestrian  access  ways,  \nalleys,  bike  paths,  and  patios.  Because  of  the  reduced  strength  of  pavement  \nassociated   with   permeable   pavement   surfaces   such   as   porous   asphalt   and   \nconcrete,  these  surfaces  are  not  typically  appropriate  for  high-traffic  or  heavy  \nvehicle loads. \n• Detailed  design  information  and  requirements  for  porous  pavement/pavers  are  \navailable  in  the  Planning  and  Design  Manual  for  the  Control  of  Erosion,  Sediment,  \nand   Storm   Water,  Volume  2:  Stormwater  Runoff  Management  Manual.  This  \npublication is available from the Mississippi Department of Environmental Quality \n(MDEQ) and online at http://www.deq.state.ms.us\n. \n \n \n \n\n \n \n \n \nImplementation \n• Urban retrofit. \n• New development. \n \nPorous  paving  is  an  excellent  technique  for  dense  urban  areas,  because  it  does  not  \nrequire any additional land. \n \nPollutant Removal Efficiency \nPollutant Efficiency \nTotal Suspended Solids (TSS) \n80%  (if  storage  bed  is  sized  to  hold  water  quality\n \nvolume and designed to drain within 72 hours) \nTotal Nitrogen 65% to 80% \nTotal Phosphorus 50% to 80% \nMetals                                       60%                                       to                                       90%                                       \nPathogens (coliform, E. coli)       Insufficient       data       \n \nCost \nPermeable  asphalt  costs  range  from  $5  to  $11  per  square  meter  ($0.50  to  $1.00  per  \nsquare  foot),  while  permeable  concrete  costs  between  $22  and  $70  per  square  meter  \n($2.00  and  $6.50  per  square  foot).  Interlocking  concrete  paving  blocks  cost  $54  to  \n$108  per  square  meter  ($5.00  to  $10.00  per  square  foot).  In  addition,  permeable  \npavements may reduce or eliminate the need for additional stormwater infrastructure, \nso  a  more  accurate  price  comparison  would  involve  the  costs  of  the  full  stormwater  \nmanagement  paving  system.  For  example,  a  grass/gravel  paver  and  porous  concrete  \nrepresentative   stated   that   when   impervious   paving   costs   for   drains,   reinforced   \nconcrete  pipes,  catch  basins,  outfalls  and  storm  drain  connections  are  included,  an  \nasphalt   or   conventional   concrete   stormwater   management   paving   system   costs   \nbetween  $102  and  $125  per  square  meter  ($9.50  and  $11.50  per  square  foot),  \ncompared to a permeable pavement stormwater management system at $50 to $70 per \nsquare  meter  ($4.50  to  $6.50  per  square  foot)  (Department  of  Defense  2004).  The  \nsavings  are  considered  to  be  even  greater  when  permeable  paving  systems  are  \ncalculated  for  their  stormwater  storage;  if  designed  properly,  they  can  eliminate  \nretention pond requirements. \n \nBenefits \n• Reduces runoff from paved surfaces. \n• Reduces peak discharge rates. \n• Increases recharge through infiltration. \n• Reduces pollutant transport through direct infiltration. \n• Can be used as a retrofit when parking lots are replaced. \n• Reduces stormwater infrastructure (piping, catch basins, ponds, curbing, etc.) \n\n \n \nLimitations \n• Application  limited  to  areas  with  soil  with  higher  infiltration  rates  greater  than  \n0.3 inch per hour. \n• Prone to clogging, so aggressive maintenance with jet washing and vacuum street \nsweepers is required. \n• Special care is needed to avoid compacting underlying parent soils. \n• Not applicable for high-traffic areas or for use by heavy vehicles. \n• Potential for high failure rate if not adequately maintained or used in unstabilized \nareas. \n• Potential for groundwater contamination if proper buffer is not maintained between \nthe system and the water table. \n• Special attention to design and construction needed. \n \nMaintenance \n• Inspect  the  porous  pavement  after  each  storm  event.  Inspectors  should  check  for  \nponding on the surface which might indicate local or widespread clogging. \n• The porous pavement site should be posted with signs indicating the nature of the \nsurface,  and  warning  against  resurfacing  the  site  with  conventional  pavement  or  \nthe use of materials which could affect the infiltration capacity of the surface. \n• No winter sanding of permeable pavements is permitted. \n• Minimize application of salt for ice control. \n• Inspect annually for pavement deterioration or spalling. \n• For  porous  asphalt  and  concrete,  clean  periodically  (two  to  four  times  per  year)  \nusing  a  vacuum  sweeper.  Power  washing  may  be  required  prior  to  vacuum  \nsweeping, to dislodge trapped particles. \n• For  interlocking  paving  stones,  periodically  add  joint  material  to  replace  lost  \nmaterial. \n• For seeded grid systems, periodic reseeding of grass pavers to fill in bare spots. \n• Major  clogging  may  necessitate  replacement  of  pavement  surface,  and  possibly  \nfilter course and sub-base course. \n \nEducation and Outreach \nThe target audience for this practice is developers and decision-makers involved with \nlandscape-scale  stormwater  issues.  Developers  should  be  encouraged  to  include  \npervious pavement in appropriate areas for new and retrofit projects. Opportunities to \npresent  information  about  this  practice  include  collaborative  training  and  workshops  \nand the green infrastructure (GI) incentive program. Decision-makers include city and \ncounty  government  officials  who  approve  stormwater  management  plans.  This  group  \nwill  be  educated  about  pervious  pavement  through  participation  in  the  watershed  \nteam and stormwater management training. \n \n \n \n\n \n \n \n \nReferences \nInformation in the factsheet is adapted from: \n \nAlabama  Soil  and  Water  Conservation  Committee.  2009.  Alabama  Handbook  for  \nErosion Control, Sediment Control, and Stormwater Management on Construction \nSites   and   Urban   Areas.   Volume   1:   Developing   Plans   and   Designing   Best   \nManagement      Practices.     Montgomery,     AL.     March     2009.     Accessed     \nSeptember 2011 at http://swcc.alabama.gov/pages/erosion_handbook.aspx\n. \nAMEC  Earth  &  Environmental,  the  Center  for  Watershed  Protection,  Debo  and  \nAssociates, Jordan Jones and Goulding, and the Atlanta Regional Commission. \n2001. Georgia  Stormwater  Management  Manual,  Volume  2:  Technical  Handbook  \n(first   edition).  Atlanta  Regional  Commission.  Accessed  September  2011  at  \nhttp://www.georgiastormwater.com/GSMMVol2.pdf\n. \nComprehensive Environmental Inc. and New Hampshire Department of Environmental \nServices. 2008. Post-Construction Best Management Practices: Selection & \nDesign. Volume 2 of New Hampshire Stormwater Manual. Accessed \nSeptember 2011 at \nhttp://des.nh.gov/organization/commissioner/pip/publications/wd/document\ns/wd-08-20b.pdf. \nFederal Highway Administration. 2002. “Fact Sheet – Porous Pavements.” In Section 2, \nDesign  Alternatives,  in  Chapter  7,  Porous  Pavements,  of  Stormwater  Best  \nManagement  Practices  in  an  Ultra-Urban  Setting:  Selection  and  Monitoring.  US  \nDepartment   of   Transportation,   Federal   Highway   Administration.   Accessed   \nOctober 2011 at \nhttp://environment.fhwa.dot.gov/ecosystems/ultraurb/index.asp\n. \nMassachusetts   Department   of   Environmental   Protection.   2008.   Structural   BMP   \nSpecifications  for  the  Massachusetts  Stormwater  Handbook.  Chapter  2  in  \nVolume 2 of Massachusetts Stormwater Handbook. Accessed September 2011 at \nhttp://www.mass.gov/dep/water/laws/v2c2.pdf\n. \nNorth   Carolina   Department   of   the   Environment   and   Natural   Resources.   2007.   \nStormwater  Best  Management  Practices  Manual.  North  Carolina  Department  of  \nthe  Environment  and  Natural  Resources,  Division  of  Water  Quality.  Accessed  \nSeptember 2011 at http://portal.ncdenr.org/web/wq/ws/su/bmp-manual\n. \nRoseen,  R.M.,  and  T.P.  Ballestero.  2008.  “Porous  Asphalt  Pavements  for  Stormwater  \nManagement    in    Cold    Climates.”    Hot-Mix    Asphalt    Technology    13(3).    \nMay/June 2008. Accessed October 2011 at \nhttp://www.unh.edu/unhsc/sites/unh.edu.unhsc/files/pubs_specs_info/napa\n_pa_5_08_small.pdf. \nUS Department of Defense. 2010. “Low Impact Development” [UFC 3-210-10]. Series \n3-200: Civil/Geotechnical/Landscape Architecture in Unified Facilities Criteria. \nAdministered by the US Army Corps of Engineers, the Naval Facilities \nEngineering Command, and the Office of the Air Force Civil Engineer. \n15 November 2010. Accessed September 2011 at \nhttp://www.wbdg.org/ccb/DOD/UFC/ufc_3_210_10.pdf\n. \n\n \nWater Quality Swales \nDescription \nWater  quality  swales  are  vegetated  open  channels  that  are  explicitly  designed  and  \nconstructed to capture and treat stormwater runoff within dry or wet cells formed by \ncheck  dams  or  other  means.  They  are  designed  to  treat  the  required  water  quality  \nvolume  (WQv)  and  to  convey  runoff  from  the  10-year  storm  without  causing  erosion.  \nThere are two primary water quality swales, the dry swale and wet swale (or wetland \nchannel).  Dry  and  wet  swales  are  not  to  be  confused  with  a  filter  strip  or  grassed  \nchannel. The water quality swales are engineered to provide a higher level of pollutant \nremoval than the grassed channel. \nWet Swale \nSource: Georgia Stormwater Management Manual \n \nDry Swale \nThe dry swale is a vegetated conveyance channel designed to include a filter bed \nof prepa"
}