{
  "slug": "ross-barnett-reservoir-watershed-plan-2011",
  "source": "Ross_Barnett_Reservoir_Watershed_Plan_2011.pdf",
  "length": 1021493,
  "part": 33,
  "text": "it cannot be confirmed that \ntotal phosphorus concentrations in Pelahatchie Bay inflows average around 2,000 ppb. Internal \nloading of total phosphorus from sediments within Pelahatchie Bay may account for the \nadditional phosphorous load. \n \n4.2      Chlorophyll-a \nCalibration for the chlorophyll-a model was attempted next. Because algae growth in the \nReservoir is light-limited, a chlorophyll-a model that considers non-algal turbidity would be \nmost appropriate. However, neither of the BATHTUB models that use non-algal turbidity \nprovided results similar to the observed chlorophyll-a. Based on examination of the \nchlorophyll-a models and their inputs to determine why the model results are so disparate, it \nappears that the BATHTUB chlorophyll-a models are not applicable to a light-limited system \nlike the Ross Barnett Reservoir. It is possible that BATHTUB will not be useful for estimating \nchanges in Ross Barnett Reservoir water quality until sediment inputs are reduced and water \nclarity improves. \n \n\nAppendix J  \nBATHTUB Model Status Report October 31, 2011 \n \n \n \nJ-13 \n5.0 CONCLUSIONS \n \nThere are several issues associated with the modeling effort to date. First, it is apparent \nthat the measured water quality data necessary to adequately characterize nutrient inputs to the \nReservoir are not available. Second, it is unclear whether BATHTUB will be able to provide \nuseful insight into potential changes in Ross Barnett Reservoir water quality when nutrient and \nsediment inputs to the Reservoir are reduced through watershed management. \n \n\nAppendix J  \nBATHTUB Model Status Report October 31, 2011 \n \n \n \nJ-14 \n6.0 REFERENCES \n \nCanfield, D.E., and R.W. Bachman. 1981. Prediction of total phosphorus concentrations, \nchlorophyll-a, and Secchi depths in natural and artificial lakes. Canadian Journal of \nFisheries and Aquatic Sciences 38(4):414-423. \nFischer, H.B., E.J. List, R.C.Y. Koh, J. Imberger, and N.H. Brooks. 1979. Mixing in Inland and \nCoastal Waters. Academic Press. New York. \nHiggins, J.M., and B.R. Kim. 1981. Phosphorus retention models for Tennessee Valley Authority \nreservoirs. Water Resources Research 17(3):571-576. \nLester and Harza Engineering. 1959. Project Planning Report, Pearl River Valley Reservoir on \nthe Pearl River in Mississippi. Volume I – Report. Prepared for Pearl River Valley Water \nSupply District. Jackson, MS. Prepared by Lester Engineering Company of Jackson, MS, \nand Harza Engineering Company of Chicago, IL. July 31, 1959. \nWalker, W.W. 1987. Empirical methods for predicting eutrophication in impoundments, \nReport 4, Phase III: Applications Manual. US Army Corps of Engineers. \nWashington, DC. \n\n \n \n \n \n \n \n \n \n \n \n \n \n \nAPPENDIX K \n \nPRIORITIZATION OF HUC12 WATERSHEDS \nFOR PROTECTION AND RESTORATION \n \n\nAppendix K  \nPrioritization of HUC12 Watersheds for Protection and Restoration October 31, 2011 \n \n \n \ni \nTABLE OF CONTENTS \n \n1.0       RESTORATION       .............................................................................................................       K-1 \n1.1 Sediment ............................................................................................................. K-2 \n1.1.1 Sediment TMDLs.................................................................................... K-4 \n1.1.2 Permitted Sediment Sources ................................................................... K-9 \n1.1.3 Crop Land ............................................................................................... K-9 \n1.1.4 Overall Sediment Restoration Priority .................................................... K-9 \n1.2 Nutrients/Pesticides........................................................................................... K-12 \n1.2.1 Nutrient TMDLs ................................................................................... K-12 \n1.2.2 Urban, Crop, and Pasture Land Uses .................................................... K-13 \n1.2.3 Permitted Nutrient Sources ................................................................... K-13 \n1.2.4 Overall Nutrient Priority ....................................................................... K-16 \n1.3 Pathogens .......................................................................................................... K-19 \n1.3.1 Pathogen TMDLs .................................................................................. K-19 \n1.3.2 Pasture and Urban Land Uses ............................................................... K-20 \n1.3.3 Permitted Pathogen Sources ................................................................. K-20 \n1.3.4 Overall Pathogen Priority ..................................................................... K-20 \n1.4 Aquatic Weeds .................................................................................................. K-23 \n1.5 Trash ................................................................................................................. K-23 \n2.0       PROTECTION       ..............................................................................................................       K-24 \n2.1 Human Welfare Protection ............................................................................... K-24 \n2.2 Environmental Protection ................................................................................. K-26 \n3.0       REFERENCES       .............................................................................................................       K-28 \n \n \n\nAppendix K  \nPrioritization of HUC12 Watersheds for Protection and Restoration October 31, 2011 \n \n \n \nii \nLIST OF TABLES \n \nTable K.1 Prioritization characteristics for restoration ........................................................ K-1 \nTable K.2 Criteria for classifying sediment prioritization characteristics \nfor HUC12s in the 1x:10x watershed .................................................................. K-4\n \nTable K.3 Criteria for classifying sediment prioritization characteristics \nfor HUC12s above the 1x:10x watershed ........................................................... K-4\n \nTable K.4 NRCS slope classes............................................................................................. K-6 \nTable K.5 Criteria for classifying nutrient/pesticide prioritization \ncharacteristics for HUC12s in the 1x:10x watershed ........................................ K-12\n \nTable K.6 Criteria for classifying nutrient/pesticide prioritization \ncharacteristics for HUC12s above the 1x:10x watershed ................................. K-12 \nTable K.7 Criteria for classifying pathogen prioritization characteristics \nfor HUC12s in the 1x:10x watershed ................................................................ K-19 \nTable K.8 Criteria for classifying pathogen prioritization characteristics \nfor HUC12s above the 1x:10x watershed ......................................................... K-19 \n \n \n\nAppendix K  \nPrioritization of HUC12 Watersheds for Protection and Restoration October 31, 2011 \n \n \n \niii \nLIST OF FIGURES \n \nFigure K.1 Cumulative distribution for developed surface area ........................................... K-3 \nFigure K.2 Cumulative distribution for sediment TMDLs ................................................... K-5 \nFigure K.3 Cumulative distribution for percent medium slope ............................................ K-7 \nFigure K.4 Cumulative distribution for percent high slope .................................................. K-8 \nFigure K.5 Cumulative distribution for percent crop landuse ............................................. K-10 \nFigure K.6 Priority map for sediments ................................................................................ K-11 \nFigure K.7 Cumulative distribution for percent crop and urban land uses ......................... K-14 \nFigure K.8 Cumulative distribution for percent pasture land use ....................................... K-15 \nFigure K.9 Frequency distribution curve for number of CAFOs/AFOs ............................. K-17 \nFigure K.10 Priority map for nutrients and pesticides .......................................................... K-18 \nFigure K.11 Cumulative distribution for percent pasture and urban land use ...................... K-21 \nFigure K.12 Priority map for pathogens ................................................................................ K-22 \nFigure K.13 MWCRT scores for human welfare .................................................................. K-25 \nFigure K.14 MWCRT scores for environmental resources ................................................... K-27 \n \n \n\nAppendix K  \nPrioritization of HUC12 Watersheds for Protection and Restoration October 31, 2011 \n \n \n \nK-1 \n1.0 RESTORATION \n \nSection 5.0 of the Comprehensive Protection and Restoration Plan presents the \ncharacteristics used for prioritizing watersheds delineated by US Geological Survey (USGS) \n12-digit hydrologic unit codes (HUC12s) for restoration measures. For clarity, the characteristics \nare repeated below in Table K.1. This appendix explains how data for each of the characteristics \nwere analyzed to develop a ranking system for HUC12 watersheds.  \n \nTable K.1. Prioritization characteristics for restoration. \n \nIssue Characteristic \nSediment \n• Percent developed areas by HUC12 \n• Percent of total waters with sediment total maximum daily loads (TMDLs) \n• Slope \n• Permitted sources most likely to contribute sediment (construction \nstormwater permits and surface mining permits) \n• Percent area with crop land use \nNutrients and \nPesticides \n• Percent of total waters with nutrient TMDLs \n• Percent area with crop and urban land uses \n• Percent areas with pasture land use \n• Permitted sources most likely to contribute nutrients (animal growing \noperations and wastewater treatment facilities) \nPathogens \n• Percent of total waters with pathogen TMDLs \n• Percent areas with pasture and urban landuse \n• Permitted sources most likely to contribute pathogens (animal growing \noperations and wastewater treatment facilities ) \nAquatic \nWeeds \n• Treatment locations \n• Locations identified during aquatic plant surveys \nTrash \n• Stakeholder-identified areas of concern  \n \nCriteria were developed for each characteristic to classify the HUC12s as having “high,” \n“medium,” or “low” restoration priority. These criteria were based on analysis of the values of \nthe characteristics for all of the HUC12s. For example, the percent developed area was calculated \nfor each HUC12. Developed area was used as a surrogate for impervious area. Values of percent \ndeveloped area ranged from 2.8% to 25.6%. A plot of the cumulative distribution for developed \narea was created and visually inspected for “break points” in the values. Break points were \n\nAppendix K  \nPrioritization of HUC12 Watersheds for Protection and Restoration October 31, 2011 \n \n \n \nK-2 \nassigned at points on the cumulative distribution that showed a visible change in slope \n(Figure K.1). Break points for the criteria were also compared to known literature values for the \nexpected effect of watershed characteristics on downstream water quality. Impervious surface \narea is known to have some effect on channel condition and loads of sediment and other \nnonpoint source pollutants at 5% and a much greater effect at 10% (D’Ambrosio et al. 2004; \nSchueler 1995).  \nThe prioritization characteristics include potential sources of pollutants due to both \nnonpoint sources and point sources. Waters for which TMDLs have been developed for \nsediment, nutrients, and pathogens indicate areas with recognized pollutant issues. Watersheds \nwith a higher percent of developed area, higher slopes, and land uses that are indicative of land \nmodification and anthropogenic activities have a greater potential for pollutants to be generated \nin the watershed and contributed to nearby waters. The characteristics that refer to point sources \n(i.e., sources likely to contribute to sediment, nutrients, and pathogens) are subject to regulatory \nprograms described in Appendix F of the Comprehensive Protection and Restoration Plan. \n \n1.1      Sediment      \nAs shown in Table K.1, the characteristics used to prioritize HUC12s for sediment issues \nare 1) percent impervious cover, 2) percent streams with TMDLs, 3) slope, 4) construction and \nmining permits, and 5) percent crop land use. The criteria for classifying the sediment \nprioritization characteristics are summarized in Tables K.2 and K.3. The percent developed area \ncharacteristic was described in Section 1.0. The remaining characteristics are discussed in this \nsection. \n \n\n \n \n \nK-3 \nFigure K.1. Cumulative distribution for developed surface area. \n \n \n \n\nAppendix K  \nPrioritization of HUC12 Watersheds for Protection and Restoration October 31, 2011 \n \n \n \nK-4 \nTable K.2. Criteria for classifying sediment prioritization characteristics for HUC12s in the \n1x:10x watershed. \n \nCharacteristic \nCriteria for: \nHigh PriorityMedium Priority Low Priority\nPercent Impervious Cover >5% n/a                     <                     5%                     \nPercent Streams in TMDLs: Initial >60% 30% – 60% < 30% \nPercent Streams in TMDLs: Revised >50% 30% – 50% <30% \nPercent High Slope  >4% 1.5% – 4% < 1.5% \nPercent Medium Slope  >60% 30% – 60% < 30% \nPresence of Construction and Mining Permits1 or more NA None present\nPercent Crop Land Use >3.5% 1.4% – 3.5% < 1.4% \n \n \nTable K.3. Criteria for classifying sediment prioritization characteristics for HUC12s above \nthe 1x:10x watershed. \n \nCharacteristic \nCriteria for: \nHigh PriorityMedium Priority Low Priority\nPercent Developed Area >10% 5% – 10% < 5% \nPercent Streams in TMDLs: Initial >60% 30% – 60% < 30% \nPercent Streams in TMDLs: Revised >50% 30% – 50% <30% \nPercent High Slope  >4% 1.5% – 4% < 1.5% \nPercent Medium Slope >60% 30% – 60% < 30% \nPresence of Construction and Mining Permits1 or more NA None present\nPercent Crop Land Use >3.5% 1.4% – 3.5% < 1.4% \n \n1.1.1   Sediment   TMDLs   \nThe presence of sediment TMDLs was quantified by comparing the sum of the lengths of \nall stream reaches in a HUC12 with the sum of the lengths of stream reaches for which TMDLs \nhave been developed. Length of all stream reaches was calculated using the National \nHydrography Dataset (NHD) for medium resolution streams. The NHD includes a total of \n1,954 miles of stream in the Ross Barnett Reservoir watershed. Sediment TMDLs have been \ndeveloped for 395 miles of stream in the watershed. The criteria shown in Tables K.2 and K.3 for \nclassifying the HUC12s were set based on the cumulative distribution of percent streams with \nsediment TMDLs. More stringent criteria for developed area was used for HUC12s in the 1x:10x \nwatershed. The cumulative distribution plot for sediment TMDLs is shown on Figure K.2. \n\n \n \n \nK-5 \nFigure K.2. Cumulative distribution for sediment TMDLs. \n \n \n \n \n\nAppendix K  \nPrioritization of HUC12 Watersheds for Protection and Restoration October 31, 2011 \n \n \n \nK-6 \nSlope classes defined by the Natural Resources Conservation Service (NRCS) were used \nto characterize slopes in each HUC12. Table K.4 includes the NRCS terms for both simple and \ncomplex slopes. For prioritization, areas with the NRCS simple slope classifications of “nearly \nlevel” or “gently sloping” were classified as “low slopes;” areas with the NRCS simple slope \nclassifications of “strongly sloping” to “moderately steep” were classified as “medium slopes;” \nand areas with the NRCS simple slope classification of “steep to very steep” were classified as \n“high slopes.” Complex slopes are groups of slopes that have definite breaks in several different \ndirections and in most cases markedly different slope gradients within the areas delineated. Slope \ncomplexity has an important influence on the amount and rate of runoff and on sedimentation \nassociated with runoff.  \nThe percentages of each HUC12 categorized as medium slopes and high slopes were \nplotted as cumulative distributions (Figures K.3 and K.4, respectively). Break points for \nprioritization based on percent high slopes and percent medium slopes were set based on these \ndistributions. The classifications for medium and high slopes were then combined into one \nprioritization factor. For the combined slope factor, all HUC12s with an overall high priority for \nhigh slopes were given a high priority. In addition, all HUC12s where either the high or the \nmedium slope had an overall high priority and the other had an overall medium priority were \nalso assigned a high priority. All HUC12s with a low priority for both medium and high slopes \nwere given a low priority. The remaining HUC12s were given a medium priority.  \n \nTable K.4. NRCS slope classes. \n \nClasses Slope Gradient Limits \nSimple Slopes Complex Slopes Lower Percent Upper Percent \nNearly level Nearly level 0 3 \nGently sloping Undulating 1 8 \nStrongly sloping Rolling 4 16 \nModerately steep Hilly 10 30 \nSteep                                Steep                                  20                                60                                \nVery steep Very steep >45  \nFrom http://soils.usda.gov/technical/manual/contents/chapter3.html#table3-1 \n \n\n \n \n \nK-7 \nFigure K.3. Cumulative distribution for percent medium slope. \n \n \n \n \n\n \n \n \nK-8 \nFigure K.4. Cumulative distribution for percent high slope. \n \n \n \n\nAppendix K  \nPrioritization of HUC12 Watersheds for Protection and Restoration October 31, 2011 \n \n \n \nK-9 \n1.1.2   Permitted   Sediment   Sources   \nPermitted sources likely to contribute sediments include construction stormwater and \nsurface mining stormwater. The locations of permitted construction and mining stormwater \ndischarges were obtained from the Mississippi Department of Environmental Quality (MDEQ). \nThe coverage of construction stormwater permits was restricted to only sites covered under the \nlarge construction stormwater permit, which applies to construction activities that "
}