{
  "slug": "ross-barnett-reservoir-watershed-plan-2011",
  "source": "Ross_Barnett_Reservoir_Watershed_Plan_2011.pdf",
  "length": 1021493,
  "part": 54,
  "text": "s are issued for construction sites 5 acres or greater. \n7\nWe first considered an even distribution within Rankin County, based on size of Rankin County (795 square miles \nor 508,800 acres) compared to the size of the Mill-Pelahatchie Creek HUC12 (18,123 acres). 249 construction sites \nper 508,800 acres is equivalent to 9 sites within the HUC12. However, it is known that much of the construction \nactivity is concentrated near the Reservoir in this HUC12, so the even distribution did not seem to be a good \nassumption. \n\nAppendix P  \nSediment Budget for Mill-Pelahatchie HUC12 Watershed October 31, 2011 \n \n \n \nP-13 \nTable P.10. Disturbed areas by construction and mining activity in the watershed. \n \nType Disturbed Area \nLarge Construction Sites 20 sites* 20 acres = 400 acres \nSmall Construction Sites 50 sites * 5 acres = 200 acres \nSurface Mines 3 sites * 4 acres = 12 acres \nTotal \n662 acres (2.68 square kilometers) \n \n4.2 Sediment Concentrations in Runoff \nLiterature values must be used to estimate the amount of sediment contained in \nstormwater runoff from construction and mine sites. The following literature values for runoff \nsediment concentrations were used\n8\n: \n \n• The TSS in runoff from sites with insufficient best management \npractices (BMPs) = 11,000 mg/L. \n• The TSS in runoff from sites with effective BMPs= 637 mg/L. \n \nMDEQ conducted Compliance Evaluation Inspections in 2008 through 2010 and found \nviolations at 20 of the 38 sites inspected near the Reservoir (53% of the sites). From these \ninspections, it was estimated that 50% of the disturbed areas had insufficient BMPs and 50% of \nthe sites had effective BMPs. Using this estimate, the average TSS concentration in disturbed \narea runoff is 5,927 mg/L. \n \n4.3 Runoff from Construction and Mining Sites \nThe GWLF model was used only to calculate the amount of runoff for developed areas. \nSediment loads were not calculated with this model. The amount of runoff from developed areas \nwas calculated by the GWLF model as 40.08 cm/year (1.07E6 m\n3\n/year). Note that the model \ninput for the developed landuse is included in Tables P.2 through P.6. \n                                                \n \n8 \nCalculate erosion per acre using TSS concentrations from Edwards (2003; as cited in ADEQ 2004) assuming that \nhalf of acres have no BMPs (i.e., TSS in runoff is 11,217 mg/L) and the other half have effective BMPs (TSS in \nrunoff is 637 mg/L). \n\nAppendix P  \nSediment Budget for Mill-Pelahatchie HUC12 Watershed October 31, 2011 \n \n \n \nP-14 \n4.4 Estimated Sediment Load from Construction and Mining Sites \nThe amount of erosion from disturbed areas was calculated as follows: \n \nErosion (kg TSS/year) = 1.07E6 m\n3\n/year * 5,927 mg/L = 6.34E6 \n \nThe yield from disturbed areas was then calculated as the product of the erosion and the \nSDR. Results for Mill-Pelahatchie Creek watershed are given below: \n \nAnnual Sediment Yield (kg TSS/year) = 6.34E6 * 0.13 \n \nAnnual Sediment Yield = 8.24E5 kg TSS/year \n \n\nAppendix P  \nSediment Budget for Mill-Pelahatchie HUC12 Watershed October 31, 2011 \n \n \n \nP-15 \n5.0 MEASURED SEDIMENT LOAD \n \nData collected from monitoring stations located in the Mill-Pelahatchie Creek HUC12 \nwas used to calculate the measured sediment load. USGS has monitored flow and suspended \nsediments at several locations in the Mill-Pelahatchie Creek HUC12. Only two stations have \nsimultaneous records of flow and suspended sediments, so that the sediment samples can be \nconverted into instantaneous measurements of sediment load (Table P.11). \n \nTable P.11. Monitoring data summary. \n \nStation Data Availability \nMill Creek at Hwy 25, USGS 02485574 \nDaily flow measurements (1998 – present); \n707 suspended sediment samples with instantaneous \nflow readings (01/2008 – 09/2009) \nMill Creek Tributary 1, USGS 02485577\n1,476 suspended sediment samples with \ninstantaneous flow readings (09/2006 – 08/2010). \n \nLinear regressions were developed relating the log of the flow yield (flow per amount of \ndrainage area) and the log of the suspended sediments yield (suspended sediments load per \namount of drainage area) from both sites. However, only the relationship developed for Mill \nCreek at Highway 25 was used in the final analysis. This is because the sediment yields from \nTributary 1 were elevated due to known compliance problems as a large construction site. The \nyields measured Highway 25 were assumed to be representative of the yields expected in the \nHUC12 subwatershed, and the relationship was used to estimate sediment loads expected for the \nHUC12. It should be noted that the majority of the samples collected at Highway 25 are \nassociated with rain event monitoring.  \nThe linear regression for Mill Creek at Highway 25 was used to calculate the annual \naverage sediment load contributed from land in the Mill-Pelahatchie Creek HUC12 (Figure P.3). \nThe relationship can be expressed with the following equation: \n \nLog(kg suspended sediments/km\n2\n/day) = 1.517 * Log(m\n3\n/sec/km\n2\n) + 5.493 \n \n\nAppendix P  \nSediment Budget for Mill-Pelahatchie HUC12 Watershed October 31, 2011 \n \n \n \nP-16 \n1.00E+00\n1.00E+01\n1.00E+02\n1.00E+03\n1.00E+04\n1.00E+05\n1.00E+06\n1.00E+07\n0.0010.010.1110\nSS\n \nYield\n \n(Kg/Km\n2\n)\nFlow Yield (m\n3\n/sec/Km\n2\n)\nHwy 25\nLog(SS/Km\n2\n)= 1.517Log(m\n3\n/sec/Km\n2\n) + 5.493\nR\n2\n= 0.91\nFigure P.3. Regression between flow and sediment yield for Mill Creek at Highway 25. \n \n \n \n \n \n \n \n \n \n \n \n \n \n \n \n \n \n \n \n \n \n \n \n \n \n \n \n \nThe annual flow yield from the Mill-Pelahatchie Creek HUC12 from the GWLF model is \n50.65 cm (1.18 m\n3\n/second for the area of 18,221 acres). Using the above equation, the estimated \nsediment load is 1.59E7 kg/year for the Mill-Pelahatchie Creek HUC12. Note that this is the \nmeasured sediment load indicated in Table P.1. \n \n\nAppendix P  \nSediment Budget for Mill-Pelahatchie HUC12 Watershed October 31, 2011 \n \n \n \nP-17 \n6.0 CONCLUSIONS \n \nThis analysis indicates that the largest sediment source in the Mill-Pelahatchie is instream \nsources, with smaller contributions coming from rural upland areas, disturbed urban areas, and \ngullies. A reasonable conclusion from this finding is that management measures to stabilize \neroding stream banks and beds are needed to reduce the overall sediment loads in the system. \nHowever, instream management practices alone are not likely to reduce sediment loads enough \nto measurably improve water quality and reach the total maximum daily load (TMDL) goal of a \n“stable sediment yield at the effective discharge.” \nPlans for instream management practices should be developed with an understanding of \nthe geomorphology of the system and possible geomorphic changes in stream channels. Stream \nstabilization measures alone that are installed at selected reaches could alter the energy-sediment \nbalance and cause unintentional erosion problems at other locations. Watershed management \ndecisions, especially the increase of impervious surface area in the watershed, are critical to \npreventing further erosion of stream channels. This is because stream channels in impervious \nwatersheds experience increased peak flows in response to rain events. Increased peak flows are \na direct cause of stream bank and bed erosion. \nFor these reasons, the management practices recommended for the Mill-Pelahatchie \nHUC12 include measures to reduce sediment and peak flows from upland areas along with \ninstream practices. There are several reasons for this: \n \n• The large sediment contribution from stream beds and banks also accounts for \nsediment stored in the stream channels from previous upland activities. Previous \nactivities include historical row-crop agriculture and land development that \noccurred prior to regulation of construction sites. Sediments contributed from \nthese activities are likely to aggregate in quiescent areas of the stream channels \nand floodplains. These sediments can be resuspended during high-flow events and \nflushed downstream. However it is likely to take tens to hundreds of years for this \nprocess to completely wash out existing sediments. \n• Instream management practices can be extremely costly, with establishment of \n“natural” streambank stabilization methods costing as much as $200 per linear \nfoot. Due to the high cost, it is unlikely that resources will be available to install \nthese practices on a large scale. \n\nAppendix P  \nSediment Budget for Mill-Pelahatchie HUC12 Watershed October 31, 2011 \n \n \n \nP-18 \n• Practices that capture and infiltrate storm water flows from impervious surface \nareas within the watershed are highly recommended to reduce erosion-causing \npeak-flow events in the Mill-Pelahatchie HUC12. \n• Preservation and restoration of riparian buffer zones is a highly recommended \nBMP. Riparian buffer zones have many positive benefits to adjacent streams \nincluding stabilization of eroding stream banks and reduction of peak-flow events. \nThis would likely be effective for reducing sediment contributions from stream \nbeds and banks. \n• Management practices placed at headwater locations are less costly to implement, \nand their results often become visible to the public in a shorter amount of time. \nPublic visibility is vital to the success of any watershed restoration project so that \nthe public can “see” the results of their financial investments towards restoring \nand protecting water quality. \n \n\nAppendix P  \nSediment Budget for Mill-Pelahatchie HUC12 Watershed October 31, 2011 \n \n \n \nP-19 \n7.0 REFERENCES \n \nADEQ. 2004. West Fork White River Watershed Data Inventory and Nonpoint Source Pollution \nAssessment. Prepared by Environmental Preservation Division, Arkansas Department of \nEnvironmental Quality. Little Rock, AR. December 3, 2004. \nBingner, R.L., R.R. Wells, H.G. Momm, F.D. Theurer, and L.D. Frees. 2010. Development and \nApplication of Gully Erosion Components within the USDA AnnAGNPS Watershed \nModel for Precision Conservation. International Conference of Precision Agriculture \nAbstracts and Proceedings, 18-21 July 2010, Denver, CO. CD-ROM. \nDai, T., R. Wetzal, T.R.L. Christensen, and E.A. Lewis. 2000. BasinSim 1.0 A Windows-Based \nWatershed Modeling Package, Users Guide. Virginia Institute of Marine Science, School \nof Marine Science, College of William & Mary. Gloucester Point, VA. Revised May 16, \n2000. \nEdwards, F.G. 2003. Stormwater Pollution Prevention BMP Workshop, Demonstration, and \nEvaluation, Project 700 FY01 CWA Section 319(h). Final Report. Arkansas Soil and \nWater Conservation Commission. Little Rock, AR. \nOgrosky, H.O., and V. Mockus.1964. Hydrology of agricultural lands. Chapter 21 in Handbook \nof Applied Hydrology. VT Chow, editor. McGraw-Hill. New York. \nRankin County Board of Supervisors, MDEQ, NRCS, PRVWSD, USGS. 2009. Final Report, \nMill Creek Watershed Improvements Funded with Support of Section 319h Funding. \nMarch 30, 2009. \n \n\n \n \n \n \n \n \n \n \n \n \n \n \n \nAPPENDIX Q \n \nLITERATURE REVIEW: \nSEDIMENT BUDGETS AND SOURCE STUDIES \n\nAppendix Q  \nLiterature Review: Sediment Budgets and Source Studies October 31, 2011 \n \n \n \ni \nTABLE OF CONTENTS \n \n1.0 INTRODUCTION .......................................................................................................... Q-1 \n2.0       SEDIMENT       YIELD STUDIES ...................................................................................... Q-2 \n2.1 James Creek ........................................................................................................ Q-2 \n2.2 Town Creek near Tupelo .................................................................................... Q-2 \n2.3 Harland Creek ..................................................................................................... Q-4 \n2.4 West Fork White River, Arkansas ...................................................................... Q-4 \n2.5 Chesapeake Bay .................................................................................................. Q-5 \n3.0 COMPONENTS OF SEDIMENT BUDGET ................................................................. Q-6 \n4.0 SEDIMENT REFERENCE YIELDS AND TMDL TARGETS .................................... Q-7 \n5.0       REFERENCES       ...............................................................................................................       Q-9 \n \n \nLIST OF TABLES \n \nTable Q.1 Sediment yields for stable and unstable streams ................................................. Q-8 \nTable Q.2 Q\n1.5\n sediment yields for streams in the Reservoir watershed .............................. Q-8 \n \n\nAppendix Q  \nLiterature Review: Sediment Budgets and Source Studies October 31, 2011 \n \n \n \nQ-1 \n1.0 INTRODUCTION \n \nSediment budgets include both upland sources of sediments and sediments contributed \nfrom stream corridors (erosion of stream banks and resuspension of stream bed sediments). \nUpland sources can be attributed to land management activities that result in removal of natural \nvegetation (i.e., erosion of exposed sediments from construction sites, increased peak flows in \nurban areas, surface mining, forest harvesting, and agricultural activities).  \nDeveloping a sediment budget that delineates loads between upland and instream sources \nwould be helpful to guide management practices and manage expectations related to sediment \nreductions expected from implementation of practices. However, attributing cumulative sediment \nloads to individual sources may be difficult without detailed information. Furthermore, \nattributing sources to one particular source over others may be controversial among the effected \ngroups if this is done without adequate supporting information. Within urban areas, for example, \nquantifying sediment due to transport of sediments from construction sites due to sheet flow vs. \ngullies formed in areas with concentrated flows would require site-specific observation of where \nand when these process are occurring. \nMost studies that have attempted to make accurate estimates of instream loads have \nincluded extensive field data collection activities and modeling efforts. A summary of several \nsuch studies is included in Section 2.0. \n \n\nAppendix Q  \nLiterature Review: Sediment Budgets and Source Studies October 31, 2011 \n \n \n \nQ-2 \n2.0 SEDIMENT YIELD STUDIES \n \n2.1      James      Creek      \nJames Creek is a tributary of the Tennessee-Tombigbee Waterway located in Level III \nEcoregion 65. Sediment yields were calculated using a combination of methods were used \nincluding empirical analysis of historic data from other sites, field reconnaissance and detailed \ndata collection and surveying, and numerical modeling of uplands and channels. Models \n(AnnAGNPS and CONCEPTS) and direct comparison of channel cross sections measured over \ntime were used to estimate yields. \n“Actual” sediment yields (determined with field data and modeling) were compared with \n“reference” sediment yields for Ecoregion 65. Reference yields were adjusted to account for bed \nmaterial particle size and given as 2.22 tons per day per square kilometer at the Q\n1.5\n flow (the \nhigh-flow condition that is expected statistically to occur once every one and a half years). (Note \nthat this reference yield value is for stable streams). Modeling data predicted actual yield for \nrecent years at the Q\n1.5\n to be 39 tons per day per square kilometer. Annual average yield for \nrecent years calculated with monitoring data is 727 tons per year per square kilometer. (Please \nnote that the annual average yield cannot be compared to reference yields at the Q\n1.5\n because the \nannual average yield is calculated in terms of tons per year, not per day.) \nBased on historical record, sediment yields were 89% from the bed and banks and \n11% from upland sources. High bed and bank sources were attributed to historical stream \nchannel modification, which included clearing with a dragline. More recent years (1970-2002) \nshow that 70% of the sediments originate from banks and 30% are from the watershed. \nManagement practices should focus on stream-channel processes and stabilizing eroding reaches \nand tributaries. \n \n2.2 Town Creek near Tupelo \nThe Mississippi State University (MSU) Department of Civil Engineering, in cooperation \nwith the National Sedimentation Laboratory (NSL), has conducted extensive field work and \nsediment budget calculations on Town Creek near Tupelo. Results indicated that up to 70% of \nthe sediments delivered to the outlet originated in the upper region of the watershed. The \n\nAppendix Q  \nLiterature Review: Sediment Budgets and Source Studies October 31, 2011 \n \n \n \nQ-3 \ndrainage area of the upper region constitutes approximately 30% of the total drainage area \n(Ramirez-Avila et al. 2010b). Sources in the upper watershed were gulley erosion from \nagricultural lands and erosion from incised channels. Downstream reaches appeared to be \nstabilizing, and functioned as a zone of deposition due to influence of the Tennessee-Tombigbee \nwaterway (Ramirez-Avila et al. 2010a).  \nAdditional conclusions were as follows: \n \n• Upper reaches appeared to be in the degradation stage (active bank failure and \nchannel widening), based on data analysis and visual observation. Middle and \nlower reaches appeared to be in aggradation; channels are wide and stable with \nthe presence of vegetation (Ramirez-Avila et al. 2010b).  \n• Estimated suspended sediment yield at the Q\n1.5\n flow was 80 tons per day per \nsquare kilometer. This estimate was obtained using the transport curve for \nNettleton, Mississippi. \n• Regional relationships for sediment yield are significantly lower than estimates \nobtained from local data. Reference yield for Ecoregion 65 streams is 3.9 tons per \nday per square kilometer. This is the median value for all sites in Mississippi \ngiven in Simon et al. 2002a. \n• Temporal analysis shows a reduction of sediment loads at baseflow conditions.  \n• Increased loads under higher flow conditions in upper reaches were attributed to \nactive geomorphic processes. \n \nField data collected"
}