{
  "slug": "magees-creek-watershed-plan-2007",
  "source": "Magees_Creek_Watershed_Plan_2007.pdf",
  "length": 55428,
  "part": 3,
  "text": " DRAFT plan for use as \na guide to watershed restoration and protection activities. \n \n \n \n \n \n \n \n \n \n \n\n 32 \nXII. RESOURCES \n \nMDEQ. 2000.  Pearl River Basin Status Report 2000. Mississippi \n Department of Environmental Quality. Jackson, Mississippi. \n \nMDEQ. 2003.  Phase One Fecal Coliform TMDL for Magees  Creek, \nPearl River Basin, Walthall County, Mississippi.   Mississippi \nDeaprtment of Environmental Quality.  Jackson,   Mississippi. \n \nSCS. 1968. Soil Survey Walthall County, Mississippi. \n \n\"Natural Heritage Inventory: Search Animal Database.\" Mississippi \nMuseum of Natural Science.  \n<http://www.mdwfp.com/museum/html/Research/query_animals.asp\n> \n \n\"Natural Heritage Inventory: Search Plant Database.\" Mississippi \nMuseum of Natural Science.  \n<http://www.mdwfp.com/museum/html/Research/query_plants.asp\n> \n  \n \n \n \n \n \n \n \n \n \n \n \n \n \n \n\n 33 \n \n \n \nAppendix A \n \n \n \nPlant and Animal Species of \nSpecial Concern \n \n \n \n \n \n \n \n \n \n\n 34 \nAnimals of Special Concern in Walthall County \nScientific Name Common Name Threatened Endangered \nACIPENSER OXYRINCHUS \nDESOTOI \nGULF STURGEON X  \nGOPHERUS POLYPHEMUS GOPHER TORTOISE X  \nMICRURUS FULVIUS EASTERN CORAL \nSNAKE \n  \nNOTURUS MUNITUS FRECKLEBELLY \nMADTOM \n  \nPROCAMBARUS PENNI PEARL BLACKWATER \nCRAYFISH \n  \n \nAt this time, there are no Plants of Special Concern in Walthall \nCounty. \n \nAnimals of Special Concern in Lawrence County \nScientific Name Common Name Threatened Endangered \nALOSA ALABAMAE ALABAMA SHAD   \nCRYSTALLARIA \nASPRELLA \nCRYSTAL DARTER   \nELANOIDES FORFICATUS SWALLOW-TAILED KITE   \nGRAPTEMYS OCULIFERA RINGED MAP TURTLE X  \nNOTURUS MUNITUS FRECKLEBELLY MADTOM   \nOBOVARIA UNICOLOR ALABAMA HICKORYNUT   \n \nPlants of Special Concern in Lawrence County \nScientific Name Common Name Threatened Endangered \nNYMPHAEA MEXICANA BANANA WATER-LILY   \nPOTAMOGETON \nEPIHYDRUS \nCREEKGRASS   \nPOTAMOGETON \nPUSILLUS VAR \nTENUISSIMUS \nSMALL PONDWEED   \n \n\n 35 \nAnimals of Special Concern in Marion County \nScientific Name Common Name Threatened Endangered \nAIMOPHILA \nAESTIVALIS \nBACHMAN'S \nSPARROW \n  \nALOSA ALABAMAE ALABAMA SHAD   \nCRYSTALLARIA \nASPRELLA \nCRYSTAL DARTER   \nGOPHERUS \nPOLYPHEMUS \nGOPHER TORTOISE X  \nGRAPTEMYS \nOCULIFERA \nRINGED MAP \nTURTLE \nX  \nMICRURUS FULVIUS EASTERN CORAL \nSNAKE \n  \nNOTROPIS \nCHALYBAEUS \nIRONCOLOR SHINER   \nNOTURUS MUNITUS FRECKLEBELLY \nMADTOM \n  \nONTHOPHAGUS \nPOLYPHEMI \nONTHOPHAGUS \nTORTOISE \nCOMMENSAL \nSCARAB BEETL \n  \nPICOIDES \nBOREALIS \nRED-COCKADED \nWOODPECKER \n X \nPITUOPHIS \nMELANOLEUCUS \nLODINGI \nBLACK PINE SNAKE   \nPROCAMBARUS \nPENNI \nPEARL \nBLACKWATER \nCRAYFISH \n  \nPSEUDOTRITON \nRUBER \nRED SALAMANDER   \nPTERONOTROPIS \nWELAKA \nBLUENOSE SHINER   \nPUMA CONCOLOR \nCORYI \nFLORIDA PANTHER  X \nURSUS \nAMERICANUS \nLUTEOLUS \nLOUISIANA BLACK \nBEAR \nX  \n \n\n 36 \nPlants of Special Concern in Marion County \nScientific Name Common Name Threatened Endangered \nALOPHIA DRUMMONDII PINEWOODS-LILY   \nCAREX BALTZELLII BALTZELL'S SEDGE   \nCAREX IMPRESSINERVIA SOUTHERN FEW-FRUITED \nSEDGE \n  \nCAREX PICTA PAINTED SEDGE   \nCORNUS ALTERNIFOLIA ALTERNATE-LEAF \nDOGWOOD \n  \nDIRCA PALUSTRIS EASTERN LEATHERWOOD   \nEULOPHIA ECRISTATA SMOOTH-LIPPED \nEULOPHIA \n  \nLILIUM SUPERBUM TURK'S-CAP LILY   \nLOBELIA \nAPPENDICULATA \nAPPENDAGED LOBELIA   \nMACRANTHERA \nFLAMMEA \nFLAME FLOWER   \nRUELLIA PEDUNCULATA \nSSP PINETORUM \nPINE BARREN RUELLIA   \nSABATIA CAMPESTRIS PRAIRIE PINK   \nSORGHASTRUM \nAPALACHICOLENSE \nOPEN INDIAN GRASS   \nSTEWARTIA \nMALACODENDRON \nSILKY CAMELLIA   \n \n \n \n \n \n \n \n \n\n 37 \n \n \n \nAppendix B \n \n \n \nFunded 319 Project Proposal \n \n \n \n \n \n \n \n\n 38 \nPROJECT TITLE: \nMagees Creek Watershed Nonpoint Source Pollution Project \n \nPROJECT ABSTRACT: \nThis project will be located in the central portion of Walthall County in Mississippi. \nThe objectives of this project will be: \n \nTo improve water quality and protect high quality waters through the \nimplementation of selected BMPs in targeted areas. \n \nTo apply Best Management Practices (BMPs) to pasture and hay lands in the \nproject area so as to reach the desired outcome of reduced cattle access to \nstreams and to reduce the amount of sediment entering streams in the \nwatershed. \n \nTo properly manage animals and animal waste. \n \nTo inform and educate the public about Best Management Practices that \nbenefit water quality. \n \nThe project cost is $ 554,767 Of this amount, $ 332,860 in 319 funds are requested \nwith the balance of   $221,907 to be supplied as match. \n \nLEAD ORGANIZATION: \n \nMississippi Soil and Water Conservation Commission \nMark Gilbert, Project Manager \nP.O. Box 23005 \nJackson, MS  39225-3005 \n \nPhone: (601) 354-7645 \nFax:    (601) 354-6628 \ne-mail: mgilbert@mswcc.state.ms.us  \n \nCOOPERATING AGENCIES AND ORGANIZATIONS: \n \nWalthall County Soil and Water Conservation District; USDA Natural Resources \nConservation Service; Mississippi Department of Environmental Quality; United \nStates Geological Survey; Ms Cooperative extension Service \n \n\n 39 \nGRANT ADMINISTRATOR: \n \nMark E. Gilbert, Environmental Administrator \nMS Soil & Water Conservation Commission \nP.O. Box 23005 \nJackson, MS   39225-3005 \n \nPhone: (601) 354-7645 \n (601) 540-4210  (cell) \nFax:    (601) 354-6628 \ne-mail: mgilbert@mswcc.state.ms.us \n \nPROJECT LOCATION: \n \nMagees Creek Watershed (031800050401, 031800050402, 031800050403, \n031800050404) \n(see attachment 1 for a maps depicting the location, 303(d) listed segment and land \nuse for the watershed) \n \nPROJECT OBJECTIVE: \n \nThe water quality impairments to be addressed by this project are fecal coliform \nbacteria and sediment.  Fecal coliform bacteria  are used as indicator organisms.  \nThey are readily identifiable and indicate the possible presence of other pathogenic \norganisms in the water body.  The Mississippi Department of Environmental Quality \n(MDEQ) has placed segment MS190E of Magees Creek River on the 1998 Section \n303(d) List of Waterbodies as an evaluated water body segment, due to pathogens. \nThe State’s 1998 303(d) list of evaluated water bodies lists the designated used of \nMagees Creek as primary contact and aquatic life support.   MDEQ has developed a \nTMDL for the listed segment of Magees Creek MDEQ and it has been targeted for \nimplementation by the Pearl River/South Independent Streams Basins Group \nmanagement team. The TMDL model indicates violation of the percent of time that \ntranscends the fecal coliform standards.  The existing condition load was based on \nthe load for the 30-days during which the critical violation occurred and resulted in \nan overall 45% reduction in sources of fecal coliform to the water body to meet the \nTMDL as determined by a thirty day sample data set that meets both portions of the \nstandards and is indicative of possible water quality conditions. (a copy of the TMDL \nis attached)   \nAnother objective of this project will be to reduce soil loss on pasture land in the \nwatershed.  BMPs listed on the following page will not only reduce nutrients and \npathogens but will also reduce the amount of sediment entering Magees Creek from \npasture land in the watershed. \n \nPROJECT DESCRIPTION: \n \n\n 40 \nThis project will implement selected Best Management Practices  (BMPs) on \ntargeted areas in the Magees Creek Watershed that will result in reduced pollutant \nloadings from agricultural nonpoint sources. The main water quality problem to be \naddressed by this project is animal waste nutrients from agricultural nonpoint \nsources.  Of primary concern are animal waste runoff and the disposing of animal \nwaste from cattle and poultry operations in the watershed. Also, soils in the \nwatershed are very erosive, with sheet and gully erosion occurring on sloping \nhayland and pastureland. Erosion is occurring from pasture and hay land in the \nproject area at the rate of 8-10 tons per acre per year.  Nutrients and pathogens \nfrom animal waste as well as sediment contained in runoff is entering  Magees \nCreek and its tributaries causing degradation of the resource base.    \nThe erosion of the soil resource base removes nutrients, reduces water holding \ncapacity, undermines plant rooting systems, reduces the soil’s organic matter \ncontent, reduces soil tilth and degrades water quality within the project area.   \nThe Magees Creek Watershed is approximately 140,000 acres.  The watershed is \npredominately rural. The current land uses in the Magees Creek Watershed include \n7,136 acres of cropland, 82,182 acres of pasture land, 46,461 acres of timber land, \n483 acres of urban land, 349 aces of barren land, 6,424 acres of wetlands and 231 \nacres of water. \n  \nThis project will be implemented in three phases.  Phase 1 will consist of \nanalyzing existing assessment data, determining target areas within the watershed \nwhere the stressors are causing the greatest damage and if the application of \nneeded Best Management Practices will yield a beneficial reduction in pollutant \nloadings.  Education and outreach activities will also be conducted during this phase \nto inform landowners in the watershed about the objectives of the project. The \nMississippi Soil and Water Conservation Commission (MSWCC) will cooperate with \nthe Mississippi Cooperative Extension Service, United States Geological Survey  \nand the Walthall County Soil and Water Conservation Districts in identifying the \nappropriate Best Management Practices for targeted areas in the watershed and \neducating landowners as to the need for their participation. \n \nPhase 2 will consist of (based upon the finding of phase 1) the application of best \nmanagement practices on targeted areas in the watershed that will result in desired \npollutant load reductions.  The Mississippi Soil and Water Conservation Commission \nwill accomplish this trough it’s water quality cost share program. In this project, \nrecords will be kept at both the state level and local level so as to determine the \nprogress being made in carrying the project out and the benefits that are being \nreceived as related to the improvement of water quality within the project.  During \nthe planning process with participants, the amount of soil loss from the area to be \ntreated with a particular BMP will be determined and recorded.  The amount of soil \nsaved as a result of applying the BMP will also be determined and recorded.  \nAdditional information will be collected on each BMP installed in the project that will \nbe provided to MDEQ and used to calculate the pollutant load reduction for each \nBMP installed.  This information will indicate the project effectiveness in reducing \n\n 41 \npollutant loadings.  Participants in the project will be required to maintain BMPs for a \nperiod of up to ten years after installation. \n \nAdditional education and outreach efforts will be conducting during this phase to \ninform and educate the public about Best Management Practices that benefit water \nquality.  This will be accomplished by the following: \nEstablishing at least 2 demonstration farms to inform the public about best \nmanagement systems. \nConduct at least 2 field day/tours during the life of the project. \nPrepare and distribute at least 1,000 fact sheets highlighting the benefits derived \nfrom the project. \nPublish at least 4 articles about the project in newsletters and local newspapers. \nErect at least 20 project roadside signs that designate where water quality practices \nare in progress or have been completed. \n \nTo address the above stated water quality problems, Best Management Practices \n(BMPs) will be installed on agricultural lands in the project area.  Potential BMPs to \nbe installed include but are not limited to: \n25 acres of critical area planting \n5 grade stabilization structures \n75 acres of pasture & hayland planting \n3water and sediment control basins \n500 acres of nutrient management/grazingland improvement \n10 livestock watering ponds \n10 watering troughs or tanks \n40,000 feet of fencing \n5 stream crossings \n2 waste treatment lagoon \n2 waste storage facility \n200 acres chiseling and subsoiling \n4 composting facilities \n5 acres of grassed waterways \n10 acres of heavy use area protection \n200 acres of prescribed grazing \n5 incinerators \n100 acres tree planting \n36 alum treatment of poultry houses \n200 acres of conservation cover \n \n \nPhase 3 will consist of post BMP monitoring to determine the pollutant load \nreductions achieved by the application of Best Management Practices.  The \nMSWCC will coordinate with the MDEQ in conducting these activities. \n \n\n 42 \nMILESTONES: \n \n1. Sign grant contract with MS Department of Environmental Quality. (Month 0) \n2. Determine priority areas that are contributing significant loads in the \nwatershed.  This will be carried out with assistance from the Lower Bogue \nChitto WIT. (Month 1) \n3. Issue policies and procedures for implementing the project to the SWCD \noffice.  \n(Month 1) \n4. Meet with the board of SWCD commissioners to get their understanding of \ntheir responsibilities and participation. (Month 2) \n5. Provide training to district staff. (Month 2-3) \n6. Assist in establishing an evaluation system in conjunction with the MS \nDepartment of Environmental Quality to indicate the benefits of the project. \n(Month 2-3) \n7. Conduct a landowner meeting to inform potential participants about the \nproject.     (Month 3) \n8. Secure commitments from several landowners and operators who are willing \nto participate in the project. (Month 3-4) \n9. Assist participants in developing a conservation plan and applying best \nmanagement practices (Month 4-12) \n10. Establish at least demonstration farm (Month 4-12) \n11. Document pre-existing site conditions. (Month 2-12) (Before and after photo \ndocumentation will be conducted). \n12. Accelerate conservation planning and application assistance.  Special effort \nwill be made to complete conservation plans during this time frame. (Month \n13-24) \n13. Conduct at least 1 informational field day/tour to inform the public about the \nproject . (Month 13-24) \n14. Establish at least 1 demonstration farm. (Month 13-24) \n15. As requested, assist DEQ with evaluations. (Month 0-36) \n16. Collect GPS coordinates and other data required by MDEQ on all BMPs \ninstalled in the project. (Month 0-36) \n17. Assemble data on the amount of soil saved. (Month 0-36) \n18. Erect project roadside signs which designate where water quality practices \nare in progress or have been completed. (Month 4-36) \n19. Provide continued conservation planning and application assistance to \nparticipants. (Month 25-36) \n20. Review the status of applying best management practices to reach the \nobjectives of the project.  (Month 25) \n21. Based upon the needs and finding of milestone 18, assistance in planning \nand/or application will be redirected and/or accelerated. (Month 25-36) \n22. Publish at least 4 articles about the project. (Month 0-36) \n23. Publicity of the project will be increased; at least 1 field day/tour will be \nconducted and at least 1,000 fact sheets will be developed and distributed. \n(Month 25-36) \n\n 43 \n24. Bi-annual reports will be made to MDEQ. (Month 0-36) \n25. Make Final report to MDEQ. (Month 36) \n\n 44 \n \nCRITERIA FOR EVALUATION \n(also see Phase 1 and 3 information under Project Description) \nThe following measures and indicators of progress will be utilized to track the \nsuccess of this project: \n \nNPS Pollutant Load Reduction – the amount of soil saved as a result of the \ninstallation of best management practices (BMPs) in this project will be a direct \nindicator of sediment load reduction to Magees Creek along with it’s tributaries.  \nSince nutrients and animal waste are transported to the waters by over land flow \nalong with sediment, any reduction in sediment loadings will result in a reduction of \nnutrient loadings thereby enhancing the effectiveness and success of the project.  \nOther data collected for MDEQ will be used to calculate pollutant load reductions for \neach BMP installed in the project. \n \nImplementation of NPS Controls – this project will involve the installation of Best \nManagement Systems.  Best Management Systems are defined as a combination of \nBMPs, both structural and vegetative, which are the most practical, effective and \neconomical means of preventing or reducing pollution from nonpoint sources to a \nlevel compatible with water quality goals.  The estimated types and numbers of \nBMPs to be installed as part of  Best Management Systems are listed in the \nproject description of this proposal.  The application of best management \nsystems in the project will be the responsibility of the landowners and operators \nparticipating in the project as cooperators of the local soil and water conservation \ndistrict. \n \nPublic Education, Awareness, and Action - this project will include the establishment \nof at least 2 demonstration farms that will be used to inform the public about best \nmanagement systems.  These will be utilized during the 2 field day/tours that will be \nconducted in the project.  Also, at least 1,000 informational fact sheets highlighting \nthe benefits derived from the project will be developed and distributed as well as the \npublishing of at least 4 articles about the project in newsletters and local \nnewspapers.  At least 20 project roadside sign will be erected where water quality \npractices are installed in the project.    Other educational actions will be conducted to \nmeasure the success of the project.  These include such things as increased public \nawareness; before and after photo documentation; increased cooperation among \nagencies, associations, public bodies and educational institutions; and the economic \nbenefits of applying best management practices.  The Mississippi Soil and Water \nConservation Commission will request information through the local soil and water \nconservation district that will assist in measuring the success of the project in the \ndemonstration area. \n \nPROJECT PERIOD \n \nThe length of this project will be 3 years. \n \n\n 45 \nAttachment 1 \n \n \n \n \n \n \n \n \n \n \n \n \n \n \n\n 46 \n \n \n \n \n \n \n \n \n \n"
}