{
  "slug": "hickahala-creek-watershed-plan-2009",
  "source": "Hickahala_Creek_Watershed_Plan_2009.pdf",
  "length": 71007,
  "part": 3,
  "text": "tapping musical. Performances are not only enjoyed by school groups, but also \n by adults attending teacher workshops, civic clubs, and conferences. This \n program serves to inform, excite, and enlist the help of citizens in an ongoing \n effort to promote water quality in their communities. \n \nPrimary Partners- Mississippi Department of Environmental Quality and Bayou \n Town Productions. \n1. Indicators \nThe number of participants will be documented and submitted to MDEQ.  \n2. Schedule \n Watershed Harmony was presented on May 10, 2006 at Northwest \n Mississippi Community College in Senatobia, Mississippi. There were 450 \n students present and 20 teachers for the performance.  \n \n \n\n \n31 \n3. Budget \nTable 5.6 Projected Costs for Watershed Harmony Puppet Show \n Item Unit Cost Total Cost \nWatershed Harmony Puppet Show 1 show $500.00 $500.00 \nTotal   $500.00 \n \nG.    Storm Drain Marking Project \n The Storm Drain Marking Project is a project where storm drains in  urban \n areas are labeled to make people aware of where the water and trash \n thrown down goes. There are also door hangers given to homeowners in the \n area to create awareness of the project and explains some of the things they can \n do as homeowners to help keep our water clean. \n \nPrimary Partner- Mississippi Department of Environmental Quality. \n1. Indicators \n The number of participants participating in the storm drain marking, the \n number of storm drains marked, a map with the storm drain locations \n marked, and a record of trash collected at the storm drains will be recorded. \n2. Schedule \n This project will take place before August 2007. \n3. Budget \nTable 5.7 Projected Costs for Storm Drain Marking. \nItem Unit Cost Total Cost \nStorm Drain Marking 1 Project $500.00 $500.00 \nTotal   $500.00 \n \n \n \n \n \n \n\n \n32 \nH. Total Education Strategy Budget \nTable 5.8 Projected Costs for Education. \nItem Unit Cost Total Cost \nSignage   $500.00 \nField Days   $1,019.00 \nFact Sheets   $300.00 \nAdopt-A-Stream   $1,500.00 \nProject Learning Tree   $1,350.00 \nWatershed Harmony Puppet Show   $500.00 \nStorm Drain Marking Project   $500.00 \nTotal   $5,669.00 \n \n   \n  \n \n \n \n \n \n \n \n \n \n \n \n \n \n \n \n \n\n \n33 \nVI. EVALUATION \n \nA. Monitoring \n The monitoring that will take place on this project will include the following: \n• Before and after photo documentation on a representative sample \n of the BMPs installed, \n• Before and after soil loss collection on each BMP installed, and \n•  An R5 Load estimation Model Field Data Entry Sheet completed \n on each BMP installed.  \n \nB. Assessment of Progress  \n Agencies responsible for implementing management activities will track \n implementation and provide annual reports to the Basin Group II Coordinator. \n Progress will be assessed based on meeting the scheduled management activity \n milestones outlined in Chapter IV. Success of Section 319 funded projects in the \n watershed will be evaluated based on the criteria specified in the project \n proposals (Appendix E). \n During 2008, the Assessment year of the Basin Group II Basin \n Management Cycle, progress towards the goals of this watershed \n implementation plan will be assessed. Water quality data, as well as information \n on activities occurring in the watershed and stakeholder concerns collected \n during the period from 2004 through 2007, will be utilized. The criterion that will \n be used to determine progress toward plan goals is achievement of all state \n water quality criteria in previously impaired stream segments. Not meeting this \n criterion warrants investigation of the effectiveness of implementation of \n management practices, and/or the effectiveness of the management practices. \n \nC. Plan Evaluation Procedure \n This watershed implementation plan will be evaluated and revised every \nfive years or on an as needed basis. The evaluation of this plan will be organized \nby the Hickahala Creek Implementation Team (see Chapter II). At this time, the \nImplementation Team will develop a detailed schedule for review and revision of \n\n \n34 \nthis watershed implementation plan. The Implementation Team members will be \nresponsible for notifying their stakeholders of the opportunity to propose changes \nto the watershed implementation plan. One month will be allowed for notification \nof stakeholders. \n The plan will be evaluated by the Team, or their designee, and any \n interested stakeholders. One month will be allowed for evaluation and submittal \n of comments. Therefore, comments will be due two months after the evaluation  \n procedure is initiated. The plan will be evaluated in two ways. First, to determine \n if the plan goals have been achieved, and second, to determine if it reflects the \n current condition of the watershed, state of science, and issues in the watershed.  \n \nD. Plan Revision Procedure \n After evaluation, MDEQ will prepare a revised watershed implementation \n plan incorporating the changes requested by the reviewers. At this point it may \n be necessary to call a meeting to reconcile any conflicting comments or requests \n for change.  \n If the evaluation criteria are all being met in Hickahala Creek surface \n waters, the watershed implementation plan will be revised to address a different \n restoration issue or issues, or to protect the water quality of the watershed. If the \n evaluation criteria for the watershed are not being met, the approach for restoring \n Hickahala Creek watershed will be revised based on the knowledge that has \n been gained since 2004.  \n The draft watershed implementation plan will be submitted to the \n Implementation Team, and all others who submitted comments. Within two \n weeks of receiving the draft watershed implementation plan, the Implementation \n Team will notify their stakeholders of the availability of the revised watershed \n implementation plan for stakeholder review. One month will be allowed for review \n of the draft. Comments will be due at the end of this review period. \n Within a month after the comments on the draft watershed implementation \n plan are received, MDEQ will prepare a DRAFT watershed implementation plan. \n The DRAFT watershed implementation plan will be submitted to the \n\n \n35 \n Implementation Team for review and approval. After the DRAFT watershed \n implementation plan has been approved, the Implementation Team will notify \n their stakeholders of the completion and availability of the DRAFT plan for use as \n a guide to watershed restoration and protection activities. \n \n \n \n \n \n \n \n \n \n \n \n \n \n \n \n \n \n \n \n \n \n \n \n \n \n \n \n \n \n \n \n \n \n \n \n \n \n \n \n \n \n \n \n \n \n\n \n36 \nVII. REFERENCES \n \nDeLorme. 1998. Mississippi Atlas and Gazette. Yarmouth, Maine. \nFreedman, P.L., W.M. Larson, D.W. Dilks, D. Schechter, A. Nemura, T. Naperala, J.V. \nDePinto, M.G. Prothro, G.W. Boese, A. Dettelbach, L. Notham, K. Thornton, D. \nFord, P. Massirer, K.B. Stevens, J.A. Sobrinho. 2003. Navigating the TMDL \nProcess: Evaluation and Improvements. 00-WSM-1. Water Environment \nResearch Foundation. \nMDEQ. 2003. Yazoo River Basin Compendium of Water Quality Information 2003. \nMississippi Department of Environmental Quality. Jackson, Mississippi. \nMDEQ. 2004a. Mississippi 2002 Section 303(d) List of Water Bodies. Mississippi \nDepartment of Environmental Quality. Jackson, Mississippi. \nMDEQ. 2002. Mississippi Commission on Environmental Quality Regulation WPC-2: \nWater Quality Criteria for Intrastate, Interstates, and Coastal Waters. Mississippi \nDepartment of Environmental Quality. Jackson, Mississippi. \nMDEQ. 2002a. Fecal Coliform TMDL for Hickahala Creek, Yazoo River Basin, Panola \nand Tate Counties Mississippi. Mississippi Department of Environmental Quality. \nJackson, Mississippi. \nMDEQ. 2001. Mississippi’s Fish Tissue Advisories and commercial Fishing Bans August \n2001.  \nMDEQ. 2000. Yazoo River Basin Status Report 2000. Mississippi Department of \nEnvironmental Quality. Jackson, Mississippi. \nSCS (USDA Soil Conservation Service). 1967. Soil Survey of Tate County, Mississippi. \nSCS. Natural Resources Conservation Service.1999.Soil Survey of Panola County, \nMississippi. \n. \n \n \n \n \n \n \n \n \n \n \n \n \n\n \n37 \n \n \n \n \n \n \n \n \n \n \n \nAPPENDIX A \nNatural Heritage Inventory Species of Special Concern\n\n \n38 \nPlant Species of Special Concern for Tate County. \n \n \n \n \n \n \n \n \n \n \n  \n \nPlant Species of Special Concern for Panola County. \n \nScientific Name Common Name \nCAMASSIA SCILLOIDES WILD HYACINTH \nCHELONE GLABRA WHITE TURTLEHEAD \nCHELONE OBLIQUA RED TURTLEHEAD \nPANAX QUINQUEFOLIUS AMERICAN GINSENG \nPYCNANTHEMUM PILOSUM HAIRY MOUNTAINMINT \n \nAnimal Species of Special Concern for Panola County. \n \n \nScientific Name Common Name \nHYDRASTIS CANADENSIS GOLDEN SEAL \nOSMORHIZA LONGISTYLIS SMOOTHER SWEET-CICELY \nTRIOSTEUM ANGUSTIFOLIUM NARROW-LEAF FEVER ROOT \nScientific Name Common Name \nARCIDENS CONFRAGOSUS ROCK POCKETBOOK \nCYCLEPTUS ELONGATUS BLUE SUCKER \nCYPRINELLA WHIPPLEI STEELCOLOR SHINER \nMACROCHELYS TEMMINCKII ALLIGATOR SNAPPING \nTURTLE \nPANDION HALIAETUS OSPREY \nPETROCHELIDON \nPYRRHONOTA \nCLIFF SWALLOW \nPOLYODON SPATHULA PADDLEFISH \n\n \n39 \n \n \n \n \n \n \n \n \n \n \n \n \nAPPENDIX B \nStressors\n\n \n \n40 \nDESCRIPTION OF STRESSORS \n \n \n \nStatus Description \nStressor: \nJustification: \n \nLocation: \nExtent: \nMalfunctioning on-site wastewater treatment units. \nFailing on-site wastewater treatment units have the potential to contribute \nfecal coliform, nutrients, and organic matter to surface waters.  \nNot yet been surveyed. \nNot yet been surveyed. \nStressor: \n \nJustification: \n \nLocation: \nExtent: \nDischarges of untreated wastewater from direct pipes and combined \nstorm/sewer system overflows. \nUntreated wastewater has the potential to contribute fecal coliform, nutrients, \norganic matter, and other pollutants to surface waters. \nUndetermined. \nUndetermined. \nStressor: \nJustification: \n \n \nLocation: \nExtent: \nAnimals in streams. \nAnimals, especially livestock, with access to streams can contribute nutrients \nand fecal coliform by depositing waste into streams. Livestock also damage \nstream habitat when they have access to streams. \nSee Figure 2.2 for locations of pastures adjacent to streams. \nUndetermined. \nStressor: \nJustification: \n \n \n \nLocation: \nExtent: \nRunoff from agricultural lands, pastures. \nRunoff from pastures has the potential to contain nutrients and organic matter \nfrom animal waste deposited by grazing animals and used as fertilizer, as well \nas sediment. Runoff from croplands has the potential to contribute sediment, \nnutrients, organic matter, and pesticides to surface waters. \nSee Figure 2.2 for the locations of pastures and croplands in the watershed. \nApproximately 31,000 acres of cropland and 88,000 acres of pasture in the \nwatershed in 1993. \nStressor: \nJustification: \n \nLocation: \nExtent: \nFailing sewer lines. \nFailing sewer lines have the potential to contribute fecal coliform, nutrients, \nand organic matter to surface waters. \nUndetermined. \nUndetermined. \n\n \n \n41 \nStatus Description \nStressor: \nJustification: \n \nLocation: \n \nExtent: \nNPDES point source discharges. \nNPDES point source discharges contribute fecal coliform, nutrients, and \norganic matter to streams in Hickahala Creek watershed. \nNPDES point source discharges are located primarily in the lower watershed \nnear Senatobia, Como, and Coldwater. \nThere are approximately 15 NPDES permitted point source discharges in the \nwatershed. \nStressor: \nJustification: \n \nLocation: \nExtent: \nRunoff from silvaculture. \nSilviculture operations have the potential to contribute sediment and nutrients \nto surface waters. \nSilvaculture operations that do not utilize erosion control BMPs. See Figure \n2.2 for the locations of forest lands adjacent to streams. \nDifferent locations throughout the watershed. \nStressor \nJustification \n \nLocation \nExtent: \nRunoff from urban areas. \nUrban runoff has the potential to contribute nutrients, organic matter, \nsediment, and pesticides to surface waters.  \nSenatobia, Como, Coldwater. \nApproximately 3,000 acres of urban land use were reported in the watershed \nas of 1993. \n \n \n \n \n \n \n \n \n \n \n \n \n \n \n \n \n \n \n \n \n \n \n \n\n \n \n42 \n \n \n \n \n \n \n \n \n \n \n \nAPPENDIX C \nHistory of the Hickahala Creek Watershed Implementation Plan\n\n \n \n43 \nHISTORY OF THE HICKAHALA CREEK WATERSHED  \nIMPLEMENTATION PLAN \n \nIn 1998 the Mississippi Department of Environmental Quality implemented the \nBasin Management Approach (BMA) to Water Quality to carry out the mandates of the \nClean Water Act. This approach brings together state, federal, and local agencies to \nimprove and maintain the quality of Mississippi’s water resources on a basin wide scale \nthrough comprehensive long range water quality planning and management strategies. \nThe BMA is based on a repeating, five-year management cycle, with each year \ndedicated to a different management activity (Figure C.1). This document is an \nimplementation plan from year five. \nThe BMA is implemented on a basin scale. The nine major watershed basins in \nMississippi were combined into five basin groups (Figure C.2). Hickahala Creek is \nlocated in basin group II, the Yazoo River basin. Each basin group is managed by a \nBasin Team. The agencies on the Basin Group II Basin Team are listed in Table C.1. \nThe goal of this team is to develop and implement management plans for its Basin \nGroup. \n \nTable C.1. Yazoo Basin (Basin Group II) Team Members. \n \nNatural Resources Conservation Service Mississippi Soil and Water conservation \nCommission \nU.S. Fish & Wildlife Service Mississippi Department of Health \nMDEQ Field Services Division Delta F.A.R.M. \nMDEQ OLWR U.S. Army Corps of Engineers Vicksburg District \nMDEQ SRF and DWI Loan Programs U.S. Geological Survey \nMDEQ TMDL Section USDA Cooperative Extension Service \nMDEQ NPS Program Yazoo Water Management District \nMississippi Department of wildlife, Fisheries, and \nParks \nMississippi Farm Bureau \nMississippi Farm Services Agency The Nature Conservancy \nDucks Unlimited  \n \nIn 2004, Basin Group II is in year five of its management cycle. The basin \nmanagement plan is being developed, and Hickahala Creek watershed was selected for \nimplementation of restoration activities. A ranking system was used to select \nwatersheds for implementation. \n\n \n \n44 \n The first step in the ranking process was to calculate prioritization scores for \nwaterbodies. In this first round of ranking only waterbodies for which TMDLs had been \ncompleted were prioritized. The prioritization score was based on evaluation of the \nwater quality data available for the water body, the method used to develop the TMDL, \nand the resource value of the water body based on its designated uses and the \npresence of threatened or endangered species. The water body scores were then \naggregated into watershed scores. Eight-digit hydrologic unit codes were used to define \nwatershed in the Delta portion of the basin, and 10-digit hydrologic unit codes were \nused to define watersheds in the Bluff Hills (MDEQ 2004). \nThe second step in the ranking process was to calculate a targeting score for \neach watershed. The targeting score was based on evaluation of local and agency \nsupport for restoration projects in the watershed; restoration and conservation projects \nthat were active, planned, or had been completed in the watershed; and the value of \nwater bodies in the watershed with regard to quality of life issues such as recreation and \naesthetics (MDEQ 2004). The prioritization scores and targeting scores for the \nwatersheds were combined in the final ranking score. At a Basin Team meeting in July \n2004, the Team designated approximately 15 of the highest ranked watersheds as high \npriority watersheds for restoration and development of Watershed Implementation \nPlans. Watershed Implementation Teams for these high priority watersheds were also \nformed. Table C.2 lists members of the Hickahala Creek Watershed Implementation \nTeam. \n \nTable C.2. Watershed Implementation Team Members. \n \nMississippi Soil and Water Conservation \nCommission \nMississippi Department of Environmental \nQuality \nLocal Landowners  Natural Resources Conservation Service \nCity of Senatobia Unites States Army Corp of Engineers \nMississippi State University Extension Service Mississippi Farm Bureau Federation \nNorth Central RC&D coordinator Mississippi Department of Health \nTate County Soil and Water Conservation \nDistrict \nPanola County Soil and Water \nConservation District \n\n \n \n45 \n \n \nBasin Management Cycle\nPlanning\nAssess Data,\nTMDL\nImplement Plan\nDevelop Basin\nManagement Plan\nGather Data\nRepeat\nProcess\nYear 1\nYear 2\nYear 3\nYear 4\nYear 5\nFigure C.1. Mississippi Basin Management Cycle. \n\n \n \n46 \nFigure C.2. Mississippi Basin Management Basin Groups. \n\n \n \n47 \n \n \n \n \n \n \n \n \n \n \n \n \nAPPENDIX D \nChecklist of Watershed Implementation Plan Elements\n\n \n \n48 \nFY03/04 319 Watershed-Based Plans Guide \n \n \nName of Watershed-Based Plan: Hickahala Watershed Implementation Plan  \n \n \nRequired Watershed Elements \n \nLocation \n \n \n1.    a. Non-point Source Agricultural runoff. The primary concerns are \nnutrient loading, pathogens and sedimentation. The critical areas have \nbeen identified and are being treated followed by the less critical areas. \n319 funds and USDa programs are being used to address these sites.  \n   b. Water infiltration into sewer system and storm water. Due to the \namount of growth and other unknown issues, the storm water is \ninfiltrating the sewer systems causing storm water to also be treated as \nwastewater. At this time, there are no funds to address this problem.  \n   c. Closed landfills and illegal dumping. Due to the issue of closed \nlandfills, trash and litter are being dumped wherever people can find a \nplace. There are no funds to address this issue at this time. \n   d. Flooding of low lying areas (wells). This causes contamination of \nthe wells that provide water to homes. There are no funds for \naddressing this at this time. \n   e. Kudzu Control. Kudzu is an invasive species. It takes over the land \nand is a majo"
}