{
  "slug": "wolf-river-watershed-plan-2009",
  "source": "Wolf_River_Watershed_Plan_2009.pdf",
  "length": 107707,
  "part": 1,
  "text": "\n\nWatershed Implementation Plan \nWolf River \n2009 \nCONTENTS \n1.0  EXECUTIVE SUMMARY ........................................................................................................................... 1 \n2.0 INTRODUCTION .............................................................................................................................................. 4 \n2.1 INTRODUCTION ................................................................................................................................................ 4 \n2.2 VISION STATEMENT ......................................................................................................................................... 5 \n2.3 MISSION STATEMENT ....................................................................................................................................... 5 \n2.4 WATERSHED IMPLEMENTATION TEAM ............................................................................................................. 5 \n3.0 WATERSHED DESCRIPTION ....................................................................................................................... 7 \n3.1 OVERVIEW ....................................................................................................................................................... 7 \n3.2 DEMOGRAPHICS AND PRIMARY LAND USES .................................................................................................... 9 \n3.3 PHYSICAL GEOLOGY ...................................................................................................................................... 11 \n3.4 WETLANDS .................................................................................................................................................... 11 \n3.5 ENVIRONMENTAL MANAGEMENT AREAS ...................................................................................................... 13 \n3.6 PARKS AND RECREATIONAL AREAS ............................................................................................................... 13 \n4.0 STAKEHOLDER INTERESTS...................................................................................................................... 16 \n4.1 SURVEY RESULTS .......................................................................................................................................... 17 \n4.2 RESOURCE RANKINGS AND POTENTIAL ENVIRONMENTAL STRESSORS .......................................................... 20 \n4.2.1 ENVIRONMENTAL RESOURCE VALUES ...................................................................................................... 22 \n4.2.2 HUMAN WELFARE RESOURCE VALUES ..................................................................................................... 22 \n4.2.3 POTENTIAL STRESSORS ............................................................................................................................. 22 \n5.0 WATER RESOURCES ................................................................................................................................... 23 \n5.1 HISTORY OF ACTIVITY IN THE WATERSHED ................................................................................................... 23 \n5.2 INTEREST IN THE WATERSHED ....................................................................................................................... 24 \n5.3 WATER QUANTITY ......................................................................................................................................... 24 \n5.4 WATER CONSERVATION ................................................................................................................................. 25 \n5.5 WILDLIFE AND FISHERIES .............................................................................................................................. 25 \n5.6 WATER QUALITY ........................................................................................................................................... 27 \n5.6.1 Narrative of Water Quality Issues ....................................................................................................... 27 \n5.6.2 Designated Use Classifications and Water Quality Standards ............................................................ 28 \n6.0 WATERSHED TECHNICAL MANAGEMENT ACTIVITIES ................................................................. 29 \n6.1 OBJECTIVES ................................................................................................................................................... 29 \n6.2 WATER QUALITY SAMPLING AND MONITORING ............................................................................................ 29 \n6.2.1 Desired Benefits ................................................................................................................................... 29 \n6.2.2 Activities .............................................................................................................................................. 29 \n6.2.3 Participants.......................................................................................................................................... 30 \n6.2.4 Schedule ............................................................................................................................................... 30 \n6.2.5 Budget .................................................................................................................................................. 30 \n6.3  CONSERVATION EASEMENT AND BUFFER ZONE ESTABLISHMENT ................................................................ 30 \n6.3.1 Desired Benefits ................................................................................................................................... 30 \n6.3.2 Activities .............................................................................................................................................. 30 \n6.3.3 Participants.......................................................................................................................................... 31 \n6.3.4 Schedule ............................................................................................................................................... 31 \n6.3.5 Budget .................................................................................................................................................. 31 \n7.0 EDUCATION OUTREACH ACTIVITIES ................................................................................................... 32 \n7.1 OBJECTIVES ................................................................................................................................................... 32 \n7.2 STAKEHOLDER MEETINGS AND PRESENTATIONS ........................................................................................... 33 \n\nWatershed Implementation Plan \nWolf River \n2009 \n7.2.1 Desired Benefits ................................................................................................................................... 33 \n7.2.2 Activities .............................................................................................................................................. 33 \n7.2.3 Participants.......................................................................................................................................... 33 \n7.2.4 Schedule ............................................................................................................................................... 33 \n7.2.5 Budget .................................................................................................................................................. 34 \n7.3 WATERSHED MAPS ........................................................................................................................................ 34 \n7.3.1 Desired Benefits ................................................................................................................................... 34 \n7.3.2 Activities .............................................................................................................................................. 34 \n7.3.3 Participants.......................................................................................................................................... 34 \n7.3.4 Schedule ............................................................................................................................................... 35 \n7.3.5 Budget .................................................................................................................................................. 35 \n7.4 COORDINATED MEDIA CAMPAIGN ................................................................................................................. 36 \n7.4.1 Desired Benefits ................................................................................................................................... 36 \n7.4.2 Activities .............................................................................................................................................. 36 \n7.4.3 Participants.......................................................................................................................................... 36 \n7.4.4 Schedule ............................................................................................................................................... 36 \n7.4.5 Budget .................................................................................................................................................. 37 \n7.5 DEVELOPMENT OF EDUCATIONAL MATERIALS .............................................................................................. 37 \n7.5.1 Desired Benefits ................................................................................................................................... 37 \n7.5.2 Activities .............................................................................................................................................. 37 \n7.5.3 Participants.......................................................................................................................................... 37 \n7.5.4 Schedule ............................................................................................................................................... 38 \n7.5.5 Budget .................................................................................................................................................. 38 \n7.6 EXPEDITION BASED EDUCATION .................................................................................................................... 38 \n7.6.1 Desired Benefits ................................................................................................................................... 38 \n7.6.2 Activities .............................................................................................................................................. 38 \n7.6.3 Participants.......................................................................................................................................... 39 \n7.6.4 Schedule ............................................................................................................................................... 39 \n7.6.5 Budget .................................................................................................................................................. 39 \n7.7 WATERSHED SIGNAGE ................................................................................................................................... 40 \n7.7.1 Desired Benefits ................................................................................................................................... 40 \n7.7.2 Activities .............................................................................................................................................. 40 \n7.7.3 Participants.......................................................................................................................................... 40 \n7.7.4 Schedule ............................................................................................................................................... 40 \n7.7.5 Budget .................................................................................................................................................. 41 \n7.8  WEST HARRISON HIGH SCHOOL PARTNERSHIP ............................................................................................. 41 \n7.8.1 Desired Benefits ................................................................................................................................... 41 \n7.8.2 Activities .............................................................................................................................................. 41 \n7.8.3 Participants.......................................................................................................................................... 41 \n7.8.4 Schedule ............................................................................................................................................... 41 \n7.8.5 Budget .................................................................................................................................................. 41 \n8.0 PLAN EVALUATION ..................................................................................................................................... 43 \n9.0 PLAN REVISION ............................................................................................................................................ 44 \n10.0 APPENDICES ............................................................................................................................................... I \nAPPENDIX A: COMMONLY USED ACRONYMS ........................................................................................................ II \nAPPENDIX B: MISCELLANEOUS WATERSHED MAPS ............................................................................................. III \nAPPENDIX C: MDEQ ENVIRONMENTAL RESOURCE RANKING MAPS .................................................................. IX \n \n \n \n \n \n \n \n\nWatershed Implementation Plan \nWolf River \n2009 \nINDEX OF TABLES \n \nTABLE 1.1 SUMMARY OF WATERSHED TECHNICAL STRATEGIES ............................................................................. 2 \nTABLE 1.2 SUMMARY OF WATERSHED EDUCATIONAL ACTIVITIES ......................................................................... 2 \nTABLE 3.1 NAMED STREAMS IN THE WOLF RIVER WATERSHED ............................................................................. 8 \nTABLE 3.2 NAMED WATERBODIES IN THE WOLF RIVER WATERSHED ..................................................................... 9 \nTABLE 3.3 POPULATION CHANGE IN WATERSHED COUNTIES, 2000-2008 ............................................................. 10 \nTABLE 3.4 PRIMARY SOIL TYPES ........................................................................................................................... 11 \nTABLE 3.5 PARKS AND RECREATIONAL AREAS IN THE WOLF RIVER WATERSHED ................................................ 15 \nTABLE 4.1 STAKEHOLDERS’ PERCEIVED STRESSORS ............................................................................................. 20 \nTABLE 4.2 MISSISSIPPI WATERSHED CHARACTERIZATION AND RANKING CRITERIA ............................................. 21 \nTABLE 6.1 TECHNICAL STRATEGIES ...................................................................................................................... 29 \nTABLE 7.1 SUMMARY OF EDUCATION STRATEGIES ............................................................................................... 32 \n\nWatershed Implementation Plan \nWolf River \n2009 \n1 \n \n1.0    EXECUTIVE SUMMARY \n \nThe       Wolf       River       Watershed       \nincorporates      approximately      367      \nsquare  miles  in  southeast  Mississippi  \nand    spans    across    five    counties    \nincluding:  Lamar,  Pearl  River,  Stone,  \nHarrison,     and     Hancock.          The     \nwatershed  begins  near  the  Town  of  \nLumberton     in     southeast     Lamar     \nCounty  and  empties  into  the  Bay  of  \nSt.  Louis  north  of  the  City  of  Pass  \nChristian    near    the    Harrison    and    \nHancock   County   lines.      The   Wolf   \nRiver  Watershed  is  formally  identified  \nas  two  separate  sub-basins  within  the  Coastal  Streams  Basin.    These  two sub-basins \ninclude the Upper Wolf River (11-Digit Hydrologic Unit Code (HUC) 03170009080) and \nthe Lower Wolf River – Cane Creek (11-Digit HUC 03170009090).   \n \nThe Wolf River Watershed Implementation Plan (WIP) is funded through a Section 319 \nWater Quality Grant from the Mississippi Department of Environmental Quality (MDEQ). \nThe  purpose  of  the  Section  319  project  is  to  protect  water  quality  in  the  Wolf  River  \nWatershed  by  developing  a  WIP  and  conducting  other  activities  that  would  engage  \nstakeholders.  The primary focus of this plan is on public and stakeholder education with \na  goal  of  increasing  awareness  of  watershed  issues,  in  general  and  increasing  \nawareness  of  the  Wolf  River  Watershed,  specifically.    Although  the  plan  does  include  \nboth  technical  and  educational  strategies,  the  Section  319  Grant  only  includes  funding  \nfor implementation of selected educational strategies.  However, the technical strategies \ndiscussed in this plan include strategies and activities already being carried out by the \nWolf River Conservation Society (WRCS), its board members, and other interested and \ninvolved stakeholders.   \n \nT"
}