{
  "generatedAt": "2025-10-06T02:13:34.769Z",
  "count": 51,
  "results": [
    {
      "file": "Bear_Creek_Watershed_Plan_2007.pdf",
      "pagesApprox": 1,
      "goals": 4,
      "bmps": 4,
      "goalPresence": 4,
      "bmpPresence": 4,
      "durationMs": 296,
      "zeroGoal": false,
      "zeroBMP": false,
      "sampleGoal": "Creek watershed is to develop an atmosphere that promotes sustained, long-term protection and improvement of aquatic resources in the waters",
      "sampleBMP": "Ag BMP"
    },
    {
      "file": "Basket_Creek_Hickahala_Creek_9_Key_Element_Plan_2018.pdf",
      "pagesApprox": 1,
      "goals": 1,
      "bmps": 6,
      "goalPresence": 1,
      "bmpPresence": 6,
      "durationMs": 389,
      "zeroGoal": false,
      "zeroBMP": false,
      "sampleGoal": "The ultimate goal is to bring about behavior",
      "sampleBMP": "Fencing"
    },
    {
      "file": "Bee_Lake_Watershed_Plan_2006.pdf",
      "pagesApprox": 1,
      "goals": 5,
      "bmps": 6,
      "goalPresence": 5,
      "bmpPresence": 6,
      "durationMs": 118,
      "zeroGoal": false,
      "zeroBMP": false,
      "sampleGoal": "While the initial goal of this WIP is to address concerns identified by the WIT, post-project mon- the goals of this watershed implementatio",
      "sampleBMP": "Ag BMP"
    },
    {
      "file": "Bear_Lake_9_Key_Elelment_Plan_2018.pdf",
      "pagesApprox": 1,
      "goals": 1,
      "bmps": 77,
      "goalPresence": 1,
      "bmpPresence": 77,
      "durationMs": 281,
      "zeroGoal": false,
      "zeroBMP": false,
      "sampleGoal": "The ultimate goal is to bring about behavior changes and the use of",
      "sampleBMP": "Grade Stabilization Structure (#)"
    },
    {
      "file": "Bell_Creek_Muddy_Creek_Watershed_Plan_2012.pdf",
      "pagesApprox": 1,
      "goals": 1,
      "bmps": 3,
      "goalPresence": 1,
      "bmpPresence": 3,
      "durationMs": 184,
      "zeroGoal": false,
      "zeroBMP": false,
      "sampleGoal": "The goal and objective is to reduce the nutrient and sediment loading coming from agricultural to determine if the plan goals have been achi",
      "sampleBMP": "Technical Assistance"
    },
    {
      "file": "Booths_Creek_Bayou_Pierre_Watershed_Plan_2017.pdf",
      "pagesApprox": 1,
      "goals": 1,
      "bmps": 2,
      "goalPresence": 1,
      "bmpPresence": 2,
      "durationMs": 100,
      "zeroGoal": false,
      "zeroBMP": false,
      "sampleGoal": "The ultimate goal is to bring about behavior changes and the use of Goal: Reduce the pathogen, sediment, and nutrient loads entering Bayou P",
      "sampleBMP": "Education/Outreach"
    },
    {
      "file": "Broken_Pumpkin_9_Key_Element_Plan_2019.pdf",
      "pagesApprox": 1,
      "goals": 1,
      "bmps": 1,
      "goalPresence": 1,
      "bmpPresence": 1,
      "durationMs": 69,
      "zeroGoal": false,
      "zeroBMP": false,
      "sampleGoal": "The ultimate goal is to bring about behavior changes and the use of",
      "sampleBMP": "Plan Revision"
    },
    {
      "file": "Buttahatchee_River_Watershed_Plan_2004.pdf",
      "error": "empty-text"
    },
    {
      "file": "Carmichael_Creek_Town_Creek_9_Key_Element_Plan_2019.pdf",
      "pagesApprox": 1,
      "goals": 2,
      "bmps": 11,
      "goalPresence": 2,
      "bmpPresence": 11,
      "durationMs": 85,
      "zeroGoal": false,
      "zeroBMP": false,
      "sampleGoal": "Reduce the Nutrient and Sediment loads entering into the Carmichael Creek –Town",
      "sampleBMP": "Months 1-2"
    },
    {
      "file": "Bogue_Chitto_Creek_Watershed_Plan_2004.pdf",
      "error": "empty-text"
    },
    {
      "file": "Chunky_Okatibbee_Watershed_Plan_2007.pdf",
      "pagesApprox": 1,
      "goals": 6,
      "bmps": 1,
      "goalPresence": 6,
      "bmpPresence": 1,
      "durationMs": 170,
      "zeroGoal": false,
      "zeroBMP": false,
      "sampleGoal": "is to identify the location and nature of illegal dumping sites in the The education committee will accomplish this goal having the intended",
      "sampleBMP": "The budget for this task item is anticipated to be at"
    },
    {
      "file": "Deer_Creek_Watershed_Plan_2008.pdf",
      "pagesApprox": 1,
      "goals": 4,
      "bmps": 54,
      "goalPresence": 4,
      "bmpPresence": 54,
      "durationMs": 134,
      "zeroGoal": false,
      "zeroBMP": false,
      "sampleGoal": "The goals and objectives of this plan reflect these Goals related to other existing or potential concerns in this watershed will be The goal",
      "sampleBMP": "September 2009 –"
    },
    {
      "file": "Dry_Creek_9_Key_Element_Plan_2017.pdf",
      "pagesApprox": 1,
      "goals": 1,
      "bmps": 74,
      "goalPresence": 1,
      "bmpPresence": 74,
      "durationMs": 64,
      "zeroGoal": false,
      "zeroBMP": false,
      "sampleGoal": "The ultimate goal is to bring about behavior changes and the use of",
      "sampleBMP": "Fencing"
    },
    {
      "file": "Ellison_Creek_9_Key_Element_Plan_2021.pdf",
      "pagesApprox": 1,
      "goals": 1,
      "bmps": 4,
      "goalPresence": 1,
      "bmpPresence": 4,
      "durationMs": 74,
      "zeroGoal": false,
      "zeroBMP": false,
      "sampleGoal": "Reduce sediment loads entering waters in the Ellison Creek Watershed.",
      "sampleBMP": "Total Estimated Cost"
    },
    {
      "file": "Coldwater_River_Watershed_Plan_2013.pdf",
      "pagesApprox": 1,
      "goals": 1,
      "bmps": 0,
      "goalPresence": 1,
      "bmpPresence": 0,
      "durationMs": 605,
      "zeroGoal": false,
      "zeroBMP": true,
      "sampleGoal": "1.1 Mission and Goals The goal of this plan is to provide guidance for implementing and evaluating conservation 5.1 Goal The goals of the fo",
      "sampleBMP": null
    },
    {
      "file": "Fourteen_Mile_Bakers_Creek_Watershed_Plan_2009.pdf",
      "pagesApprox": 1,
      "goals": 1,
      "bmps": 8,
      "goalPresence": 1,
      "bmpPresence": 8,
      "durationMs": 89,
      "zeroGoal": false,
      "zeroBMP": false,
      "sampleGoal": "The goal and objective is to reduce the sediment and nutrient loading coming from PLT’s goal is to “teach students First, to determine if th",
      "sampleBMP": "Technical Assistance"
    },
    {
      "file": "Fannegusha_Creek_Watershed_Plan_2009.pdf",
      "pagesApprox": 1,
      "goals": 1,
      "bmps": 9,
      "goalPresence": 1,
      "bmpPresence": 9,
      "durationMs": 169,
      "zeroGoal": false,
      "zeroBMP": false,
      "sampleGoal": "The goal and objective is to reduce the sediment loading coming from agricultural goal is to “teach students HOW to think, not WHAT to think",
      "sampleBMP": "Contractual Services for BMP Design"
    },
    {
      "file": "Hickahala_Creek_Watershed_Plan_2009.pdf",
      "pagesApprox": 1,
      "goals": 3,
      "bmps": 6,
      "goalPresence": 3,
      "bmpPresence": 6,
      "durationMs": 138,
      "zeroGoal": false,
      "zeroBMP": false,
      "sampleGoal": "and Actions For Hickahala Creek Watershed In The Coming Basin Management Cycle Goal 20 Goal The goals and objectives of this The goal for th",
      "sampleBMP": "Signage"
    },
    {
      "file": "Fuller_Creek_Town_Creek_9_Key_Element_Plan_2022.pdf",
      "pagesApprox": 1,
      "goals": 1,
      "bmps": 3,
      "goalPresence": 1,
      "bmpPresence": 3,
      "durationMs": 339,
      "zeroGoal": false,
      "zeroBMP": false,
      "sampleGoal": "Reduce sediment loads entering waters in the Fuller Creek-Town Creek Watershed.",
      "sampleBMP": "Technical Assistance N/A"
    },
    {
      "file": "Jasper_Creek_Watershed_Plan_2019.pdf",
      "pagesApprox": 1,
      "goals": 2,
      "bmps": 4,
      "goalPresence": 2,
      "bmpPresence": 4,
      "durationMs": 320,
      "zeroGoal": false,
      "zeroBMP": false,
      "sampleGoal": "The goal of this watershed based plan include reducing the nutrients and sediment Goals and Objectives The goal of this watershed implementa",
      "sampleBMP": "Total Estimated Cost"
    },
    {
      "file": "Lake_Washington_Watershed_Plan_2007.pdf",
      "pagesApprox": 1,
      "goals": 6,
      "bmps": 622,
      "goalPresence": 6,
      "bmpPresence": 622,
      "durationMs": 276,
      "zeroGoal": false,
      "zeroBMP": false,
      "sampleGoal": "Specific goals and/or expectations for education and outreach activities are described in If the activity goals were not met, the causes beh",
      "sampleBMP": "1.    Determine eligible sites for EQIP,"
    },
    {
      "file": "Magees_Creek_Watershed_Plan_2007.pdf",
      "pagesApprox": 1,
      "goals": 1,
      "bmps": 10,
      "goalPresence": 1,
      "bmpPresence": 10,
      "durationMs": 114,
      "zeroGoal": false,
      "zeroBMP": false,
      "sampleGoal": "17 This Watershed Implementation Plan has the goals of reducing Goal Who What Where When Contact The goal and objective of this management a",
      "sampleBMP": "Contractual Services for BMP Design"
    },
    {
      "file": "Middle_Porter_Bayou_Watershed_Plan_2013.pdf",
      "pagesApprox": 1,
      "goals": 5,
      "bmps": 154,
      "goalPresence": 5,
      "bmpPresence": 154,
      "durationMs": 326,
      "zeroGoal": false,
      "zeroBMP": false,
      "sampleGoal": "5.0 RESTORATION AND PROTECTION GOALS The restoration and protection goals for the Middle Porter Bayou Watershed are based, in part, on the g",
      "sampleBMP": "Low Grade Weirs"
    },
    {
      "file": "Mill_Creek_Watershed_Plan_2005.pdf",
      "pagesApprox": 1,
      "goals": 0,
      "bmps": 0,
      "goalPresence": 0,
      "bmpPresence": 0,
      "durationMs": 75,
      "zeroGoal": true,
      "zeroBMP": true,
      "sampleGoal": null,
      "sampleBMP": null
    },
    {
      "file": "Luxapallila_Creek_Watershed_Plan_2004.pdf",
      "error": "empty-text"
    },
    {
      "file": "Muddy_Bayou_Opossum_Bayou_9_Key_Element_Plan_2022.pdf",
      "pagesApprox": 1,
      "goals": 1,
      "bmps": 88,
      "goalPresence": 1,
      "bmpPresence": 88,
      "durationMs": 120,
      "zeroGoal": false,
      "zeroBMP": false,
      "sampleGoal": "Reduce sediment and nutrient loads entering waters in the Muddy Creek Watershed that could",
      "sampleBMP": "Size/Amount"
    },
    {
      "file": "Old_Fort_Bayou_Watershed_Plan_2019.pdf",
      "pagesApprox": 1,
      "goals": 8,
      "bmps": 0,
      "goalPresence": 8,
      "bmpPresence": 0,
      "durationMs": 462,
      "zeroGoal": false,
      "zeroBMP": true,
      "sampleGoal": "December 17, 2018 and has been incorporated throughout the plan from the visioning and goal 1.2.4 Goals and Objectives The following goals w",
      "sampleBMP": null
    },
    {
      "file": "Overcup_Slough_Watershed_Plan_2013.pdf",
      "pagesApprox": 1,
      "goals": 4,
      "bmps": 57,
      "goalPresence": 4,
      "bmpPresence": 57,
      "durationMs": 204,
      "zeroGoal": false,
      "zeroBMP": false,
      "sampleGoal": "Specific goals and/or expectations for education and outreach activities are described in If the activity goals were not met, the causes beh",
      "sampleBMP": "Low Grade Weirs"
    },
    {
      "file": "North_Tippah_Creek_Watershed_Plan_2013.pdf",
      "pagesApprox": 1,
      "goals": 2,
      "bmps": 2,
      "goalPresence": 2,
      "bmpPresence": 2,
      "durationMs": 925,
      "zeroGoal": false,
      "zeroBMP": false,
      "sampleGoal": "17 The Watershed Implementation Plan has the goals of reducing the nutrients The is to reduce the nutrient and sediment loading coming from ",
      "sampleBMP": "BMPs"
    },
    {
      "file": "Owl_Creek_Little_Hatchie_River_9_Key_Element_Plan_2020.pdf",
      "pagesApprox": 1,
      "goals": 2,
      "bmps": 8,
      "goalPresence": 2,
      "bmpPresence": 8,
      "durationMs": 203,
      "zeroGoal": false,
      "zeroBMP": false,
      "sampleGoal": "Reduce the Nutrient and Sediment loads entering into the Owl Creek-Little Hatchie River",
      "sampleBMP": "Months 1-2"
    },
    {
      "file": "Platner_Bayou_Tippo_Bayou_9_Key_Element_Plan_2021.pdf",
      "pagesApprox": 1,
      "goals": 2,
      "bmps": 3,
      "goalPresence": 2,
      "bmpPresence": 3,
      "durationMs": 89,
      "zeroGoal": false,
      "zeroBMP": false,
      "sampleGoal": "The ultimate goal is to bring about behavior • \"Waste Pesticide Disposal Event\" - The primary goal of this program is to help",
      "sampleBMP": "Technical Assistance N/A"
    },
    {
      "file": "Pickwick_Reservoir_Watershed_Plan_2009.pdf",
      "pagesApprox": 1,
      "goals": 20,
      "bmps": 0,
      "goalPresence": 20,
      "bmpPresence": 0,
      "durationMs": 208,
      "zeroGoal": false,
      "zeroBMP": true,
      "sampleGoal": "The long-term goal of those creating the Pickwick Reservoir watershed plan is to develop a mechanism for removing Caney, Bear, Cripple Deer,",
      "sampleBMP": null
    },
    {
      "file": "Red_Bud_Catalpa_Creek_Watershed_Phase_1_Plan_2017.pdf",
      "pagesApprox": 1,
      "goals": 2,
      "bmps": 5,
      "goalPresence": 2,
      "bmpPresence": 5,
      "durationMs": 660,
      "zeroGoal": false,
      "zeroBMP": false,
      "sampleGoal": "in the overall long term goals of developing a stream restoration design which improves stream model, the vegetation information collected c",
      "sampleBMP": "Salaries"
    },
    {
      "file": "Red_Bud_Catalpa_Creek_Watershed_Plan_2016.pdf",
      "pagesApprox": 1,
      "goals": 21,
      "bmps": 182,
      "goalPresence": 21,
      "bmpPresence": 182,
      "durationMs": 1219,
      "zeroGoal": false,
      "zeroBMP": false,
      "sampleGoal": "Section 10: Watershed Status and Restoration and Protection Goals and 2 Expected Load Reduction Section 10: Watershed Status and Restoration",
      "sampleBMP": "CEE Model development"
    },
    {
      "file": "Red_Creek_Watershed_Action_Plan_2007.pdf",
      "error": "empty-text"
    },
    {
      "file": "Rotten_Bayou_Watershed_Plan_2015.pdf",
      "pagesApprox": 109,
      "goals": 7,
      "bmps": 0,
      "goalPresence": 7,
      "bmpPresence": 0,
      "durationMs": 1242,
      "zeroGoal": false,
      "zeroBMP": true,
      "sampleGoal": "Keep Diamondhead Beautiful and/or Jurisdictions Jurisdictions and/or grant through Keep America Beautiful Implement program with a goal of h",
      "sampleBMP": null
    },
    {
      "file": "Sherman_Creek_Panola_Quitman_Floodway_9_Key_Element_Plan_2018.pdf",
      "pagesApprox": 1,
      "goals": 2,
      "bmps": 2,
      "goalPresence": 2,
      "bmpPresence": 2,
      "durationMs": 105,
      "zeroGoal": false,
      "zeroBMP": false,
      "sampleGoal": "The ultimate goal is to bring  \"Waste Pesticide Disposal Event\" - The primary goal of this program is to help",
      "sampleBMP": "Plan Revision"
    },
    {
      "file": "Steele_Bayou_Watershed_Plan_2009.pdf",
      "pagesApprox": 1,
      "goals": 2,
      "bmps": 3,
      "goalPresence": 2,
      "bmpPresence": 3,
      "durationMs": 87,
      "zeroGoal": false,
      "zeroBMP": false,
      "sampleGoal": "The goals of this watershed implementation plan are geared towards achieving Many goals of this watershed plan can be achieved through the i",
      "sampleBMP": "Ag BMP"
    },
    {
      "file": "Tarebreeches_Creek_Tuscumbia_River_Canal_Watersehd_Plan_2012.pdf",
      "pagesApprox": 1,
      "goals": 1,
      "bmps": 3,
      "goalPresence": 1,
      "bmpPresence": 3,
      "durationMs": 142,
      "zeroGoal": false,
      "zeroBMP": false,
      "sampleGoal": "The goal and objective is to reduce the sediment and nutrient loading coming from agricultural to determine if the plan goals have been achi",
      "sampleBMP": "Technical Assistance"
    },
    {
      "file": "Ross_Barnett_Reservoir_Watershed_Plan_2011.pdf",
      "pagesApprox": 1,
      "goals": 1,
      "bmps": 0,
      "goalPresence": 1,
      "bmpPresence": 0,
      "durationMs": 2962,
      "zeroGoal": false,
      "zeroBMP": true,
      "sampleGoal": "Five demonstration projects Meet goals for targeted HUC12s (see Section 7.0) Wide acceptance and use Visits to the Rezonate website 100/year",
      "sampleBMP": null
    },
    {
      "file": "Tchoutacabouffa_River_Watershed_Action_Plan_2007.pdf",
      "pagesApprox": 1,
      "goals": 1,
      "bmps": 0,
      "goalPresence": 1,
      "bmpPresence": 0,
      "durationMs": 52,
      "zeroGoal": false,
      "zeroBMP": true,
      "sampleGoal": "One of the goals of the watershed partnership was to develop and implement a solution- Our goal is to build a watershed partnership that wil",
      "sampleBMP": null
    },
    {
      "file": "Turkey_Creek_Watershed_Plan_2006.pdf",
      "pagesApprox": 1,
      "goals": 9,
      "bmps": 1,
      "goalPresence": 9,
      "bmpPresence": 1,
      "durationMs": 155,
      "zeroGoal": false,
      "zeroBMP": false,
      "sampleGoal": "WATERSHED ACTION PLAN: GOALS, STRATEGIES, TIMELINES 12 PROTECTION GOAL 13 RESTORATION GOAL 17 stakeholders can best achieve this goal by (1)",
      "sampleBMP": "Support statewide legislative action to allow TDRs"
    },
    {
      "file": "Turkey_Creek_Watershed_Plan_2010.pdf",
      "error": "empty-text"
    },
    {
      "file": "Upper_Bay_of_St_Louis_Watershed_Action_Plan_2007.pdf",
      "pagesApprox": 1,
      "goals": 1,
      "bmps": 0,
      "goalPresence": 1,
      "bmpPresence": 0,
      "durationMs": 59,
      "zeroGoal": false,
      "zeroBMP": true,
      "sampleGoal": "The goal of the Upper Bay of St.",
      "sampleBMP": null
    },
    {
      "file": "Upper_Little_Bayou_Pierre_Watershed_Plan_2018.pdf",
      "pagesApprox": 1,
      "goals": 1,
      "bmps": 10,
      "goalPresence": 1,
      "bmpPresence": 10,
      "durationMs": 163,
      "zeroGoal": false,
      "zeroBMP": false,
      "sampleGoal": "Reduce the pathogen and sediment loads entering waters in the Upper Little Bayou Pierre",
      "sampleBMP": "Critical Area Planting"
    },
    {
      "file": "Upper_Piney_Creek_9_Key_Element_Plan_2022.pdf",
      "pagesApprox": 1,
      "goals": 1,
      "bmps": 32,
      "goalPresence": 1,
      "bmpPresence": 32,
      "durationMs": 160,
      "zeroGoal": false,
      "zeroBMP": false,
      "sampleGoal": "Reduce pathogen and sediment loads entering waters in the Upper Piney Creek Watershed.",
      "sampleBMP": "Amount  Estimated Cost"
    },
    {
      "file": "Upper_Porter_Bayou_Watershed_Plan_2013.pdf",
      "pagesApprox": 1,
      "goals": 5,
      "bmps": 165,
      "goalPresence": 5,
      "bmpPresence": 165,
      "durationMs": 336,
      "zeroGoal": false,
      "zeroBMP": false,
      "sampleGoal": "5.0 RESTORATION AND PROTECTION GOALS The restoration and protection goals for the Upper Porter Bayou Watershed are based, in part, on the go",
      "sampleBMP": "Low Grade Weirs"
    },
    {
      "file": "Wolf_Lake_Broad_Lake_Watershed_Plan_2009.pdf",
      "pagesApprox": 1,
      "goals": 4,
      "bmps": 3,
      "goalPresence": 4,
      "bmpPresence": 3,
      "durationMs": 91,
      "zeroGoal": false,
      "zeroBMP": false,
      "sampleGoal": "Lake watershed is to develop an atmosphere that promotes sustained, long-term protection and improvement of aquatic resources in the watersh",
      "sampleBMP": "Ag BMP"
    },
    {
      "file": "West_Boley_Creek_Watershed_Action_Plan_2007.pdf",
      "error": "empty-text"
    },
    {
      "file": "Wolf_River_Watershed_Plan_2009.pdf",
      "pagesApprox": 1,
      "goals": 9,
      "bmps": 1,
      "goalPresence": 9,
      "bmpPresence": 1,
      "durationMs": 188,
      "zeroGoal": false,
      "zeroBMP": false,
      "sampleGoal": "a goal of increasing awareness of watershed issues, in general and increasing Goal/Benefit Desired Management Action Where When Goal/Benefit",
      "sampleBMP": "Total Cost Estimate"
    },
    {
      "file": "Yazoo_Pass_9_Key_Element_Plan_2021.pdf",
      "pagesApprox": 1,
      "goals": 1,
      "bmps": 4,
      "goalPresence": 1,
      "bmpPresence": 4,
      "durationMs": 241,
      "zeroGoal": false,
      "zeroBMP": false,
      "sampleGoal": "The ultimate goal is to bring about behavior • Waste Pesticide Disposal Event - The primary goal of this program is to help Mississippi",
      "sampleBMP": "Education/Outreach N/A"
    }
  ],
  "summary": {
    "totalDocs": 51,
    "ok": 45,
    "errors": 6,
    "totalGoals": 156,
    "totalBMPs": 1628,
    "avgGoals": 3.5,
    "avgBMPs": 36.2,
    "zeroGoal": 1,
    "zeroBMP": 8,
    "elapsedSeconds": 0
  }
}