{
  "slug": "red-bud-catalpa-creek-watershed-plan-2016",
  "source": "Red_Bud_Catalpa_Creek_Watershed_Plan_2016.pdf",
  "length": 299315,
  "part": 3,
  "text": "MDEQ) \nMs. Natalie Segrest  Basin Management Branch Chief, MDEQ \nMr. Richard Ingram Associate Director, MWRRI  \n7.3 FUNCTIONAL TEAMS \nIn addition to the steering team, three functional teams were established. These teams \nconsist of members of MSU faculty and administration as well as state and federal \nresource agencies and stakeholder organizations who have expertise and experience in \nthe teams’ area of focus. A priority activity of each team is contributing to the \ndevelopment of this water resources management plan. The functional teams are:  \n Planning and Implementation; \n Education, Experiential Learning and Outreach; and  \n Funding and Incentives.  \nIt is anticipated that issue-specific work groups will be established during the planning \nprocess to address narrowly-focused issues (e.g., development of a pathogen mitigation \nstrategy).  \n7.4 PLANNING AND IMPLEMENTATION TEAM \n \nThe primary role and responsibility of the Planning and Implementation Team is the \nfacilitation and development of this Catalpa Creek Water Resource Management Plan. \nTeam members will also be encouraged to participate in conceptualizing, developing, and \nimplementing potential research projects associated with the Watershed D.R.E.A.M.S. \nCenter (Section 15). Current team members and their department or affiliation are \nidentified in Table 7.4.1.  \nAn individual component of the Planning and Implementation Team is the \nHydrology/Modeling Work Group. Members of this work group focus on the hydrological \nplanning and modeling components of this water resource management plan. Current \nwork group members and their department or affiliation are identified in Table 7.4.2. \n  \n\n \n \nWRMP for Red Bud – Catalpa Creek Watershed_Final   15 \n \nTable 7.4.1. Planning and Implementation Team \nDr. Tim Schauwecker (Co-lead) Dept. of Landscape Architecture \nMr. Richard Ingram (Co-lead) Mississippi Water Resources Research Institute  \nDr. Beth Baker MSU REACH (Research & Education to Advance Conservation & Habitat) \nProgram; Director, MSU Water Quality Laboratory \nDr. Brian Baldwin Dept. of Plant and Soil Sciences \nDr. Jason Barrett MSU Extension - Center for Government & Community Development \nMr. Robert Brzuszek Dept. of Landscape Architecture; MSU Extension \nMs. Janet Chapman Mississippi Dept. of Environmental Quality \nDr. Bill Cooke Dept. of Geosciences \nDr. Joby Czarnecki Geosystems Research Institute \nDr. Padmanava Dash Dept. of Geosciences \nDr. Jamie Dyer Dept. of Geosciences \nDr. Chris Fuhrmann Dept. of Geosciences \nDr. Cory Gallo Dept. of Landscape Architecture \nDr. Toby Gray Geosciences Research Institute; Gulf Coastal Plains and Ozarks Landscape \nConservation Cooperative \nDr. JoVonn Hill Dept. of Biochemistry, Molecular Biology, Entomology &Plant Pathology \nDr. William Kingery Dept. of Plant and Soil Sciences \nDr. James Martin Dept. of Civil and Environmental Engineering  \nDr. Jay McCurdy Dept. of Plant and Soil Sciences  \nDr. John Ramirez-Avila Dept. of Civil and Environmental Engineering  \nDr. Scott Rush Fish and Wildlife Research Center; Dept. of Wildlife, Fisheries, and \nAquaculture \nMs. Jessie Schmidt Mississippi Water Resources Research Institute  \nDr. Courtney Siegert Fish and Wildlife Research Center - Forestry \nDr. Mary Love Tagert Dept. of Agricultural & Biological Engineering \nMr. Jason Walker Dept. of Landscape Architecture \n \nTable 7.4.2. Hydrology/Modeling Work Group \nDr. Beth Baker (Co-lead) MSU REACH (Research & Education to Advance Conservation & Habitat) \nProgram; MSU Water Quality Laboratory \nDr. John Ramirez-Avila  \n(Co-lead) \nDept. of Civil & Environmental Engineering \nDr. James Martin Dept. of Civil and Environmental Engineering  \nDr. Courtney Siegert Forest and Wildlife Research Center, Dept. of Forestry \nDr. Mary Love Tagert Dept. of Agricultural & Biological Engineering \n  \n\n \n \nWRMP for Red Bud – Catalpa Creek Watershed_Final   16 \n \n7.5 EDUCATION, EXPERIENTIAL LEARNING AND OUTREACH TEAM \n \nThe primary role and responsibility of the Education, Experiential Learning and Outreach \nTeam is the development, facilitation and implementation of the Education, Experiential \nLearning & Outreach component of this Catalpa Creek Water Resource Management \nPlan. Additional responsibilities will focus on the development of educational signage, site \ndisplays, educational material development, and public relations for the Watershed \nD.R.E.A.M.S. Center. Current team members and their department or affiliation are \nidentified in Table 7.5.1. \nTable 7.5.1. Education, Experiential Learning, and Outreach Team \nDr. Leslie Burger (Lead) Wildlife, Fisheries and Aquaculture/Extension Service, MSU \nDr. Beth Baker Wildlife, Fisheries and Aquaculture/Forest and Wildlife Research Center, MSU \nMr. Wally Cade Natural Resources Conservation Service \nMs. Janet Chapman Mississippi Department of Environmental Quality \nDr. Ron Cossman Social Science Research Center, MSU \nMs. Gaea Hock School of Human Sciences, MSU \nMr. Richard Ingram Water Resources Research Institute \nDr. John Linhoss Agricultural and Biological Engineering, MSU \nDr. Mary Love Tagert Agricultural and Biological Engineering, MSU \nMs. Deb Veeder MS Adopt-A-Stream, MS Wildlife Federation \n7.6 FUNDING AND INCENTIVES TEAM \nInitially, the primary role and responsibility of the Funding and Incentives Team is the \ndevelopment, facilitation, and implementation of the Funding and Incentives component \nof this Water Resource Management Plan for Red Bud-Catalpa Creek. Additional \nresponsibilities will focus on the continuing efforts to identify funding sources to \nimplement this plan and assist with the facilitation and development of future research \nproposals. The team is co-led by Richard Ingram with MWRRI and Dr. Joby Czarnecki with \nGRI. Current team members and their department or affiliation are identified in Table \n7.6.1.  \nTable 7.6.1. Funding and Incentives Team \nMr.Richard Ingram (Co-lead) Mississippi Water Resources Research Institute \nDr. Joby Czarnecki (Co-lead) Geosystems Research Institute \nMs. Jessie Schmidt Mississippi Water Resources Research Institute  \nMr. Jeff Little MSU Foundation \n \n  \n\n \n \nWRMP for Red Bud – Catalpa Creek Watershed_Final   17 \n \n8 STAKEHOLDER INPUT  \nFor success to occur in watershed-based restoration and protection projects, it is essential that \nthe interests and concerns of the stakeholders living in the watershed are identified and \naddressed. Because of this, a number of formal and informal meetings of stakeholders of the \nCatalpa Creek Watershed have been held. Recurring meetings of these stakeholders are \nplanned for the future. This will include meetings of MSU administration to address issues \nrelated to the university and its landholdings as well as public meetings of watershed \nstakeholders that include MSU staff who live in the watershed.   \nAs previously mentioned, on January 13, 2015, a visioning exercise was held with MSU, MDEQ, \nMSWCC, and NRCS administration, staff, and faculty to outline a vision for restoring and \nprotecting the Catalpa Creek Watershed. The day-long exercise include presentations to \nprovide an overview of the Catalpa Creek Watershed and MSU’s strategic position within it, \nrelate information on the status of water quality and land use within the watershed, a \nfacilitated session during which a number of questions were posed to the participants, and \nafterward a facilitated tour of the watershed ensued.   \nQuestions asked and discussed during the facilitated session included: What is your vision of \nthe Catalpa Creek Watershed in terms of ecosystem health, water resources, quality of life, \nengaging watershed stakeholders, providing opportunities for responsible economic growth, \nand providing experiential learning and research opportunities for students and teachers? \nOther questions asked and discussed were: What are impacts and results you want to achieve \nfor the watershed community, for MSU, for your organization/program, and for the region and \nstate? What should be the project’s focus? What interests should be addressed? What \nchallenges/barriers will we face? Why is the Catalpa Creek Watershed project important from \nyour perspective? Who could benefit from its implementation? In what ways? How should \nprogress be measures? Additional questions address staffing and resource support, next steps, \nand the D.R.E.A.M.S. Center.  \nAfter the exercise, a vision document was developed that incorporated input generated during \nthe session. This document serves to guide MSU’s restoration and protection efforts, and \nnarrative from this document is incorporated throughout this plan (e.g., sections on Vision and \nProject Goals, Approach, Partnerships and Teams, Sustainability, D.R.E.A.M.S. Center, et al).   \nOn September 1, 2015 a meeting was held with the Oktibbeha County Soil & Water \nConservation District (OCSWCD) Board of Commissioners to provide an overview of the \nwatershed, status of water quality, present the vision, solicit input on OCSWCD’s water \nresource interests and concerns, and request it to partner in the project and co-host a meeting \nof watershed stakeholders. The Board unanimously approved the requests. OCSWCD’s water \nresource interests and concerns are incorporated into this plan.     \n\n \n \nWRMP for Red Bud – Catalpa Creek Watershed_Final   18 \n \nOn September 28, 2015 an evening, catered meeting of watershed stakeholders, City of \nStarkville representatives, and Oktibbeha County representatives will be co-hosted by MSU and \nOCSWCD for the purpose of greeting and getting to know watershed stakeholders, presenting \nand discussing the vision, requesting input from these parties regarding their interests and \nconcerns, recruiting potential team members, and soliciting partners to participate in \nrestoration and protection activities in the watershed. Informal meetings with watershed \nstakeholders have already revealed concerns related to downstream impacts of urban storm \nwater and flooding, both of which are a focus of this plan. Any newly identified interests and \nconcerns during this meeting and through subsequent contact with watershed stakeholders will \nbe incorporated into a revised plan.     \nAs mentioned previously, we will stress the importance of continued stakeholder involvement \nand participation as the project unfolds and recurring meetings are planned for the future. \nAdditionally, a key feature of the project that is discussed later in this document is the \nimplementation of pre- and post-implementation surveys to better understand stakeholder \nbehaviors and beliefs to guide education and outreach efforts, as well as to identify potential \nwatershed “champions” and business support to foster sustainability of this watershed-based \neffort.   \n9 WATERSHED DESCRIPTION AND CHARACTERIZATION \n9.1 GEOGRAPHY & GEOMORPHOLOGY \nThe Catalpa Creek watershed begins in Starkville, Mississippi and extends over areas of \nOktibbeha and Lowndes counties.  Catalpa Creek is part of the Red Bud Creek-Catalpa \nCreek (HUC 12 #031601040601) watershed which lies within the larger Catalpa Creek-\nTibbee Creek (HUC 10), Tibbee Watershed (HUC 8) and part of the large Tombigbee River \nBasin.  The Red Bud - Catalpa Creek Watershed covers an area of 45.2 square miles \n(28,939 acres). \nResearch activities of the university and continued development and construction of \nuniversity lands appears to be a primary driver of stream degradation and water quality \ndegradation. Impervious surfaces cause substantial runoff from the university at the \nheadwater of the stream, resulting in marked increases in hydrologic flow during storm \nevents, much above the regular capacity of the channel.  Such runoff has been observed \nto cause major flooding and back flow issues, as well as contributing to severe erosion \nwithin the channel, incision of the main channel, and turbidity/sediment issues regarding \nwater quality. \n  \n\n \n \nWRMP for Red Bud – Catalpa Creek Watershed_Final   19 \n \nThe National Hydrography Dataset “flowline” classifications of “perennial stream” and \n“intermittent stream” can be used to distinguish the mainstream channels from the \ntributaries (Figure 9.1.1). The Red Bud – Catalpa Creek Watershed features 31 miles of \nperennial streams and 119 miles of intermittent streams. On land owned by Mississippi \nState University, 6.5 miles of perennial streams and 11 miles of intermittent streams are \nfound. \n \n \n \nFigure 9.1.1. Main stem (perennial) and tributary (intermittent) streams in the Red Bud Creek – Catalpa Creek Watershed \n \nThe headwaters of Catalpa Creek emerge from underground culverts on or near the \nMSU campus at three locations: the parking lot on the northeast corner of Highway 12 \nand Spring Street (33° 27’ 16.64” N, 88° 48’ 17.84 W), 130 meters (418 feet) south of the \nintersection of Bully Boulevard and Stone Boulevard (33° 27’ 02.19” N, 88° 47’ 42.17” \nW), and 60 meters (200 feet) west of the southern end of Hardy Road (33° 66’ 53.23 N, \n88° 47’ 25.75 W) (Figure 9.1.2). \n \n\n \n \nWRMP for Red Bud – Catalpa Creek Watershed_Final   20 \n \n \nFigure 9.1.2. Catalpa Creek origination points associated with the Mississippi State University campus and intermittent \nstream flow lines from the National Hydrographic Database (NHD). NHD flow line endpoint vertices do not match actual \nlocations of stream emergence from underground conveyance systems. \n \nThe Red Bud – Catalpa Creek Watershed lies completely within the Blackland Prairie \n(65a) Ecoregion (EPA Level IV, Figure 9.1.3), a crescent-shaped belt that extends from \nthe Mississippi-Tennessee border through Montgomery, Alabama. Blackland Prairie is \ndescribed by Chapman et al. (2004) as a flat to undulating region underlain by distinctive \nCretaceous-age chalk, marl, and calcareous clays of the Selma Group. These clays have \nsmectitic or carbonatic mineralogy and tend to shrink and crack when dry and swell \nwhen wet. Streams have chalk, clay, sand, and silt substrates and flow is highly variable. \nHistorically the natural vegetation of this ecoregion was dominated by sweetgum \n(Liquidamber styraciflua), post oak (Quercus stellate), blackjack oak (Q. marialndica), \nand red cedar (Juniperis virginiana), with patches of prairie dominated by warm-season \ngrasses and forbs. The total amount of area historically covered by these has been the \nsubject of debate, and although the region is often referred to or characterized as \n“prairie” most writers consider it to be a mosaic of vegetation types: open prairie, chalk \noutcrops, woodland, and forest. Barone (2005) concludes that, while never dominant, \nthe prairie patches once formed an important and coherent ecosystem. \n \n \n\n \n \nWRMP for Red Bud – Catalpa Creek Watershed_Final   21 \n \n \nFigure 9.1.3. Ecoregion Map of Northeast Mississippi (EPA). \nThe dip of the Cretaceous strata is generally towards the Gulf of Mexico in Alabama and \ntowards the Mississippi River in Mississippi, causing the geologic formations to be \nprogressively older in a northeastward direction. The Selma group formations in the Red \nBud Creek – Catalpa Creek watershed are (in an east-to-west/old-to-young progression) \nDemopolis Chalk, Ripley, and Prairie Bluff/Owl Creek (Figure 9.1.4). \nThe Surface Geology Division at the MDEQ website hosts a list of geology unit \ndescriptions for the state, from which these are described: \n Demopolis chalk: Chalk and marly chalk containing fewer impurities than \nunderlying and overlying formations.  \n Ripley: Grey to greenish-gray fine glauconitic sand, clay, and sandy limestone. \n Prairie Bluff and Owl Creek: Prairie Bluff chalk, compact brittle chalk, sandy chalk, \nand calcareous clay; at base contains many phosphatic molds of fossils. \n \nElevations in the Red Bud – Catalpa Creek Watershed range from 197 – 404 feet with \nthe highest points found in Starkville and on the campus of MSU (Figure 9.1.5). \n\n \n \nWRMP for Red Bud – Catalpa Creek Watershed_Final   22 \n \n \nFigure 9.1.4. Geological formations of the Red Bud Creek – Catalpa Creek Watershed. \n \nFigure 9.1.5. Elevations Map of the Red Bud – Catalpa Creek Watershed. \n\n \n \nWRMP for Red Bud – Catalpa Creek Watershed_Final   23 \n \nSmall tributaries at the upper part of the watershed, including the main stream reach \nbefore Blackjack Road (Figure 9.1.6), are stable grassed channels that present some \nbackwater flow and floodplain flooding during high stormflow events caused by the \npresence of downstream hydraulic structures (i.e. culverts and dam). However, these \nstreams appear to present an early stage of incision probably due to their very low \nsinuosity and the increase in extension of developed areas on the MSU campus, which \nreduce the time of concentration and increase the magnitude of the peak flow discharges \nduring stormflow events that usually occur during the winter and spring seasons, most \ncommonly, when the groundcover of the streambanks is reduced. \n \n \n \nFigure 9.1.6. Headwater tributaries of the Red Bud – Catalpa Creek Watershed. \nThe incised main channel of the Catalpa Creek experiences undercutting, streambed \noutcrop, and streambank instability along several segments of the approximated four \nmiles this waterbody runs through the MSU South Farm (Figure 9.1.7). These channel \ndegradation processes alternate with the presence of sand and gravel bars observed a few \nfeet upstream of road crossings and stream junctions, and inside of bendway segments \n(Figure 9.1.8). The culvert on the main stream on Blackjack Road, at the boundary of the \nMSU campus, appears to be an initial knickpoint that has importantly affected the flow \nregime and sediment transport capacity of the fluvial system downstream. These \nconditions, in addition to the high flows coming from the campus during stormflow \nevents, the very low sinuosity of the channel, the presence of a hydraulic structure (dam) \nin a tributary, additional road crossings along the main stream, and several point source \nflows (i.e. pi"
}