{
  "slug": "red-bud-catalpa-creek-watershed-plan-2016",
  "source": "Red_Bud_Catalpa_Creek_Watershed_Plan_2016.pdf",
  "length": 299315,
  "part": 9,
  "text": " invasive plants within wildlife habitats \nthat have adverse impacts. Habitat protection for listed threatened and endangered \nspecies in the watershed will also be addressed.  \nRecommended NRCS Practices, Codes, and Associated Practices.  The following \npractices have been recommended by NRCS staff for potential implementation in the \nCatalpa Creek Watershed, dependent upon site-specific conditions. These include \nstructural and nonstructural practices.  \nResource Concern:  Water Quality – Sedimentation (Table 11.1.1) \n (340) Cover and Green Manure Crop – A crop of close growing legumes and/or small \ngrain/ryegrass grown primarily for seasonal protection and soil improvement. Cover \ncrops are usually grown for one year or less.  The purpose of this practice is to control \nerosion during periods when the major crops do not furnish adequate cover and to \nadd organic matter back to the soil to improve water infiltration, aeration and tilth. \nCover crops may also provide food and cover for selected wildlife species. \n (342) Critical Area Planting – Establishing permanent vegetation on sites that have, or \nare expected to have, high erosion rates, and on sites that have physical, chemical or \nbiological conditions that prevent the establishment of vegetation with normal \npractices.  The purpose of this practice is to stabilize the soil, reduce erosion and \ndamage from sediment and runoff to downstream areas, to improve water quality, to \nimprove wildlife habitat, and to improve visual resources.  \n (350) Sediment Basin – A basin constructed with an engineered outlet, formed by an \nembankment or excavation or a combination of the two.  The purpose of this practice \nis to capture and detain sediment laden runoff, or other debris for a sufficient length \nof time to allow it to settle out in the basin. Sediment basins are the last line of \ndefense for capturing sediment that cannot be addressed by common erosion control \nmeasures; therefore, all initial efforts should be on stopping the erosion at the source.  \nAssociated practice to this practice is (342). \n (362) Diversion – A channel constructed across the slope with a supporting ridge on \nthe lower side to divert runoff.  The purpose of this practice is to divert excess water \nfrom one area for use or safe disposal in other areas.  Associated practices are (342), \n(412) and (620). \n\n \n \nWRMP for Red Bud – Catalpa Creek Watershed_Final   74 \n \n (386) Field Border – A strip of permanent vegetation established at the edge or \naround the perimeter of a field.  The purpose of this practice is to establish food, \ncover (including nesting and brood cover) for wildlife, including pollinator \nhabitat/corridors.   \n (393) Filter Strip – A strip or area of herbaceous vegetation that removes \ncontaminants from overland flow.  The purpose of this practice may be applied as \npart of a conservation management system to accomplish one or more of the \nfollowing purposes: to reduce suspended solids and associated contaminants in \nrunoff, dissolve contaminant loadings in runoff, and to suspend solids and associated \ncontaminants in irrigation tail water.  \n (410) Grade Stabilization Structure – A structure used to control the grade and head \ncutting in natural or artificial channels.  The purpose of this practice is to stabilize the \ngrade and control erosion in natural or artificial channels, to prevent the formation or \nadvance of gullies, and to enhance environmental quality and reduce pollution \nhazards.  Associated practices (460) and (342). \n (412) Grassed Waterway – A shaped or graded channel that is established with \nsuitable vegetation to carry surface water at a non-erosive velocity to a stable outlet.  \nThe purpose of this practice is to convey runoff from terraces, diversions, or other \nwater concentrations without causing erosion or flooding; to reduce gully erosion; \nand to protect/improve water quality.  Associated practices (342) and (620). \n (460) Land Clearing – Removing trees, stumps, and other vegetation from wooded \nareas to achieve a conservation objective.  The purpose of the practice is to facilitate \nneeded land use adjustments and improvements to an existing site in the interest of \nnatural resource conservation.  This practice applies to wooded areas where the \nremoval of trees, stumps, brush, and other vegetation is needed in order to \nimplement a conservation objective.  Associated practices, like plantings, other \nstructures, or irrigation/drainage water management practices, would be contracted \nseparately as needed. \n (580) Streambank and Shoreline Protection – Treatment(s) used to stabilize and \nprotect banks of streams or constructed channels, and shorelines of lakes, reservoirs, \nor estuaries.  The purpose of this practice is to prevent the loss of land or damage to \nland uses, or other facilities adjacent to the banks of streams or constructed channels, \nshoreline of lakes, reservoirs, or estuaries including the protection of known \nhistorical, archeological, and traditional cultural properties; To maintain the flow \ncapacity of streams or channels; To reduce the offsite or downstream effects of \nsediment resulting from bank erosion; and To improve or enhance the stream \ncorridor for fish and wildlife habitat, aesthetics, recreation.  Associated practice is \n(342). \n (600) Terrace – An earth embankment, or a combination ridge and channel \nconstructed across the field slope.  The purpose of the practice is to reduce slope \nlength, erosion, sediment content in runoff water, improve water quality, retain \n\n \n \nWRMP for Red Bud – Catalpa Creek Watershed_Final   75 \n \nrunoff for moisture conservation, prevent gully development, reform the land surface, \nimprove farmability and flooding.  Associated practices are (342) and (620). \n (620) Underground Outlet – A conduit installed beneath the surface of the ground to \ncollect surface water and convey it to a suitable outlet.  The purpose of the practice is \nto dispose of excess water from terraces, diversions, subsurface drains, surface \ndrains, trickle tubes or principle spillways from dams (outside the dam area only), or \nother concentrations without causing damage by erosion or flooding.  Associated \npractices are (342), (412), and (600).  \nResource Concern:  Grazing Lands (Table 11.1.2) \n (315) Herbaceous Weed Control – Removal or control of herbaceous weeds \nincluding invasive, noxious, and prohibited plants.  Herbaceous weed control and \nmanagement to enhance or maintain native or desired plant species on \npastureland.  Associated Practices listed in this resource concern:  (528).   \n (342) Critical Area Planting – Establishing permanent vegetation on sites that \nhave, or are expected to have, high erosion rates, and on sites that have physical, \nchemical, or biological conditions that prevent the establishment of vegetation \nwith normal practices.  To stabilize the soil, reduce erosion and damage from \nsedimentation and runoff to downstream areas, to improve water quality, to \nimprove wildlife habitat, and to improve visual resources.  \n (362) Diversion – A channel constructed across the slope with a supporting ridge \non the lower side to divert runoff.  To divert excess water from one area for use \nor safe disposal in other areas.  Associated practices list in this resource concern:  \n(342). \n (378) Pond – A water impoundment made by constructing a dam or an \nembankment or by excavating a pit or dugout.  To provide needed water for \nlivestock in a planned grazing system.  Associated practices in this resource \nconcern:  (342), (382), (516), & (614). \n (382) Fence – Dividing or enclosing an area of land with a suitable structure that \nacts as a barrier to livestock.  To subdivide grazing lands to create additional \ngrazing cell that will allow the implementation of a prescribed grazing system.  \n(NRCS has a practice payment cap of $7,500 - $9,000 per contract).   \n (410) Grade Stabilization Structure – A structure used to control the grade and \nhead cutting in natural or artificial channels.  To stabilize the grade and control \nerosion in these settings, to prevent the formation or advancement of gullies, \nand to enhance environmental quality and reduce pollution hazards.  Associated \npractices in this resource concern:  (342) & (460). \n (460) Land Clearing – Removing trees, stumps, and other vegetation from \nwooded areas to achieve a conservation objective. Limited to the footprint of the \nconservation structure. \n\n \n \nWRMP for Red Bud – Catalpa Creek Watershed_Final   76 \n \n (512) Forage and Biomass Planting (Legumes interseeding) or (Cropland \nconversion) – Establishing and reestablishing native or introduced forage species.  \nTo establish adapted compatible species, varieties, or cultivars, improve or \nmaintain livestock nutrition and/or health, extend the length of the grazing \nseason, reduce soil erosion by wind and/or water.  (A Pasture Score Rating will \nbe used to determine eligibility.  A current Soil Test is needed for ranking).  \nAssociated practices listed in this resource concern:  (315) & (528). \n (516) Pipeline – A pipeline and appurtenances installed for conveying water for \nlivestock or wildlife.  This applies to the conveyance of water through a closed \nconduit from a source of supply to a watering facility for use by livestock or \nwildlife.  Associated practices in this resource concern:  (342) & (614). \n (528) Prescribed Grazing – The controlled harvest of vegetation with grazing or \nbrowsing animals, manage with the intent to achieve a specified objective.  \nApplication of this practice will prescribe the rest period, intensity, frequency, \nduration, and season of grazing to promote ecologically and economically stable \nplant communities that meet client and resources objectives.   \n (561) Heavy Use Protection Area – The stabilization of areas frequently and \nintensively used by people, animals or vehicles by establishing vegetative cover, \nsurfacing with suitable materials, and/or installing needed structures.  To provide \na stable, non-eroding surface for areas frequently used by animals, people or \nvehicles and to protect and improve water quality.  Associated practices in this \nresource concern:  (342), (516), & (614). \n (576) Livestock Shelter Structure – A Portable framed structure with mesh fabric \nroof to provide shade for livestock.  This practice applies to areas where animal \nproductivity and well-being is adversely affected by heat generated from \nsunshine or where livestock are excluded from natural shad along stream banks \nof other water courses.  This practice included as a part of a Resource \nManagement System provides shaded areas for livestock, helps protect surface \nwaters from pollution, and assist the livestock from excessive heat.  Associated \npractices in this resource concern:  (382), (528), & (614). \n (578) Stream Crossing – A stabilized area or structure constructed across a \nstream to provide a travel way for livestock.  Practice will provide access to \nanother land unit; to improve water quality by reducing sediment, nutrient, \norganic, and inorganic loading of the stream; and to reduce stream bank and \nstreambed erosion.  (This practice requires fencing off both sides of the stream in \nwhich the stream crossing is installed).  Associated practices in this resource \nconcern:  (342) & (382).     \n (614) Watering Facility – A permanent or portable device to provide an adequate \namount and quality of drinking water for livestock and/or wildlife.  This practices \napplies where there is a need for a new or improved watering places to permit \nthe desired level of grassland management, to reduce health hazards for \n\n \n \nWRMP for Red Bud – Catalpa Creek Watershed_Final   77 \n \nlivestock, and to reduce livestock waste in streams.  Associated practices listed in \nthis resource concern:  (342), (516), & (561). \nResource Concern:  Sustainable Forestry (Table 11.1.3) \n(NRCS has a $10,000-$12,000 limitation for practice Code (612) & (490) per \nownership per county for this resource concern.) \n (315) Herbaceous Weed Control – Removal or control of herbaceous weeds \nincluding invasive, noxious, and prohibited plants; Kudzu and Cogongrass.  \nAssociated Practices listed in this resource concern:  (666).   \n (338) Prescribed Burning – Silvacultural Burning and Site Prep Burning to improve \nwildlife habitat, control undesirable vegetation, prepare sites for planting or \nseeding, control plant diseases, reduce fire hazards.  Associated Practices listed \nin this resource concern:  (666). \n (342) Critical Area Planting – Establishing permanent vegetation on sites that \nhave, or are expected to have, high erosion rates, and on sites that have physical, \nchemical, or biological conditions that prevent the establishment of vegetation \nwith normal practices.  To stabilize the soil, reduce erosion and damage from \nsedimentation and runoff to downstream areas, to improve water quality, to \nimprove wildlife habitat, and to improve visual resources.  \n (394) Firebreaks – A strip of bare land (Non-Vegetated) or fire-retarding \nvegetation (Vegetated) to protect soil, water, and plant resources by reducing or \npreventing damage from fire.  Associated practices list in this resource concern:  \n(338) & (666). \n (410) Grade Stabilization Structure – A structure used to control the grade and \nhead cutting in natural or artificial channels.  To stabilize the grade and control \nerosion in these settings, to prevent the formation or advancement of gullies, \nand to enhance environmental quality and reduce pollution hazards.  Associated \npractices in this resource concern:  (342) & (460). \n (460) Land Clearing – Removing trees, stumps, and other vegetation from \nwooded areas to achieve a conservation objective. Limited to the footprint of the \nconservation structure. \n (490) Forest Site Preparation – Treating areas to encourage natural seeding of \ndesirable trees or to permit reforestation by planting or direct seeding.  \nPreparing land from establishing a stand of trees to conserve soil and water, to \nimprove watersheds, or to produce tree/shrub species for wildlife habitat.  \nAssociated practices listed in this resource concern:  (338), (394), (612), & (666) \n (612) Tree & Shrub Establishment – Establishing woody plants by planting \nseedlings or cuttings, direct seeding, or natural regeneration to conserve soil \nmoisture, protect a watershed, or create/enhance wildlife and pollinator habitat.  \nAssociated practices listed in this resource concern:  (338), (394), (490), & (666). \n\n \n \nWRMP for Red Bud – Catalpa Creek Watershed_Final   78 \n \n (666) Forest Stand Improvement – Manipulating species composition and \nstocking by cutting or killing selected trees and understory vegetation.  To \nenhance and improve a stand of trees, to conserve soil and water, to improve \nwildlife habitat, or to produce wood crops for diverse wildlife habitat.  \nAssociated practices listed in this resource concern:  (315), (338), & (394). \nResource Concern:  Declining Wildlife Habitats (Table 11.1.4) \n(NRCS has a $10,000 payment cap for all contracts funded under this resource \nconcern.) \n (314) Brush management – QVM for Restoration of Habitat in Open Fields.  \nAssociated Practices listed in this resource concern:  (647) and (666). \n (315) Herbaceous Weed Control – Removal or control of herbaceous weeds \nincluding invasive, noxious, and prohibited plants; Kudzu and Cogongrass.  \nAssociated Practices listed in this resource concern:  (647) and (666).   \n (338) Prescribed Burning – Silvacultural Burning and Site Prep Burning to improve \nwildlife habitat, control undesirable vegetation, prepare sites for planting or \nseeding, control plant diseases, reduce fire hazards.  Associated Practices listed \nin this resource concern:  (647) and (666). \n (386) Field Border – Wildlife/Pollinator Habitat Buffers to establish food, cover \n(including nesting and brood cover) for wildlife, including pollinator \nhabitat/corridors.  Associated practice listed in this resource concern:  (647). \n (391) Riparian Forest Buffer – An area consisting predominantly of trees and/or \nshrubs located adjacent to and up-gradient from water sources or water bodies.  \nAssociated practices listed in this resource concern:  (612) and (647).  \n (394) Firebreaks – A strip of bare land (Non-Vegetated) or fire-retarding \nvegetation (Vegetated) to protect soil, water, and plant resources by reducing or \npreventing damage from fire.  Associated practices list in this resource concern:  \n(338), (647), & (666). \n (490) Forest Site Preparation – Treating areas to encourage natural seeding of \ndesirable trees or to permit reforestation by planting or direct seeding.  \nPreparing land from establishing a stand of trees to conserve soil and water, to \nimprove watersheds, or to produce tree/shrub species for wildlife habitat.  \nAssociated practices listed in this resource concern:  (338), (394), (612), & (666). \n (512) Forage and Biomass Planting – Establishing and reestablishing native or \nforage species.  Mixture of at three native warm season grasses required.  Forbs \nand legumes allowed as part of the planting mixture.  Associated practices listed \nin this resource concern:  (315) & (647).  \n (587) Structure for Water Control – To control the stage, discharge, distribution, \ndelivery, or direction of flow of water in open channels or water uses areas.  Also \nused for water quality control, such as sedimentation reduction or temperature \n\n \n \nWRMP for Red Bud – Catalpa Creek Watershed_Final   79 \n \nregulation.  These structures are also used to protect fish, wildlife, and other \nnatural resources.  \n (612) Tree & Shrub Establishment – Establishing woody plants by planting \nseedlings or cuttings, direct seeding, or natural regeneration to conserve soil \nmoisture, protect a watershed, or create/enhance wildlife and pollinator habitat.  \nAssociated practices list"
}