{
  "slug": "ross-barnett-reservoir-watershed-plan-2011",
  "source": "Ross_Barnett_Reservoir_Watershed_Plan_2011.pdf",
  "length": 1021493,
  "part": 25,
  "text": "\ncatfish edible portions (four samples per species) collected from Ross Barnett \nReservoir from 2004 to 2007. \n \nAnalyte \nM. salmoides P. olivaris \nAverage # > MQL Max Average # > MQL Max \nAluminum                   16                   2                   28                   4.27                   1                   4.3                   \nAntimony                   NA                   0                   NA                   NA                   0                   NA                   \nArsenic                       NA                       0                       NA                       NA                       0                       NA                       \nCadmium                   0.90                   1                   0.90                   0.79                   1                   0.79                   \nChromium                   1.8                   2                   3.5                   2.1                   2                   3.8                   \nCopper                       0.55                       1                       0.55                       NA                       0                       NA                       \nIron                             2.0                             1                             2.0                             4.0                             2                             5.2                             \nLead                            3.9                            1                            3.9                            NA                            0                            NA                            \nManganese                  4.7                   1                  4.7                  1.8                  2                  3.6                  \nNickel                         NA                         0                         NA                         NA                         0                         NA                         \nSelenium                     NA                     0                     NA                     1.2                     1                     1.2                     \nSilver                          1.9                          1                          1.9                          2.4                          1                          2.4                          \nTin                              2.8                              1                              2.8                              2.6                              1                              2.6                              \nZinc                             8.6                             2                             12                             12                             2                             18                             \nMercury                     0.25                     3                     0.36                     0.25                     3                     0.33                     \n \n \nTable E.5. Summary of mercury concentrations in individual samples of largemouth bass and \nflathead catfish from Ross Barnett Reservoir. \n \nLargemouth Bass \n(μg/g, dry weight) \nFlathead Catfish \n(μg/g, dry weight) \n0.36 \n0.31 \n0.08 \n< MQL \n0.29 \n0.33 \n0.14 \n< MQL \nAverage of samples > MQL = 0.25 Average of samples > MQL = 0.25 \n \n\n \n \n \n \n \n \n \n \n \n \n \n \n \nAPPENDIX F \n \nFEDERAL AND STATE REGULATIONS \nRELEVANT TO RESTORATION & PROTECTION \n \n\nAppendix F  \nFederal and State Regulations Relevant to Restoration and Protection October 31, 2011 \n \n \n \ni \nTABLE OF CONTENTS \n \n1.0       INTRODUCTION       ...........................................................................................................       F-1 \n2.0 FEDERAL REGULATIONS ADMINISTERED BY FEDERAL AGENCIES ............. F-2 \n2.1 Clean Water Act Section 404 – Dredge and Fill Permits, and \n Section 401 – Water Quality Certification ........................................................... F-2 \n2.2 Clean Water Act Section 319 ............................................................................... F-5 \n2.3 Federal Food Security Act (Farm Bill) ................................................................ F-5 \n2.4 National Flood Insurance Program ...................................................................... F-5 \n2.5 Hazardous Waste Regulations ............................................................................. F-6 \n2.6 Superfund ............................................................................................................. F-6 \n2.7 Toxics Release Inventory ..................................................................................... F-6 \n3.0 FEDERAL REGULATIONS ADMINISTERED BY STATE AGENCIES ................... F-8 \n3.1 National Pollutant Discharge Elimination System Program ................................ F-8 \n3.1.1 Wastewater Discharged Directly to Surface Water ................................. F-8 \n3.1.2 Wastewater Discharged Indirectly to Surface Water ............................... F-9 \n3.1.3 Industrial Stormwater Permits ............................................................... F-10 \n3.1.4 Construction Stormwater Permits .......................................................... F-10 \n3.1.5 Mining Stormwater Permits ................................................................... F-10 \n3.1.6 Municipal Storm Sewer Systems Permits .............................................. F-10 \n3.1.7 Concentrated Animal Feeding Operations ............................................. F-11 \n3.2 Safe Drinking Water Act ................................................................................... F-12 \n3.3 Underground Storage Tank Regulations ............................................................ F-12 \n4.0       STATE       REGULATIONS       ..............................................................................................       F-14 \n4.1 Onsite Wastewater Treatment Regulations ........................................................ F-14 \n4.2 Surface Mining Regulations .............................................................................. F-14 \n4.3 MDOT Construction Projects and Completed Facilities ................................... F-16 \n4.4 Surface Water Quality Regulations and/or Criteria ........................................... F-16 \n4.5 Public Waterways .............................................................................................. F-16 \n4.6 Animal Feeding Operations ............................................................................... F-17 \n5.0       REFERENCES       ..............................................................................................................       F-19 \n\nAppendix F  \nFederal and State Regulations Relevant to Restoration and Protection October 31, 2011 \n \n \n \nii \nLIST OF TABLES \n \nTable F.1 Numeric and narrative water quality criteria for Ross Barnett \nReservoir and its tributaries ............................................................................... F-17 \n \n \nLIST OF FIGURES \n \nFigure F.1\n Locations of facilities in Ross Barnett Reservoir watershed \nunder federal regulation ....................................................................................... F-3\n \nFigure F.2 Locations of facilities in Ross Barnett Reservoir watershed \nunder state regulation ......................................................................................... F-15 \n \n \n\nAppendix F  \nFederal and State Regulations Relevant to Restoration and Protection October 31, 2011 \n \n \n \nF-1 \n1.0 INTRODUCTION \n \nThis appendix describes federal and state regulations that are relevant to restoration and \nprotection of water quality in the Reservoir and its watershed. Included in these descriptions are \nthe agencies responsible for implementing these regulations and their associated programs, and \nthe entities that are regulated. There are a number of federal regulations that are implemented by \nstate agencies. Many of these regulations require permits to be issued. \n\nAppendix F  \nFederal and State Regulations Relevant to Restoration and Protection October 31, 2011 \n \n \n \nF-2 \n2.0 FEDERAL REGULATIONS ADMINISTERED BY \nFEDERAL AGENCIES \n \nThis section describes federal regulations that apply to the Reservoir and its watershed, \nand that are implemented by federal agencies. This includes regulation of dredge and fill \nactivities, flood insurance, hazardous waste disposal, and clean-up of contaminated sites, as well \nas programs to reduce erosion and nonpoint source pollution, and track releases of toxic \nmaterials.  \n \n2.1 Clean Water Act Section 404 – Dredge and Fill Permits, and \nSection 401 – Water Quality Certification \nSeveral sections of the Clean Water Act deal with controlling impacts to navigable \nwaters. Section 404 of the Clean Water Act controls the placement of dredge or fill materials into \nwetlands and other waters of the US. Section 10 of the Rivers and Harbors Act regulates impacts \nto navigable waters of the US. Section 401 of the Clean Water Act requires MDEQ to certify that \na project requiring a Section 10 or Section 404 permit will not violate the state water quality \nstandards.  \nSections 401 and 404 of the Clean Water Act require that impacts to qualifying \nwaterbodies be avoided or minimized. Where impacts are unavoidable, mitigation may be \nrequired. Qualifying waterbodies include wetlands and “other waters of the US.” The basic \ndefinition for other waters of the US, for the purpose of Section 404, is any waterbody that \ndisplays an ordinary high water mark (OHWM). This includes lakes and ponds that have a \nhydrologic connection to a qualifying waterbody; perennial and intermittent channels; and \nephemeral stream channels that exhibit an OHWM. The US Army Corps of Engineers (USACE) \nadministers the regulations associated with both of these sections. \n \n\n \n \n \nF-3 \nFigure F.1. Locations of facilitie\ns in Ross Barnett Reservoir wate\nrshed under fede\nral regulation. \n \n \n \n\nAppendix F  \nFederal and State Regulations Relevant to Restoration and Protection October 31, 2011 \n \n \n \nF-4 \nUSACE commonly issues two types of permits under Section 404: Individual Permits \nand Nationwide Permits (NWPs). Individual permits are required when 1) impacts to wetlands \nexceed 0.5 acre, and/or 2) impacts to a qualifying waterbody are greater than 300 linear feet. \nThe individual permit includes a period of public review, and processing generally takes \nbetween 60 and 120 days. The processing time can be greater if public hearings or environmental \nstatements are required, or if all required information on the permit application form is not \nprovided. NWPs are general permits typically used when minor impacts are necessary to \nwetlands (less than 0.5 acre) or a qualifying waterbody (any impacts less than 300 linear feet). \nProcessing time is generally less and no public review period is necessary. \nMitigation for both wetland losses or stream function and value losses may be required \nby USACE for a project authorized under either an individual or nationwide permit. The extent \nof the mitigation is dependent upon the size, quality, and functionality of the wetland or \nwaterbody to be impacted. \nThe Ross Barnett Reservoir is considered a navigable body of water by USACE and is \nsubject to regulations under Section 10 of the Rivers and Harbor Act of 1889 and Section 404 of \nthe Clean Water Act. Any work on, in, or over water or wetlands requires a Section 10 permit \nand any deposition of dredged or fill material into waters or wetlands of the US requires a \nSection 404 permit, both issued by USACE. \nA general permit for Section 10 activities associated with construction of L- and \nT-shaped piers, boathouses, and gazebos on the Reservoir has been issued by USACE. A copy of \nthis permit is on file in the PRVWSD office. Certain limitations intended to protect the \nenvironment and natural and cultural resources are placed on these activities. This permit does \nnot authorize any activities resulting in the discharge of dredged or fill material. Any work \nrequiring deposition of dredged or fill material in waters or wetlands of the US will require an \nindividual permit from USACE. \nPRVWSD maintains navigational channels throughout the Reservoir. The deposition of \nthe dredged material requires an individual permit from USACE. The deposition site chosen for \nthe dredged material will be located in the least environmentally damaging location. \n \n\nAppendix F  \nFederal and State Regulations Relevant to Restoration and Protection October 31, 2011 \n \n \n \nF-5 \n2.2 Clean Water Act Section 319 \nSection 319 of the Clean Water Act provides funding for projects that reduce nonpoint \nsource water pollution. EPA provides grants to states to use for implementing nonpoint source \npollution control programs. MDEQ receives Section 319 grant monies, some of which is \ndistributed to nonpoint source pollution control projects implemented by other agencies or \ninterest groups. A 40% non-federal match is required when using Section 319 grant money. \nNonpoint source pollution control projects in the Ross Barnett Reservoir watershed that have \nbeen funded using Section 319 grant money are described in Appendix M of the Comprehensive \nProtection and Restoration Plan. \n \n2.3 Federal Food Security Act (Farm Bill) \nUnder the Federal Food Security Act (Farm Bill), initially passed in 1985, all US farm \noperators are required to meet soil erosion control standards specified in the law. Compliance \nwith these standards is a prerequisite for participation in most federal farm programs. Subsequent \namendments to the Farm Bill have added programs that provide incentives to farm operators for \nenhancing water quality through such actions as taking highly erodible lands out of production, \nand restoring wetlands. The US Department of Agriculture (USDA) administers the Farm Bill. \nMany of the incentive programs are administered through the USDA National Resources \nConservation Service, e.g., Conservation Reserve Program (CRP and CREP), Environmental \nQuality Incentives Program (EQIP), and Wetlands Reserve Program (WRP). \n \n2.4 National Flood Insurance Program \nThe National Flood Insurance Program (NFIP) is a non-regulatory federal program \nadministered by the Federal Emergency Management Agency (FEMA). However, this program \nprovides mechanisms that can be used to restrict development in floodplains, which can have \nbeneficial effects on water quality. The NFIP supports development and enforcement of \nfloodplain management plans and ordinances. Covered communities in the watershed are Attala \nCounty, the city of Kosciusko, the town of Ackerman, Leake County, the city of Carthage, \nNeshoba County, the city of Philadelphia, Newton County, the town of Lake, Scott County, the \ncity of Forest, the city of Morton, the town of Sebastopol, Winston County, and the city of \n\nAppendix F  \nFederal and State Regulations Relevant to Restoration and Protection October 31, 2011 \n \n \n \nF-6 \nLouisville. Although participation in the NFIP is not required, if a community agrees to \nparticipate, they are required to adopt and enforce floodplain management regulations \n(floodplain ordinances) with minimum standards as required by federal regulations. \n \n2.5 Hazardous Waste Regulations \nFacilities that generate, store, or transport wastes containing materials identified by EPA \nas a hazardous waste (40 CFR Part 261) are regulated under the Resource Conservation and \nRecovery Act of 1976 (RCRA). The purpose of RCRA is to track hazardous wastes, ensuring \nthat they are disposed of properly. There are a number of facilities subject to RCRA located in \nthe Ross Barnett Reservoir watershed (Figure F.1). \n \n2.6      Superfund      \nThe Comprehensive Environmental Response, Compensation, and Liability Act \n(CERCLA) and the Superfund Amendments and Reauthorization Act (SARA) provide funding \nfor cleanup of abandoned sites where hazardous waste is located. Superfund was established by \nCERCLA and allows EPA to clean up such sites and to compel responsible parties to perform \ncleanups or reimburse EPA for cleanups. Contaminated sites are listed on the National Priorities \nList (NPL) upon completion of Hazard Ranking System (HRS) screening, public solicitation of \ncomments about the proposed site, and response to all comments. The CERCLA regulations \nrequire reporting of releases of toxic substances that could pose a health threat. There are a \nnumber of sites in the Ross Barnett watershed where releases and cleanups have occurred. \nLocations of these sites are indicated on Figure F.1. \n \n2.7 Toxics Release Inventory \nThe Toxics Release Inventory (TRI) is authorized by the Emergency Planning and \nCommunity Right-to-Know Act (EPCRA) and the Pollution Prevention Act (PPA). EPCRA \nSection 313 requires EPA and states to collect data annually on releases and transfers of certain \ntoxic chemicals from industrial facilities and make the data available to the public via the TRI. \nThe goal of TRI is to provide communities with information about toxic chemical releases and \n\nAppendix F  \nFederal and State Regulations Relevant to Restoration and Protection October 31, 2011 \n \n \n \nF-7 \nwaste management activities and to support informed decision-making. There are a number of \nsites in the Ross Barnett watershed included in the Toxics Release Inventory (Figure F.1). \n\nAppendix F  \nFederal and State Regulations Relevant to Restoration and Protection October 31, 2011 \n \n \n \nF-8 \n3.0 FEDERAL REGULATIONS ADMINISTERED BY STATE AGENCIES \n \nFor some federal regulations that apply to the Reservoir and its watershed, authority for \nimplementation of the regulatory programs has been delegated to state agencies. \n \n3.1 National Pollutant Discharge Elimination System Program \n3.1.1   Wastewater   Discharged   Directly to Surface Water \nThe Clean Water Act requires the control of wastewater discharges to surface waters \nunder the National Pollutant Discharge Elimination "
}