{
  "slug": "red-bud-catalpa-creek-watershed-plan-2016",
  "source": "Red_Bud_Catalpa_Creek_Watershed_Plan_2016.pdf",
  "length": 299315,
  "part": 16,
  "text": " \nMSU \n \nUSGS \n \n \nUSDA/ARS/NSL \n \n \nUSDA/NRCS \nMAFES, REACH \n \nCooperative Monitoring \nProgram \n \nWater Quality \nMonitoring Program \n \nWater Quality \nMonitoring Program \nD. Modeling Needs \nActivity Resource Agency/Organization Resource Program(s) \nIntegrated watershed and channel \nmodeling of Catalpa Creek and \ntributaries \nMSU CEE \n \nMSU/WRRI \nMAFES SRI \n \n104b Program \nForecasting the effectiveness of BMPs MSUCEE \n \nMSU/WRRI \nMAFES SRI \n \n104b Program \nE. Current Other Needs \nActivity Resource Agency/Organization Resource Program(s) \nProject Facilitation and Management MDEQ 319 NPS Program \n \nSolicitation and Procurement of Resources.  Members of the Funding and Incentives \nTeam will work with other functional team members and MSU faculty and administration \nto develop proposals, contracts and other instruments to address the resource needs of \nthis project. This will be an ongoing process.  \nCreation of Incentives for Local Involvement and Support.  Previously described in the \nSection 14 of this plan is an approach to identify local watershed “champions” and local \nbusinesses through implementation of a social science survey designed for multiple \napplications. Some of the key components/issues regarding sustainability at the local \nwatershed level could be addressed through responses to the following survey questions. \n\n \n \nWRMP for Red Bud – Catalpa Creek Watershed_Final   127 \n \n Who are the potential local champions? Who are the influencers? \n Who can provide local support? What type of support? What businesses and local \norganizations could benefit from providing support? What types of benefits?  \n Who is already engaged in supporting environmental protection activities? What \ntype of support are they providing? \n What incentives exist for local stakeholder and business support? What incentives \ncould be developed to foster local stakeholder and business support for a \nwatershed-based project?  \n How can you keep local champions and business support “fresh” and engaged?  \nThese and other questions will require analysis as well as development of an incentives \npackage and a recruitment strategy. This will be developed by the Funding and Incentives \nTeam and presented to the Steering Team.  \nRecruitment of the Local Business Community and Local Government.  Where positive \nsurvey responses are received, follow-up interviews could be arranged and conducted to \ndiscuss incentives (e.g., recognition, designations, awards, et al) and solicit support from \nthe local business community. Mining of available information sources that can yield \nbeneficial information (e.g., MDEQ’s enHance Program, Chamber of Commerce, et al) will \nalso be pursued to identify potential local support.  \nA concerted effort will also be made to involve local county and municipal government \nsupport. MSU has excellent relations with these local entities. In fact, several current or \nformer City of Starkville Alderman are already working on this project.   \n16.3 RESOURCE LEVERAGING  \n \nAs a matter of practice, we will pursue as many avenues as possible to leverage all \nresources. There are numerous resources that may be available to support this project. \nThis includes substantial MSU activities, programs, and assets as well as external \neducational programs, media, monitoring programs, and BMP cost-share programs from \nother sources.  \nMSU Activities, Programs, and Assets to Be Leveraged.  Table 16.3.1 lists some of the \nMSU activities, programs, assets, and services that will be leveraged with the Catalpa \nCreek Watershed Restoration and Protection Project and the Watershed D.R.E.A.M.S. \nCenter. Near-term plans are to estimate and track the costs of these activities and \nservices. \n  \n\n \n \nWRMP for Red Bud – Catalpa Creek Watershed_Final   128 \n \nTable 16.3.1. MSU Activities, Programs, Assets, and Services to Be Leveraged. \nA. Headwaters -Water Quality and Habitat/Ecosystem Restoration \nResource Concern Program/Operation/Asset Services \nWater Quality – Sedimentation  MWRRI, LALC, REACH, CEE, GRI, MAFES, \net al \nDevelopment of Water \nResources Management \nPlan \nMWRRI, LALC, REACH, CEE, GRI, MAFES Planning for BMP \nimplementation \nMAFES South Farm Operations Equipment and Staff for \nBMP installation \nREACH, LALC, CEE Monitoring and \nassessment \nUrban Storm Water MSU Operations (Master Plan) Urban storm water \nmanagement \nMSU (Master Plan) Design and \nimplementation of storm \nwater management \nframework – LID solutions \nin future campus planning \nand development; on-site \nstorm water treatment \n(where feasible) on all \nnewly constructed campus \nbuildings and landscape \nprojects; 100-foot buffers \non all campus streams; \nprotect and re-vegetate \nlandscape areas around \nexisting creeks and \ndrainage ways; direct \nstorm water flow from \nexisting creek beds to \nwater receiving landscapes \nthat are designed to allow \nfor infiltration and slow \ndischarge; enhance \nlandscapes around existing \non-site water resources \nwith vegetated filters and \nwater absorbent plantings \nat storm water discharge \npoints; construction of \nstorm water retention \nbasins south of Blackjack \nRoad and west of Eckie’s \nPond; and other storm \nwater mitigation activities   \n   \n   \n   \n   \n\n \n \nWRMP for Red Bud – Catalpa Creek Watershed_Final   129 \n \nContinued from previous: Table 16.3.1. MSU Activities, Programs, Assets, and Services to Be Leveraged. \n \n        Broad Watershed - Water Quality and Habitat/Ecosystem Restoration \nResource Concern Program/Operation/Asset Services \nWater Quality – Sedimentation; \nGrazing Lands; Sustainable \nForestry; Declining Wildlife \nHabitats \nMWRRI, LALC, REACH, CEE, GRI, MAFES  Planning for BMP \nimplementation \nB. Education, Experiential Learning, and Outreach  \nActivity Program/Operation/Asset Services \nStakeholder surveys SSRC, WFA, WRRI Surveys of stakeholder \nbehaviors, perceptions, \nand beliefs; identification \nof watershed \nstakeholders; \ndevelopment of \nincentives; and \nrecruitment of business \nsupport \nEducational signage for campus \nlocations \nAg Communications Designing, preparing, and \ninstalling signage at \ndesignated sites \nEducational curricular materials \n& outreach \nWFA, REACH, Ag Communications, \nExtension \nDesigning, printing, and \ndistributing educational \ncurricular materials; \noutreach \nWorkshops (4-6) Extension, REACH, WRRI Planning and facilitating \nworkshops \nCommunity engagement events WFA, OPA, WRRI, Ag Communications, \nExtension \nPlanning and facilitating \ncommunity engagement \nevents \nWetlands Education Project WET Wetland types and \nfunctions demonstrations \nUrban Storm Water \nDemonstrations \nUnion Green Design Urban storm water BMPs \nMaster Planning Committee Master Plan urban storm \nwater demonstrations \nBMP Demonstrations on \nAgricultural Lands \nH.H. Leveck Animal Research Center Demonstrations of Catalpa \nCreek restoration BMPs \nNRCS Grazing Lands \nDemonstration Initiative \nSustainability  Office of Sustainability Sustainability project \ndemonstrations \n   \n   \n\n \n \nWRMP for Red Bud – Catalpa Creek Watershed_Final   130 \n \nContinued from previous: Table 16.3.1. MSU Activities, Programs, Assets, and Services to Be Leveraged. \n \nC. Monitoring and Assessment  \nType Program/Operation/Asset Services \nWater Quality – Headwaters  MAFES SRI (Special Research Initiative)  Development of geospatial \ndataset covering the \nwatershed; collection of \ndata at the catchment \nlevel for physical \nparameters; monitoring \nand assessment of surface \nwater runoff quality and \nquantity \nWater Quality – Broad \nWatershed  \nTBD Monitoring and \nassessment \nHabitat – Endangered Species WFA Endangered species data \ncollection and assessment \nHabitat – Avian Indicators WFA Indicator species data \ncollection and assessment \nHabitat – Reptilian Indicators WFA Indicator species data \ncollection and assessment \nHabitat – Amphibian Indicators WFA Indicator species data \ncollection and assessment \nHabitat – Pond Turtle \nLandscape and Trophic \nIndicators \nWFA Indicator species data \ncollection and assessment \nHabitat – Insect Indicators WFA Indicator species data \ncollection and assessment \nHabitat – Invasive Species WFA Invasive species data \ncollection and assessment \nHabitat – Turf Health LALC Turf data collection and \nassessment \nSocial Science – Social \nIndicators  \nSSRC Development, evaluation, \nand tracking of social \nindicators \nD. Modeling  \nActivity Program/Operation/Asset Services \nHydrologic Modeling  CEE Model development \nForecasting the Effectiveness of \nBMPs \nCEE Model development \nE. Other \nActivity Program/Operation/Asset Services \nProject Facilitation and \nManagement \nWRRI, MAFES Provide overall project \nfacilitation and \nmanagement \n  \n\n \n \nWRMP for Red Bud – Catalpa Creek Watershed_Final   131 \n \n17 PLAN REVISION \nDevelopment and implementation of this water resources management plan is based upon an \nadaptive management process. Many factors are at play: resource availability’s impact on \nproject scale, knowledge gained as the plan is implemented, recognition of new needs and \nopportunities as the plan unfolds, and monitoring results filling gaps. Because of this, it is likely \nthat this plan will be revised and updated periodically. In fact, it is anticipated that the first plan \nrevision could occur sooner rather than later as more details are developed and resources \nbecome available for the establishment of the Watershed D.R.E.A.M.S. Center. For the first five \nyears this plan will be reviewed and revised, if necessary, annually. \n \n18 REFERENCES \nAresco, M. J. and F. C. James, 2005: Ecological relationships and abundance of turtles in north \nFlorida lakes: A study of omnivory and an analysis of the trophic structure of a whole \nlake food web. Florida Fish and Wildlife Conservation Commission. Contract NG01-011.  \nBarone, J. A., 2005: Historical presence and distribution of prairies in the Black Belt of \nMississippi and Alabama. Castanea, 70, 170-183. \nBarone, J. A. and J. G. Hill, 2007: Herbaceous flora of blackland prairie remnants in Mississippi \nand Western Alabama. Castanea, 72, 226-234. \nBoswell, E. H., 1963: Cretaceous Aquifers of Northeastern Mississippi. Mississippi Board of \nWater Commissioners. Bulletin 63-10.  \nBoswell, E. H., 1978: The Tuscaloosa Aquifer System in Mississippi. U.S. Geological Survey. \nWater-Resources Investigations 78-98.  \nBouchard, S. S. and K. A. Bjorndal, 2006: Non-additive Interactions between animal and plant \ndiet items in an omnivorous freshwater turtle Trachemys scripta. Comparative \nBiochemistry and Physiology, 144, 77-85. \nBowman, D. C., C. T. Cherney and T. W. Rufty, 2002: Fate and transport of nitrogen applied to \nsix warm-season turfgrasses. Turf Science, 42, 833-841. \nBrandon, H., 2011: And then there was one: John McReynolds, dairyman. Delta Farm Press. \nBuijse, T., 2014: Inventory of river restoration measures: effects, costs and benefits. REFORM \n(Restoring rivers for effective catchment management) \nhttp://www.reformrivers.eu/inventory-river-restoration-measures-effects-costs-and-\nbenefits, Last accessed: August 11, 2015. \nChapman, S. S., G. E. Griffith, J. M. Omernik, J. A. Comstock, M. C. Beiser and D. Johnson, 2004: \nEcoregions of Mississippi. In: U. S. G. Survey (ed.). U.S. Geological Survey, Reston, VA. \nClark, D. B. and J. W. Gibbons, 1969: Dietary and habitat shift with size of red-eared turtles \n(Pseudemys scripta) in a southern Louisiana population. Herpetolgica, 39, 285-290. \nCongdon, J. L., L. Greene and J. W. Gibbons, 1986: Biomass of freshwater turtles: a geographic \ncomparison. American Midland Naturalist, 115, 165-173. \n\n \n \nWRMP for Red Bud – Catalpa Creek Watershed_Final   132 \n \nDahl, T. E., 1990: Wetlands losses in the United States, 1780's to 1980's. National Wetlands \nInventory. No. PB-91-169284/XAB.  \nDlugolecki, L., 2012: Economic benefits of protecting healthy watersheds: A literature review. \nUS Environmental Protection Agency. \nDyer, J., 2009: Evaluation of surface and radar-estimated precipitation data sources over the \nLower Mississippi River Alluvial Plain. Physical Geography, 30, 430-452. \nEDDMapS, ND: The Early Detection and Distribution Mapping System. The University of Georgia \n- Center for Invasive Species and Ecosystem Health. https://www.eddmaps.org/, Last \naccessed: September 23, 2015. \nEPA, 2008: Handbook for Developing Watershed Plans to Restore and Protect Our Waters. US \nEnvironmental Protection Agency. EPA 841-B-08-002. \nhttp://water.epa.gov/polwaste/nps/upload/2008_04_18_NPS_watershed_handbook_h\nandbook-2.pdf, Last accessed: September 22, 2015. \nFischenich, J. C., 2006: Functional Objectives for Stream Restoration. USACE Engineering \nResearch and Development Center. ERDC TN-EMRRP SR-52. \nhttp://oai.dtic.mil/oai/oai?verb=getRecord&metadataPrefix=html&identifier=ADA4567\n84, Last accessed: September 23, 2015. \nGenskow, K. and L. Prokopy, 2011: The Social Indicator Planning and Evaluation System (SIPES) \nfor Nonpoint Source Management: A Handbook for Watershed Projects. Great Lakes \nRegional Water Program. \nHarman, W., R. Starr, M. Carter, K. Tweedy, M. Clemmons, K. Suggs and C. Miller, 2012: A \nFunction-Based Framework for Stream Assessment and Restoration Projects. US \nEnvironmental Protection Agency. EPA 843-K-12-006. \nhttp://water.epa.gov/lawsregs/guidance/wetlands/upload/A_Function-\nBased_Framework-2.pdf, Last accessed: September 23, 2015. \nHart, D. R., 1983: Dietary and habitat shift with size of red-eared turtles (Pseudemys scripta) in \na southern Louisiana population. Herpetolgica, 39, 285-290. \nIverson, J. B., 1982: Biomass in turtle populations: a neglected subject. Oecologia, 55, 69-76. \nKarr, J. R., 1981: Assessment of biotic integrity using fish communities. Fisheries, 6, 21-27. \nKunkel, K. E., L. E. Stevens, S. E. Stevens, L. Sun, E. Janssen, D. Weubbles, C. E. Konrad, C. M. \nFuhrmann, B. D. Keim, M. C. Kruk, A. Billot, H. Needham, M. Shafer and J. G. Dobson, \n2013: Regional Climate Trends and Scenarios for the U.S. National Climate Assessment. \nPart 2: Climate of the Southeast United States. NOAA. Technical Report NESDIS 142-2.  \nLeidolf, A. and S. McDaniel, 1998: Floristic Study of Black Prairie Plant Communities at Sixteen \nSection Prairie, Oktibbeha County, Mississippi. Castanea, 63, 51-62. \nLeidolf, A., S. McDaniel and T. Nuttle, 2002: The flora of Oktibbeha County. SIDA, 20, 691-765. \nLindsay, M. K., 2011: Effects of a freshwater turtle (Trachemys scripta elegans) on ecosystem \nfunctioning in experimental ponds. Texas State University - San Marcos, M.S. \nDissertation. \nLowe, E. N., 1921: Plants of Mississippi: a list of flowering plants and ferns. MS State Geological \nSurvey. Bulletin 17.  \nMcCook, L. M. and J. Kartesz, 2000: A preliminary checklist of the plants of Mississippi. Thomas \nM. Pullen Herbarium. http://herbarium.olemiss.edu/checklist.html, Last accessed: \nSeptember 23, 2015. \n\n \n \nWRMP for Red Bud – Catalpa Creek Watershed_Final   133 \n \nMDEQ, 2003: Development and Application of the Mississippi Benthic Index of Stream Quality \n(M-BISQ). Tetra Tech, Inc. \nhttp://www.deq.state.ms.us/mdeq.nsf/pdf/WMB_fullM_BISQReport/$File/303dIBI_FIN\nAL_Report_070903_Report_and_Append.PDF?OpenElement, Last accessed: September \n22, 2015. \nMDEQ, 2006: Total Maximum Daily Load Tombigbee River Basin Designated Streams in HUC \n03160104 (Tibbee Creek) for Impairment Due to Sediment. MS Department of \nEnvironmental Quality.  \nMDEQ, 2007a: Fecal Coliform TMDL for Tibbee Creek. MS Department of Environmental \nQuality.  \nMDEQ, 2007b: Total Maximum Daily Load Nutrients for Tibbee and Chuquatonchee Creeks. MS \nDepartment of Environmental Quality.  \nMDEQ, 2011: Mississippi Upland Nutrient Reduction Strategic Plan. FTN Associates, Ltd. FTN No. \n3120-720. \nhttp://www.deq.state.ms.us/MDEQ.nsf/pdf/WMB_MSUplandNutrientReductionStrategi\nes03302011/$File/Mississippi_Upland_Nutrient_Reduction_Strategies_03_30_2011.pdf\n?OpenElement, Last accessed: September 22, 2015. \nMDEQ, 2012: State of Mississippi Water Quality Criteria for Intrastate, Interstate, and Coastal \nWaters (WPC-2). MDEQ Office of Pollution Control. \nhttp://www.deq.state.ms.us/mdeq.nsf/0/15BBA9C950AE40C186257A38006EBA2C/$file\n/WQ_Standards_Blackline_Adopted+by+Commission_June_28_2012.pdf?OpenElement, \nLast accessed: September 22, 2015. \nMorton, T. G., A. J. Gold and W. M. Sullivan, 1988: Influence of over-watering and fertilization \non nitrogen losses from home lawns. Journal of Environmental Quality, 17, 124-129. \nMSU, 2010: Mississippi State University 2010 Master Plan. LPK architects. \nhttp://www.planning.msstate.edu/plan/MississippiState_2010MasterPlan.pdf, Last \naccessed: September, 22, 2015. \nNatureServe, 2015: NatureServe Explorer: An online encyclopedia of life. NatureServe. \nhttp://explorer.natureserve.org, Last accessed: August 12, 2015. \nNelson, G. L. and B. M. Graves, 2004: Anuran population monitoring: Comparison of the North \nAmerican Amphibian Monitoring Program’s calling index with mark-recapture estimates \nfor Rana clamitans. Journal of Herpetology, 38, 355-359. \nParmenter, R. R., 1980: Effects of food availability and water temperature on the feeding \necology of pond sliders (Chrysems s. scripta). Copeia, 1980, 503-514. \nPhilips, G., 2007: State dairy numbers continue to decline. Mississippi Farm Country 83, 12. \nPolis, G. A., W. B. Anderson and R. D. Holt, 1997: Toward an integration of landscape and food \nweb ecology: the dynamics of spatially subsidized food webs. Annual Review of Ecology \nand Systematics, 28, 289-316. \nRamirez-Avila, J. J., 2011: Assessment and prediction of streambank erosion rates in a \nSotheastern Plains Ecoregion watershed in Mississippi. Mississippi State University, Civil \nand Environmental Engineering, Ph.D. Dissertation. \nRamirez-Avila, J. J., E. J. Langendoen, W. H. McAnally, J. L. Martin and S. L. Ortega-Achury, \nQuantifying and Modeling Sediment Loads from Streambank Erosion along the \n\n \n \nWRMP for Red Bud – Catalpa Creek Watershed_Final   134 \n \nHeadwater"
}