{
  "slug": "ross-barnett-reservoir-watershed-plan-2011",
  "source": "Ross_Barnett_Reservoir_Watershed_Plan_2011.pdf",
  "length": 1021493,
  "part": 18,
  "text": "rn reservoir fish population \nfound in the Ross Barnett Reservoir include sport fishes such as crappies, sunfishes, black \nbasses, catfishes, striped bass and hybrid striped bass. Clupeids (shad) are the dominant fish \nspecies present. Crappie and black bass anglers are the first and second most numerous angling \ngroups, respectively. In February 2009, the 15-inch minimum size limit on black bass was \nreduced to a 12-inch minimum length limit. The daily creel limit remained at seven fish. \nStatewide creel limits apply to other game fish. Commercial fishing is closed, but sport anglers \ntarget catfish with trotlines, jugs and handgrabbing (Bull 2009). \n \nSocioeconomics \nJackson MSA \nThe Ross Barnett Reservoir, and portions of its watershed, are located within the Jackson \nMetropolitan Statistical Area (MSA), which encompasses Madison, Rankin, Copiah, Hinds, and \nSimpson counties\n13\n. The MSA population in 2000 was 497,197. The July 1, 2008, population \nestimate for this MSA was 537,285 – an increase of 8%. Approximately two thirds of this \nincrease was due to local births, and one third was the result of in-migration\n14\n. In 2000, the racial \nmakeup of the MSA was primarily white (53.0%) and black (45.3%). The 3-year community \nsurvey for 2006 through 2008 indicated that the majority of the population was white (50.1%) or \nblack (46.5%), and that approximately 18% of the population was living on income below the \npoverty level\n15\n. \n \nCounty Population Estimates \nThe area around Ross Barnett Reservoir is relatively heavily populated (Table B.6). The \npopulation estimate from the 2009 census for Madison County is 130 people per square mile. For \nRankin County, the 2009 population estimate is 185 people per square mile. The average \n                                                \n \n13\n http://factfinder.census.gov/, accessed September 2010 \n14\n http://www.census.gov/popest/metro/CBSA-est2008-comp-chg.html, accessed January 2010 \n15\n http://factfinder.census.gov/servlet/DTGeoSearchByListServlet?_lang=en&_ts=282044753363, accessed \nJanuary 2010 \n\nAppendix B  \nRoss Barnett Reservoir Watershed Characteristics October 31, 2011 \n \n \n \nB-26 \nestimate for the state of Mississippi is 63 people per square mile. According to the US Census \nBureau, the populations in Madison and Rankin counties have increased 24% since 2000\n16\n.  \nThe area upstream of the Reservoir is less densely populated (Table B.6). Figure B.15 \nshows the population data for 2000. Population data from 2009 were compared to 2000 data to \nreview recent changes. The 2009 population estimates for the upstream counties range from \n13 to 53 people per square mile. Five of the upstream counties (Scott, Leake, Newton, Neshoba, \nand Attala) experienced an increase in population since the 2000 Census (0.5% to 10.4%)\n17\n. \n \nTable B.6. Population estimates for counties in the Ross Barnett Reservoir watershed. \n \nCounty \n2009 Estimated Population \nPer Square Mile \n2009 Total Estimated \nPopulation \nPercent Change \nFrom 2000 \nPercent < 65 \nFrom 2009 \nRankin                           185                           143,124                           24.1%                           89%                           \nMadison                         130                         93,097                         24.7%                         89%                         \nScott                                 48                                 29,341                                 3.2%                                 88%                                 \nLeake                               40                               23,132                               10.4%                               87%                               \nNewton                            39                            22,568                            3.3%                            84%                            \nNeshoba                           53                           30,302                           5.7%                           87%                           \nWinston                           32                           19,309                           -4.2%                           87%                           \nAttala                               27                               19,755                               0.5%                               83%                               \nKemper                            13                            9,090                            -6.8%                            83%                            \n \nRegional Economic Base \nEconomics from Community Survey Fact Sheets from 2006 through 2008 provided by \nthe Census Bureau are listed in Table B.7. \n \n                                                \n \n16\n http://factfinder.census.gov/, accessed September 2010 \n17\n Ibid. \n\n \n \n \nB-27 \nFigure B.15. Population data for counties in\n the Ross Barnett Reservoir watershed. \n \n \n \n\nAppendix B  \nRoss Barnett Reservoir Watershed Characteristics October 31, 2011 \n \n \n \nB-28 \nTable B.7. Economic information from 2006 through 2008 Community Survey Fact Sheets\n18\n. \n \nCounty \nEstimated \nPer-Capita \nIncome \nPercent \nIndividuals \nBelow \nPoverty, \n2006-2008 \nMajor Employment \nIndustries \n(> 10%)\nPercent \nUnemployment\nHouseholds \nWith \nAssistance \nHouseholds \nWith Social \nSecurity or \nRetirement \nIncome\nRankin $26,480 10% \nEducation/health, \nRetail\n4%\n 9% 42% \nMadison $32,437 13% \nEducation/health, \nProf/admin, Retail, \nFinance/real estate\n6%\n 16% 47% \nScott $15,549 23% \nManufacturing, \nEducation/health, \nConstruction\n6%\n 23% 52% \nLeake $16,183 20% \nManufacturing, \nEducation/health, \nForestry/Ag, Retail\n6%\n 17% 49% \nNeshoba $16,961 17% \nEducation/health, \nEntertainment/ \nrecreation, Retail\n8%\n 26% 45% \nWinston NA NA NANANA NA\nAttala NA NA NANANA NA\nKemper NA NA NANANA NA\nChoctaw NA NA NANANA NA\nNA=not available \n \nSection 303(d) Listings and Total Maximum Daily Loads \nTable B.8 lists monitored waterbodies in the Ross Barnett watershed included on the draft \n2010 303(d) List of Impaired Water Bodies\n19\n. The 2010 list includes only monitored \nwaterbodies. The 2010 list is currently in draft format; however, final approval by the \nMississippi Commission on Environmental Quality is anticipated. Table B.9 lists the TMDLs \ncompleted by MDEQ\n20\n and summarizes recommended pollutant reductions identified in the \nTMDLs. \n \n                                                \n \n18\n http://factfinder.census.gov, accessed January 2010 \n19\n http://www.deq.state.ms.us/MDEQ.nsf/page/TWB_Total_Maximum_Daily_Load_Section?OpenDocument \n20\n Ibid. \n\nAppendix B  \nRoss Barnett Reservoir Watershed Characteristics October 31, 2011 \n \n \n \nB-29 \nTable B.8. Waterbodies in the watershed included on the 2010 303(d) list. \n \nStream Waterbody IDImpaired UsesPollutant\nOwl Creek 501111Fish and WildlifeBiological impairment\nSugar Bogue 507612Fish and WildlifeBiological impairment\nTown Creek 503211Fish and WildlifeBiological impairment\nUnnamed tributary to Tallahaga Creek 500712Fish and WildlifeBiological impairment\n \n \nTable B.9. Completed TMDLs and recommended pollutant reductions for the watershed. \n \nWaterbody and \nID Pollutant \nNonpoint Source \nReduction\nPoint Source \nReductionApproval Date\nBogue Chitto \nCreek\n \nMS121BE \nNutrients, organic \nenrichment/ \nlow DO\n \nTP – 60% NA December 18, 2008\nSediment Stable sediment yieldNAMarch 25, 2009\nLegacy pesticides NANAJanuary 4, 2007\nCane Creek \nMS151E1 \nSediment Stable sediment yield NA March 25, 2009 \nCoffee Bogue \nCreek\n \nMS149E \nPathogens \nSummer – 44%\nWinter – 23%\nNA\n December 18, 2008\nNutrients, organic \nenrichment/ \nlow DO\n \nTP – 60% NA March 25, 2009 \nSediment Stable sediment yieldNAMarch 25, 2009\nConehatta Creek \nMS137CE \nSediment Stable sediment yieldNAMarch 25, 2009\nPCBs NANAJanuary 13, 2004\nEutacutachee \nCreek\n \nMS152E \nSediment Stable sediment yieldNAMarch 25, 2009\nNutrients, organic \nenrichment/ \nlow DO\n \nTP – 60% NA June 2009 \nFannegusha \nCreek \n \nMS151FE \nSediment Stable sediment yieldNAJune 28, 2004\nPathogens \nSummer – 73%\nWinter – 44%\nMarch 2009\n \nHughes Creek \nMS122E1 \nSediment Stable sediment yieldNAMarch 2009\nNutrients, \nammonia \ntoxicity, organic \nenrichment/ \nlow DO\n \nTP – 48% \nTN – 42% \nTP-48% \nJune 2009 \nHurricane Creek \nMS151FM1 \nSediment Stable sediment yield NA June 28, 2004 \n\nAppendix B  \nRoss Barnett Reservoir Watershed Characteristics October 31, 2011 \n \nTable B.9. Completed TMDLs and recommended pollutant reductions (continued). \n \n \n \nB-30 \nWaterbody and \nID Pollutant \nNonpoint Source \nReduction\nPoint Source \nReductionApproval Date\nLobutcha Creek \n(Upper and \nlower)\n \nMS132E \nPathogens \nSeptic tanks – 80% \nCattle – 95% \nNA December 15, 1999\nLobutcha Creek \nMS132E \nSediment Stable sediment yield NA March 25, 2009 \nNanih Waiya \nCreek\n \nMS120E \nOrganic \nenrichment / low \nDO and nutrients\n \nTP – 63% \nTN – 0\nTP – 0\n \nTBODu – 0\nDecember 18, 2008\nLegacy Pesticides NANADecember 18, 2008\nPathogens \nSeptic tanks – 80%\nCattle – 95%\nNA\n December 15, 1999\nSediment Stable sediment yieldNAMarch 25, 2009\nNoxapater Creek \nMS123NE \nOrganic \nenrichment / low \nDO and nutrients\n \nTP – 59% \nTN – 0\nTP – 0\n \nTBODu – 0\nDecember 18, 2008\nLegacy Pesticides NANAJanuary 4, 2007\nSediment Stable sediment yieldNAMarch 25, 2009\nPearl River (Pearl \nRiver Basin)\n \nMSUMPRLR2E \nMSUPRLRE \nNutrients TP – 56% \nTN – 0\nTP – 56%\n \nTBODu – 0\nJune 29, 2009\n \nPathogens \nSeptic tanks – 80%\nCattle – 95%\nNA\n December 15, 1999\nSediment Stable sediment yieldNAMarch 25, 2009\nPearl River \n(Leake and \nNeshoba)\n \nMSLMPRLRE \nLegacy Pesticides NA NA January 4, 2007 \nPearl River \n(Leake, Madison, \nRankin, and Scott \ncounties)\n \nMSUMPRLR2E \nLegacy Pesticides NA NA January 4, 2007 \nPearl River  \nMSUMPRLR2M \nMercury NA \nNone, but \nmonitoring from \nsome point \nsources is \nrecommended.\n \nJanuary 12, 2004 \n\nAppendix B  \nRoss Barnett Reservoir Watershed Characteristics October 31, 2011 \n \nTable B.9. Completed TMDLs and recommended pollutant reductions (continued). \n \n \n \nB-31 \nWaterbody and \nID Pollutant \nNonpoint Source \nReduction\nPoint Source \nReductionApproval Date\nPelahatchie \nCreek\n \nMS153PE \nPathogens \nSummer – 30%\nWinter – 27%\nMarch 2009\n \nLegacy Pesticides NANAJanuary 4, 2007\nSediment Stable sediment yieldNAMarch 25, 2009\nNutrients TP – 60%NoneJune 2009\nPinishook Creek \nMS125PE \nPathogens \nSeptic tanks – 80%\nCattle – 95%\nNA\n December 15, 1999\nSediment Stable sediment yieldNAMarch 25, 2009\nRed Cane Creek \nMS151FM2 \nSediment Stable sediment yield NA June 28, 2004 \nShockaloo Creek \nMS143E \nOrganic \nenrichment / low \nDO and nutrients\n \nTN – 63% \nTP – 80% \nTBODu – 29% \nTN – 0\nTP – 0\n \nTBODu –  \n22% to 89%\nJune 29, 2009\n \nPathogens \nSummer – 14%\nWinter – 38%\nDecember 18, 2008\nSediment Stable sediment yieldNAMarch 25, 2009\nStanding Pine \nCreek\n \nPathogens \nSeptic tanks – 80%\nCattle – 95%\n87%\n December 15, 1999\nTallabogue Creek \nMS142E1 \nOrganic \nenrichment / low \nDO and nutrients\n \nTN – 63% \nTP – 80% \nTBODu – 29% \nTN – 0\nTP – 0\n \nTBODu –  \n22% to 89%\nJune 29, 2009\n \nSediment Stable sediment yieldNAMarch 25, 2009\nTallahaga Creek \nMS122E \nSediment Stable sediment yieldNAMarch 25, 2009\nPathogens \nSeptic tanks – 80%\nCattle – 95%\n92%\n December 15, 1999\nTibby Creek \nMS146TE \nPathogens \nSummer – 61%\nWinter – 94%\nDecember 18, 2008\nTuscolameta \nCreek\n \nMS144E \nOrganic \nenrichment / low \nDO and nutrients\n \nTN – 63% \nTP – 80% \nTBODu – 29% \nTN – 0\nTP – 0\n \nTBODu –  \n22% to 89%\nJune 29, 2009\n \nSediment Stable sediment yieldNAMarch 25, 2009\nYockanookany \nRiver\n \nMS146YE and \nMS147M1\n \nMercury NA \nMonitoring \nrecommended\n \nJanuary 12, 2004 \nPCBs NA NA January 13, 2004 \nTN = total nitrogen, TP = total phosphorous, NA = not applicable \n \n\nAppendix B  \nRoss Barnett Reservoir Watershed Characteristics October 31, 2011 \n \n \n \nB-32 \nFish Consumption Advisories \nFish consumption advisories are active for Yockanookany River, Pearl River upstream of \nHighway 25, and Little Conehoma Creek, located in Attala and Leake counties. Contaminants of \nconcern for the advisories are polychlorinated biphenyls (PCBs) and mercury. Mercury is the \ncontaminant of concern for Yockanookany River, and Pearl River upstream of Highway 25 \n(MDEQ 2004a). PCBs are the contaminants of concern for Little Conehoma Creek and \nYockanookany River from US Highway 35 to the Pearl River (Figure B.16). \nThe PCBs in fish in Little Conehoma Creek and the Yockanookany River came from a \nTexas Eastern Pipeline Compressor Station located near Kosciusko. During the time that PCBs \nwere in use at the compressor station (use of PCBs at this compressor station was discontinued \nin 1979), waste oil containing PCBs was disposed of in onsite pits. PCBs migrated from these \ndisposal pits to Conehoma Creek and the Yockanookany River. Texas Eastern entered into a \nconsent order with EPA in 1994, and as of 1997, the site was remediated. Fish tissue sampling \nin 1987 resulted in a fish consumption advisory being issued for Conehoma Creek and the \nYockanookany River and the 303(d) listing of these waterbodies. Fish tissues in these stream \nsegments were sampled again in 2003. The 2003 fish tissue data indicate the fish consumption \nadvisory should remain in effect; however, the concentrations of PCBs in the fish tissue have \ndecreased (MDEQ 2004b). \nThe primary source of mercury to the Yockanookany River and Pearl River is believed to \nbe atmospheric deposition of mercury emitted from regional and global sources. MDEQ has \nissued a moratorium on additional NPDES-permitted point source discharges containing mercury \nto the Yockanookany River and Pearl River. \n\n \n \n \nB-33 \nFigure B.16. Fish consumption advisories activ\ne in the Ross Barnett Reservoir watershed. \n \n \n \n \n \n \n\nAppendix B  \nRoss Barnett Reservoir Watershed Characteristics October 31, 2011 \n \n \n \nB-34 \nHydrologic Unit Codes \nThe US Geological Survey (USGS) delineates watersheds into smaller areas commonly \nknown as 12-digit hydrologic unit codes (HUC12s). There are 87 HUC12s located within the \nReservoir watershed. HUC12 boundaries are an important consideration in determining priority \nwatersheds and targeting management practices because they define smaller-sized catchments at \na scale on which implementation can be most efficiently managed. The boundary lines for each \nHUC12 are shown on Figure B.17. The description, identification number, and area of each \nHUC12 are listed in Table B.10. The plans developed under the Ross Barnett Reservoir Initiative \nencompass the entire drainage area of the Reservoir, an area of approximately 3,050 square \nmiles. The HUC12s were divided into three major subwatershed groups based on proximity to \nthe Reservoir. The major subwatershed delineations are also shown on Figure B.17. The groups \nwere defined as the area approximately 10 times as large as the size of the Reservoir surface area \n(1x:10x), the area between 10 and 50 times as large as the reservoir surface area (10x:50x), and \nthe area above the 50x boundary (above 50x). \nProximity to the Reservoir was considered in determining the potential for pollutants \noriginating in the watershed reaching the Reservoir through tributary and overland flow inputs. \nAreas closer to the Reservoir have increased likelihood of contributing pollutants, whereas \npollutants originating from areas located at greater distances from the Reservoir may be removed \nby biological transformation processes or settling. Thus, focusing resources on areas closer to the \nReservoir in the initial phases of implementation of this plan was a reasonable approach for \noptimizing the cost-benefits of water quality improvements achieved from implementation of \nmanagement practices. \nMajor sub-watershed delineations were based on a ratio of the Reservoir surface area \nrelative to the size of the Reservoir drainage area. Three areas were delineated for surface \narea/drainage area ratios of 1x:10x, 10x:50x, and above 50x the surface area. Boundary lines \nwere drawn based on existing HUC12s within the Reservoir’s watershed.  \n \n\n \n \n \nB-35 \nFigure B.17. Boundary lines for 12-digit HUCs in\n the Ross Barnett Reservoir watershed. \n \n \n \n \n \n\nAppendix B  \nRoss Barnett Reservoir Watershed Characteristics October 31, 2011 \n \n \n \nB-36 \nTable B.10. Watershed area, HUC12 ID number, name, and area of each HUC12 in the \nwatershed. \n \nWatershed HUC12 ID No. HUC12 Name \nArea \n(acre)s \n1x:10x 031800020305 Snake Creek - Pelahatchie Creek 14,179 \n1x:10x 031800020302 Ashlog Creek - Pelahatchie Creek 31,859 \n1x:10x 031800020304 Hollybush Creek - Clear Creek 24,167 \n1x:10x 031800020101 Sugar Bogue - Coffee Bogue 24,143 \n1x:10x 031800020306 Riley Creek - Pelahatchie Creek 33,296 \n1x:10x 031800020303 Eutacutachee Creek 17,880 \n1x:10x 031800020301 Upper Pelahatchie Creek 12,234 \n1x:10x 031800020307 Mill Creek - Pelahatchie Creek 18,203 \n1x:10x 031800020201 Hurricane Creek - Fannegusha Creek 17,299 \n1x:10x 031800020202 Red Cane Creek - Fannegusha Creek 15,027 \n1x:10x 031800020404 Mill Creek - Pearl River 38,947 \n1x:10x 031800020102 Beach Creek - Coffee Bogue 15,046 \n1x:10x 031800020203 Deer Creek - Fannegusha Creek 16,059 \n1x:10x 031800020403 Cane Creek - Pearl River 25,393 \n1x:10x 031800020103 Lee Branch - Coffee Bogue 15,796 \n1x:10x 031800020402 Lake Creek - Pearl River 22,541 \n1x:10x 031800020401 Pellaphalia Creek - Pearl River 32,702 \n10x:50x 031800011203 Panther Creek - Yockanookany River 25,521 \n10x:50x 031800011104 Lower Tibby Creek 16,582 \n10x:50x 031800011201 Ethel - Hurricane Creek 10,734 \n10x:50x 031800011206 Leflore Creek - Yockanookany River 30,559 \n10x:50x 031800010404 Ocobla Creek 12,777 \n10x:50x 031800011403 Rice Creek - Pearl River 32,090 \n10x:50x 031800011306 Shiola Creek 14,533 \n10x:50x 031800010708 Gray Lake - Lobutcha Creek 21,678 \n10x:50x 031800010801 Upper Tuscolameta Creek 20,971 \n10x:50x 031800010803 Warrior Creek - Tuscolameta Creek 30,568 \n10x:50x 031800010904 Hontokalo Creek 37,639 \n10x:50x 031800010901 Bogue Faliah - Tuscolameta Creek 27,345 \n10x:50x 031800010905 Tallabogue Creek 33,711 \n10x:50"
}