{
  "slug": "ross-barnett-reservoir-watershed-plan-2011",
  "source": "Ross_Barnett_Reservoir_Watershed_Plan_2011.pdf",
  "length": 1021493,
  "part": 30,
  "text": "shoba\nFecal coliform bacteria (annual average) was \nexceeded by more than 100% in 2009. \nNoxapater POTW, North \nMS0025241 \nWinston\nRequired to install disinfection; will be in place by \nJune 2011. \nNoxapater POTW, South  \nMS0021628  \nWinston\nRequired to install disinfection; will be in place by \nJune 2011. \nLouisville POTW, East \nMS0025640 \nWinston\nRequired to install disinfection; was installed as of \nDecember 2010. \nLouisville POTW, South \nMS0025836 \nWinston\nRequired to install disinfection; was installed as of \nDecember 2010. \nLouisville Municipal School District, \nNanih Waiya School \nMS0038768 \nWinston  Facility has not submitted 2009 DMR. \nCarthage POTW \nMS0020061 \nLeake    Fecal coliform limit was exceeded by 63% in 2009. \nForest POTW \nMS0020362 \nScott \nSignificant violations in 2010 for mercury and \ncyanide (monthly averages). \nPRVWSD, Leake County Water Park \nMS0044113 \nLeake \nSignificant violations in 2009 of BOD, TSS, and \nfecal coliform (annual averages) due to flooding \nproblems at the facility. \nPRVWSD, Coal Bluff Water Park \nMS0054925 \nScott \nAnnual average BOD limit was exceeded by >100% \nin 2009. \n \n\nAppendix H  \nPollutant Source Inventory and Locations of Concern October 31, 2011 \n \n \n \nH-26 \nSix swine facilities with Combined Animal Feeding Operation (CAFO) permits are \nlocated in Winston and Choctaw counties, which are in the upper part of the watershed. All of \nthese facilities have lagoons and land application areas to treat and dispose of wastewater. They \nare all permitted for no discharge of wastewater, but have outfalls to sample stormwater runoff \nonce per quarter. There are no compliance issues with these facilities other than the occasional \nodor compliant.  \nSix industrial facilities in the watershed treat wastewater from poultry processing. The \nmajority of these facilities have had recent compliance problems. Based on MDEQ records, \nmany of these issues have been resolved. The facilities are listed in Table H.7 and their locations \nshown on Figure H.7. \n \nTable H.7. Poultry processing wastewater treatment facilities in the Ross Barnett watershed. \n \nFacility Name and \nPermit Number County Issues \nPeco Foods Inc, \nMS0002615 \nScott \nPathogen violations in January and December 2009; TSS violations \nin 2006. \nTyson Foods Inc, \nCarthage Processing \nPlant \nMS0026140 \nLeake \nPathogen violations in February 2007; oil and grease in \nAugust 2008. Enforcement action in 2009 issued a monetary fine \ndue to failure to monitor and report chlorine levels. \nMississippi Poultry \nCorporation, \nMS0037486 \nRankin \nCompliance inspection reports noted deficiencies in monitoring and \nDMRs; significant exceedances of permit limits for organic material, \nnutrients, and pathogens in December 2009 and January through \nMarch of 2010. Enforcement action issued in July 2010. \nLady Forest Farms Inc., \nForest Hatchery, \nMS0056103 \nScott \nCompliance inspection report and NOVs issued in 2007 noted permit \nexceedances in nutrients, pathogens, and organic material in 2006 \nand 2007. NOVs reported exceedances of TSS limits in 2009.  \nTyson Foods Inc., River \nValley Animal Foods, \nForest, MS0046931 \nScott Slight exceedance of TSS in 2008. \n \nThe Census of Agriculture conducted by the United States Department of Agriculture, \nNational Agricultural Statistics Service (NASS) contains data that can be used to characterize \nagricultural activities in the Reservoir watershed. The most recent census was conducted in 2007, \nissued in February 2009, and updated December 2009. Census data from 2002 were also \nreviewed in order to assess the changes in agricultural lands that have occurred within a 5-year \n\nAppendix H  \nPollutant Source Inventory and Locations of Concern October 31, 2011 \n \n \n \nH-27 \nperiod. It should be noted that agricultural census data are available only on a county basis, so \nthe county information given cannot be compared directly with watershed boundaries. \nAccording to Census of Agriculture data, the total amount of land in farms in counties \nlocated within the Ross Barnett watershed has increased between the years 2002 and 2007. Land \nin farms consists of agricultural land used for crops, pasture, or grazing as well as woodland that \nis not used for cultivation or grazing it is considered part of the operations of a farm owner. In \nthe 11 counties within the watershed, the increase in total land in farms ranged from 11% \nto 16%. However the increase in land in farms may be due to an increase in the area categorized \nas total woodland. Total woodland includes natural and planted woodlots or timber tracts, \ncutover and deforested land with young growth. The area of farms categorized as total woodland \nhas shown an increase ranging from 15% to 56% in the counties within the watershed. The \nacreage used for crops and pasture has either decreased or shown an increase nominal to the \npercent of land in farms increase.  \nDominant crops in the four counties located closest to the Reservoir are shown in \nTable H.8. In Rankin County, cotton production has decreased significantly and there has been \nan increase in the number of acres of soybeans. Similarly, there has also been an increase in \nsoybean production in Madison County and a decrease in other crops including hay, cotton, and \nwheat. Landuse data from the NASS Cropland Data layer in 2008 indicates the locations where \nparticular crops are grown within the 1x:10x watershed (Figure H.8). \n \nTable H.8. Dominant crop types based on Census of Agriculture data. \n \nCounty Dominant Crop Types \nLeake                                                                     Corn                                                                     \nMadison Corn, Soybeans, Cotton, Wheat \nRankin Corn, Soybeans, Cotton, Wheat \nScott                                                                      Corn                                                                      \n\n \n \n \nH-28 \nFigure H.8. Crop types in the Reservoir watershed. \n \n \n \n\nAppendix H  \nPollutant Source Inventory and Locations of Concern October 31, 2011 \n \n \n \nH-29 \nAdditional Census of Agriculture data for Scott and Rankin counties are shown in \nTable H.9. Only Rankin and Scott counties are included in Table H.9 because they are the only \ncounties with a discernable amount of agricultural crop areas in the watershed. Rankin and Scott \ncounties have experienced decreases in total cropland of 4% and 17%, respectively. The total \ncropland category includes all harvested cropland as well as cropland used only for pasture and \ngrazing and land where crops were planted but not harvested.  \n \nTable H.9. Selected agricultural statistics for Rankin and Scott counties (USDA 2009). \n \nAgricultural Census County Statistics \nPercent Change from 2002 to 2007 \nRankin Scott \nLand in Farms 7% 11% \nTotal Cropland -4% -17% \nCensus of Agriculture - County Data – Mississippi, + means increase in area and – means decrease in area \n \nThe Census of Agriculture contains additional information related to fertilizer use. \nAccording to the NASS, there has been an increase in the acreage treated with commercial \nfertilizer since 2002, with the exception of Rankin County. In the four counties closest to the \nReservoir (Madison, Rankin, Leake, and Scott), the land areas treated are less than 10% of \ncounty areas. \nAnimal manures are a potential source of nutrients in streams in the watershed, due to the \nnumber of poultry-growing and other animal operations in the area. Scott County is among the \ncounties with highest concentration of poultry growing facilities in the state (personal \ncommunication, Kurt Readus, March 19, 2010). Information available from the Census of \nAgriculture can be used to estimate the current number of farms with agricultural operations \ninvolving animals. The number of farms is available on a county basis (Table H.10). Table H.11 \nshows the percent change in farm types from 2002 to 2007 for the four counties closest to the \nReservoir. In most cases, the number of farms has decreased from 2002 to 2007. The exception \nto this is the number of swine farms in Scott and Rankin counties. The significant increase in the \nnumber of swine farms in Scott County (233%) does not necessarily indicate an increase in the \nnumber of animals. This is because NASS does not track the number of animals on each farm. \n \n\nAppendix H  \nPollutant Source Inventory and Locations of Concern October 31, 2011 \n \n \n \nH-30 \nTable H.10. Number of farms for the four counties closest to the Reservoir (USDA 2009). \n \nFarm Type Leake Madison Rankin Scott \nAny Poultry 130 20 81 146 \nCattle                        and                        Calves                        344                        263                        355                        423                        \nHogs and Pigs 4 9 8 10 \nCensus of Agriculture – County Data – Mississippi \n \n \nTable H.11. Percent change in farm types from 2002 to 2007 (USDA 2009). \n \nFarm Type Leake Madison Rankin Scott \nAny Poultry \n-32%                     -13%                     -10%                     -25%                     \nCattle and Calves \n-20%                     -16%                     -12%                     -8%                     \nHogs and Pigs \n-50%                     -10%                     +14%                     +233%                     \nCensus of Agriculture – County Data – Mississippi, + means increase in area and – means decrease in area \n \nFarmers typically store poultry litter in containment areas located near poultry houses. \nStored litter can be land-applied as a fertilizer on nearby pasture lands or sold for use in other \nareas. Poultry litter is typically applied to pasture land at appropriate times in order to \nsupplement nitrogen needs. NRCS recommends applying poultry litter only after testing has been \nconducted to determine the nutrient content in the litter. When these recommendations are not \nfollowed, poultry litter can be a significant source of excess nutrients and pathogens. \nNRCS provides cost-sharing assistance to businesses that transport poultry litter through \ntheir poultry litter distribution program. The decision to use or sell litter is often based on current \nmarket and the profitability selling fertilizer after transportation costs. Currently, the price of \ncommercial fertilizers is high and many farmers are able to sell litter to other areas. In Scott and \nNewton counties, for example, about half the litter is applied to land within the area where it is \ngenerated. The remaining litter is transported and sold to other areas outside of the county \n(personal communication, Joe Addy, District Conservationist for Scott County, March 22, 2010). \nApproximately 19% of the land in the Ross Barnett watershed is classified as \npasture/grassland based on the NASS landuse data for 2008 (see Figure H.3). As noted \npreviously, poultry litter applied to pasture can be a potential source of nutrients. Pasture can \n\nAppendix H  \nPollutant Source Inventory and Locations of Concern October 31, 2011 \n \n \n \nH-31 \nalso be a source of nutrient loads to surface waters through cattle use of streams (depositing \nmanure in streams), manure deposited on pasture land, and fertilizers applied to pastures.  \nThe amount of cropland used for pasture or grazing is given on a county basis in the \nCensus of Agriculture. The number of acres for the four counties closest to the Reservoir are \ngiven below. The areas given in Table H.12 are based on county boundaries, not watershed \nboundaries. \n \nTable H.12. Cropland used for pasture or grazing based on 2007 Census of Agriculture data. \n \nCounty Number of Acres Percent of County \nLeake                                          10,434                                            2.8                                          \nMadison                                        18,534                                        4.0                                        \nRankin                                          9,596                                             1.9                                          \nScott                                          10,786                                            2.8                                          \n \n\nAppendix H  \nPollutant Source Inventory and Locations of Concern October 31, 2011 \n \n \n \nH-32 \n3.0 PATHOGENS \n \n3.1 Locations of Concern for Pathogens \nStreams where fecal coliform water quality criteria were exceeded were included on the \nMississippi’s 303(d) list of impaired waters, and fecal coliform TMDLs have been prepared for \nthese listed streams. Pelahatchie Creek, Fannegusha Creek, and Coffee Bogue are of particular \nconcern because these streams drain directly to the Reservoir. \nRecreational users of the Reservoir commonly swim, water ski, and fish from boats in the \nmain lake, near the dam, in Pelahatchie Bay, and along Roses Bluff (near the shoreline in \nMadison County). There are several locations where public access to swimming areas is allowed. \nThese include public parks in Rankin County (Pelahatchie Shore Park, Lakeshore Park) and \nMadison County (Old Trace Park and Brown’s Landing). It is important to prevent bacterial \ncontamination in these areas to protect public health. Boaters also swim near sand bars upstream \nof Ratliff Ferry. Areas with residential developments that are not served by a central sewer \nsystem also have a higher potential for pathogen issues in nearby waters. These areas are \nprimarily located along the eastern shoreline of the Reservoir and north of Pelahatchie Bay. \n \n3.2      Pathogen      Sources      \nStormwater management plans developed for Rankin County, Madison County, and the \ncities of Flowood, Madison, and Ridgeland have provisions to conduct surveys of the stormwater \nconveyances in their areas to detect potential illicit discharges. These are typically conducted \nduring dry weather. At this time, these programs have not identified any illicit discharges that are \npathogen sources. \nThere are two NPDES-permitted point sources in the watershed that are currently under \nan agreement to install disinfection systems. These facilities are Noxapater POTW South \n(MS0021628) and Noxapater POTW North (MS0025241). These facilities are permitted to \ndischarge treated effluent into Gum Branch and Talladega Creek. Installation of disinfection \nsystems is expected to reduce bacteria in the receiving streams (personal communication, Rusty \nLyons, MDEQ, May 2010). \n\nAppendix H  \nPollutant Source Inventory and Locations of Concern October 31, 2011 \n \n \n \nH-33 \n4.0 PESTICIDES \n \nThe types of pesticides present in the Reservoir watershed can be categorized by their \nintended use. The uses of the pesticides most commonly sold in central Mississippi (per the \nMississippi Department of Agriculture and Commerce) are described in Table H.13. Pesticides \napplied to land surfaces draining to the Reservoir have the potential to reach the Reservoir during \nrain events, especially from developed areas located closest to the Reservoir. This includes \npesticides used near homes and other buildings and pest and weed control chemicals used in \nlandscaped areas.  \n \nTable H.13. Intended uses of common pesticide chemicals. \n \nApplication Chemicals \nPest control industry (termite treatments \nto homes) \nPyrethroids (i.e., cypermethrin), Bifenthrin, Fipronil \nLawns (herbicides and insecticides \napplied to lawns by homeowners/ \nbusinesses or companies hired by them)\nMSMA (monosodium methanearsonate), no additional \nproduct will be sold with a turf label after \nDecember 31, 2010; Pendimethalin; Atrazine; 2,4-D; \nGlyphosate; Dicamba; Malathion; Carbaryl; Bifenthrin\nMosquito control done in cities/countiesPermethrin; Resmethrin \nAgricultural areas \nGlyphosate; 2,4-D; Acephate; Dicrotophos; \nFlumioxazin \nForest areas Glyphosate; Imazapyr; Metasulfuron methyl \n \nPesticides applied to landscaped areas near the Reservoir shoreline are an important \nsource to consider. On a national scale, EPA calculates approximately70 million pounds of \nactive pesticide constituents are applied to lawns each year. Pesticides can leave the surface area \nof the lawn by several different means such as; runoff, leaching into groundwater or by \nvolatizing into the air. Pesticides that are applied to turf areas have some runoff, but usually the \nhighest level is during significant storm events and usually if pesticide has been applied recently. \nLeaching into the groundwater is another way that the pesticide can be moved through a \nwatershed. Leaching occurs when a soluble pesticide moves through the soil into the watershed. \nGenerally only trace amounts are lost to groundwater.  \n\nAppendix H  \nPollutant Source Inventory and Locations of Concern October 31, 2011 \n \n \n \nH-34 \nPesticides that are allowed to reach impervious surfaces are quickly washed into the \nwatershed by rain events. Lastly, pesticides can be allowed in the watershed by improper \ndisposal and applicator cleaning. Many homeowners wash applicators on grass, sidewalks or \ndirectly into gutter or storm drains (Schueler 1995). \n\nAppendix H  \nPollutant Source Inventory and Locations of Concern October 31, 2011 \n \n \n \nH-35 \n5.0 REFERENCES \n \nBachmann, R.W., M.V. Hoyer, and D.E. Canfield, Jr. 2000. The potential for wave disturbance \nin shallow Florida lakes. Lake and Reservoir Management 16(4):281-291. \nBeaulac, M.N., and K.H. Reckhow. 1982. An examination of land use – nutrient export \nrelationships. Wat. Res. Bull. 18(6):1013-1024. \nBull, L.A. 2010. Ross Barnett Reservoir Fishery Management Plan. Mississippi Department of \nWildlife, Fisheries and Parks. Jackson, MS. 34 pp. \nCarpenter, S.R. 2005. Eutrophication of aquatic systems: Bistability and soil phosphorus. \nProceedings of the National Academy of Sciences in the United States of \nAmerica 102(29):10002-10005. \nCole, G.A. 1983. Textbook of Limnology, third edition. Waveland Press, Prospect Heights, IL. \n401 pp. \nCooke, G.D., M.R. McComas, D"
}