{
  "slug": "lake-washington-watershed-plan-2007",
  "source": "Lake_Washington_Watershed_Plan_2007.pdf",
  "length": 167745,
  "part": 8,
  "text": "200 cormorants by 20\n10, and maintain the population.\n \nPerformance Measures \n• \nCormorant population reduced to be\ntween 200-300 birds on Lake Washington. \n• \nCormorant population does not\n increase above historic numbers on Lake Jackson. \nBenefits \n• \nLake Washington Bald Cypress forest\ns allowed to recover and flourish. \n• \nExcessive predator pressure removed from the fishery. \n• \nInputs to Lake Washington of nutrients and oxyg\nen-demanding organic material from cormorant \nwaste that can lead to reduced fish kills. \nParticipant \nActivity \nSchedule \nBudget \nLocal Stakeholders \n1. \nLocal volunteers implement the harassment \nprogram. \n2. \nApproximately 10 volunteers participated in the \nboat-based portion of the program in 2006. \n3. \nTwenty lakeshore resi\ndents have pyrotechnic \nlaunchers. \n1. \nInitiate the program in \nOctober or when cormorants begin migration. \n2. \nConclude in March after \nspring cormorant migration. \n \nLake Washington \nFoundation \n• \nProvide funding for the harassment program. \n• \nAnnually \n$12,000 per year for pyrotechnic rounds. \nUS Department of \nAgriculture – \nWildlife Services \n1. \nProvide training of vol\nunteers in the use of \npyrotechnics and cormorant behavior. \n2. \nProvide support for the harassment program. \n• \nOn an as-needed basis \nApproximately $300-worth of pyrotechnic rounds annually. \n \nDRAFT\nNovember 28, 2007\n5-28\n\nTable 5.14. Recruit and train voluntee\nrs for cormorant harassment. \n \nManagement Action \nRecruit and train volunteers \nfor cormorant harassment.\n \nObjective\n \n• \nReduce the local cormorant population to 200 birds. \nPerformance \nMeasures \n• \nRecruit at least two additional vol\nunteers per year for Lake Washington. \n• \nLocal cormorant population between 200 and 300 birds. \nBenefits \n• \nRestoration and recovery of the cypress forest. \n• \nReduced nutrient and organic loading to Lake Washington. \n• \nRestoration of natural carrying capacity\n of Lake Washington for cormorants. \nParticipant \nActivity \nSchedule \nBudget \nUS Department of \nAgriculture – \nWildlife Services \n1. \nTrain volunteers on pyrotechnics an\nd other procedures for harassing \ncormorants, such as air cannons. \n2. \nOffer training for both Lake Washi\nngton and Lake Jackson residents and \nproperty owners. \nOctober 2007; \nSeptember in \nsuccessive \nyears. \nLake Washington \nFoundation \n1. \nRecruit volunteers for \ncormorant harassment, both on water in boats \nand on land. \n2. \nDevelop and distribute schedule fo\nr weekly harassment activities. \n3. \nMonitor progress and rotate teams as\n number of volunteers increases. \nAugust \nthrough \nDecember \neach year. \nTBD \n \nDRAFT\nNovember 28, 2007\n5-29\n\nTable 5.15. Cormorant harvesting. \n \nManagement Action \nCormorant harvesting.\n \nObjective \n• \nReduce the local cormorant population to 200 birds. \nPerformance Measure \n• \nLocal cormorant population between 200 and 300 birds.\n \nBenefits \n• \nRestoration and recovery of the cypress forest. \n• \nReduced nutrient and organic loading to Lake Washington. \n• \nRestoration of natural carrying capacity\n of Lake Washington for cormorants. \nParticipant \nActivity \nSchedule \nBudget \nUS Department of \nAgriculture – \nWildlife Services; \nUS Fish and Wildlife \nService \n1.         Authorization         to         \nharvest cormorants \n2. \nPermits for harvesting cormorants \n3. \nHunter training and safety instruction for \nharvesting cormorants \n1. \nHarvesting authorization – November \n(following waterfowl survey). \n2. \nPermits for harvesting – December. \n3. \nHunter training – December. \nLocal Hunters \n• \nLocal residents can hunt cormorants in the Lake Washington watershed after completing an (agency) hunter safety course. \n• \nDecember through March. \nTBD. \n \nDRAFT\nNovember 28, 2007\n5-30\n\nTable 5.16. Plant alternate roosts. \n \nManagement Action \nPlant/Construct alternate cormorant roosting sites.\n \nObjective \n• \nDistribute cormorant population throughout the wate\nrshed to eliminate concentrated flocks in \ngiven areas. \nPerformance Measures \n• \nTwo landowners increase trees on property by 2010. \n• \nThree Lake Washington property owners in\ncrease cypress trees on lakeshore line by 2010.\n \nBenefits \n• \nRestoration and recovery of the cypress forest. \n• \nReduced nutrient and organic loading to Lake Washington. \n• \nRestoration of the natural carrying capac\nity of Lake Washington for cormorants. \nParticipant \nActivity \nSchedule \nBudget \nUS Department \nof Agriculture – \nNational Resources \nConservation Service; \nUS Fish and Wildlife Service \n1. \nProvide funding for wildlife enhancement – plant tupelo, \ngum, cypress, oak, pecan, persimmon, and sycamore trees. \n2. \nProvide funding to evaluate\n constructed roosting sites for \nfertilizer and compost collection. \n1.          October          2009.          2.          October          2010.          \nMississippi Forestry \nCommission \n• \nProvide funding and planting guidance for increasing forest around Lake Washington and throughout watershed.\n• \nPromote “Second Crop” Program in Lake Washington watershed. \n• \nJuly 2009. \nLake Washington Foundation \n• \nRecruit Lake Washington property owners to plant additional cypress trees around the lake. \n• \nInitiate in March 2009 – ongoing. \nLake Washington Landowners \n• \nParticipate in program to increase trees throughout the watershed, particularly as a second crop for timber harvest rotation and wildlife habitat creation to lease for hunting, in addition to alternate co\nrmorant roosting sites during \nmigration. \n• \nJanuary 2010 – ongoing.\nTBD \n \nDRAFT\nNovember 28, 2007\n5-31\n\nTable 5.17. Lake level management. \n \nManagement Action \nRepair outlet conduits to\n maintain lake level.\n \nObjective \n• \nRepair the outlet conduits to increase and \nstabilize lake levels\n on Lake Washington. \nPerformance Measures \n• \nOutlet structure repaired by October 2009. \n• \nWater level stabiliz\ned by October 2010.\n \nBenefits \n• \nIncreased lake volume and assimilative cap\nacity for sediment and nutrient loading. \n• \nDecreased shoreline erosion fr\nom water level fluctuation. \nParticipant \nActivity \nSchedule \nBudget \nWashington County \n1. \nAssess outlet conduits on Lake Washington. \n2. \nRepair outlet conduits with \ncapability of in\ncreasing lake \nlevel by no more than 2 ft. \n1.         July         2008.         2.         July         2009.         \nLake Washington \nFoundation \n• \nRequest Washington County ev\naluate and repair outlet \nstructure on Lake Washington. \n• \nJanuary 2008.\nTBD \n \nDRAFT\nNovember 28, 2007\n5-32\n\nTable 5.18. Establish minimum lake level. \n \nManagement Action \nEstablish minimum lake level.\n \nObjective \n• \nProvide for proper regulation of\n out-of-lake water usage. \nPerformance Measure \n• \nMinimum lake level set by 2011.\n \nBenefits \n• \nProtection of assimilative capacity \nfor sediment and nutrient loading. \n• \nAllows reasonable use of Lake \nWashington water for irrigation. \nParticipant \nActivity \nSchedule \nBudget \nMDEQ \n1. \nMonitor Lake Washington water levels. \n2. \nEstablish minimum water level based on lake level \nand water quality monitoring. \n3. \nMonitor, permit, and regulate water withdrawals \nfrom Lake Washington. \n1. \nMDEQ Office of Land \nand Water Resources currently monitoring lake levels. \n2.         2011         3.         2012         \nTBD \n \nDRAFT\nNovember 28, 2007\n5-33\n\nTable 5.19. Eliminate fish processing waste. \n \nManagement Action \nEliminate fish processing waste.\n \nObjective \n• \nEliminate 100% of fish processing waste disposal into Lake Washington. \nPerformance \nMeasures \n• \nNewsletter article – April 2008. \n• \nReduction by 95% of recreational fish pro\ncessing waste disposal in Lake Washington. \n• \nElimination of commercial fish processing waste disposal in Lake Washington.\n \nBenefits \n• \nReduced nuisance alligator population. \n• \nReduced organic loading to Lake Washington. \nParticipant \nActivity \nSchedule \nBudget \nMississippi \nDepartment of \nWildlife, Fisheries, \nand Parks \n1. \nNotify commercial fishers it is \nillegal to dispose of fish processing \nwaste in Lake Washington. \n2. \nGame wardens periodically check commercial fishers. \n3. \nGame wardens notify recreational fishing camps that it is illegal to \ndispose of fish processing waste in lake. \n4. \nGame wardens periodically check recreational fishing camps. \n1.          January          2008.          2.          April          2008,          \nperiodically thereafter.\n3.          April          2008.          4.          June          2008,          \nperiodically thereafter.\nLake Washington \nFoundation \n• \nNewsletter article on illegality of di\nsposing of fish processing waste \nin Lake Washington and contribution of waste to nuisance alligator problems. \n• \nJanuary 2008. \nTBD \n \nDRAFT\nNovember 28, 2007\n5-34\n\nTable 5.20. Alligator management plan. \n \nManagement Action \nLake Washington alligator management plan. \nObjective \n• \nReduce alligator threat to Lake Washington reside\nnts and users to one alligator threat per season. \nPerformance Measure \n• \nOne alligator complaint per season.\n \nBenefits \n• \nReduced nuisance alligator population. \nParticipant \nActivity \nSchedule \nBudget \nMississippi Department \nof Wildlife, Fisheries, \nand Parks –  \nAlligator Coordinator \n1. \nProvide technical support of the \nprocess of developing the Lake \nWashington alligator management plan. \n2. \nTrack alligator complaints. \n1.   2008   2.   2009+   \nLake Washington \nFoundation \nPrepare the alligator management pla\nn, involving the following activities: \n1. \nForm a planning committee, \n2. \nDevelop a draft plan, \n3. \nRevise of the draft plan based on review comments, \n4. \nFinalize the plan based on review comments, \n5. \nDistribute and implement the plan, \n6. \nEducate public on behavior of \nalligators and human behavior \naround alligators. \n2008 \nLocal \ncontributions of \ntime and \nexpense; state \ncosts associated \nwith trapping/ \nremoval efforts.\n \nDRAFT\nNovember 28, 2007\n5-35\n\nDRAFT \nNovember 28, 2007 \n \n \n \n6-1 \n6.0 EDUCATION AND OUTREACH ACTIVITIES \n \nEducation and outreach activities are an important part of achieving the vision for the \nLake Washington watershed. Education and outreach assist with achievement of the \nimplementation plan goals by increasing public awareness and interest. The overall objective of \ncommunity education in the Lake Washington watershed is to increase awareness of water \nquality issues and encourage behaviors that promote sustained, long term restoration, \nstewardship, and protection of aquatic resources in the watershed. Specific education and \noutreach activities planned for the Lake Washington watershed are described below. Specific \nobjectives of education efforts in the watershed include the following: \n \n• Increase public awareness of agricultural/urban nonpoint source pollution \nproblems and solutions and encourage behaviors that will reduce pollution and \nrestore Lake Washington; \n• Increase public awareness of how BMPs can be used to conserve water and \nreduce negative water quality and habitat effects and encourage the appropriate \ninstallation/use of BMPs; \n• Increase public awareness of the long-term environmental and economic \nadvantages of protecting and improving water quality and habitat in the Lake \nWashington watershed; \n• Increase public awareness of issues surrounding skewed fish population in Lake \nWashington and encourage behaviors that will return the fish population to a \nbalanced level; \n• Increase awareness of cormorant issues as they relate to the skewed fish \npopulation, increased nutrient levels in the lake and damage to shoreline trees and \nencourage behaviors that will reduce the cormorant population; and \n• Increase public awareness of issues concerning noxious weeds, nuisance alligators \nand inappropriate harvest of cypress trees. \n \n6.1 Signage \nSignage in the proper location and with the proper message should provide long-term \neducational opportunities within the watershed. Signs should be erected for both the project in \n\nDRAFT \nNovember 28, 2007 \n \n \n \n6-2 \ngeneral and for specific aspects of the project.  Plans for adding signage in the Lake Washington \nwatershed are summarized in Table 6.1. \n \nTable 6.1. Signs as education and outreach tools in Lake Washington watershed. \n \nManagement \nAction \nSignage \nObjective \nIncrease public awareness of Lake Washington issues and restoration activities \noccurring in watershed. \nPerformance \nMeasures \nInstallation of specified number of signs on schedule, Mississippi Department of \nTransportation annual traffic statistics for Highway 1 can be used to document \nthe number of vehicles that pass within a visual of the highway signs. BMP signs \nwill be seen by those who attend field days and tours. These people will be \ndocumented after the tours are held. \nBenefits \nIncrease awareness of and ability to participate in and support watershed \nrestoration activities. \nParticipant Activity Schedule Budget \nMDEQ \nHighway Signs - Two general project signs should be \nerected at the watershed boundary line. A general \nmessage will be conveyed along with the logos of all \npartners involved in the project. \n2007-2008    $2,200.00    \nMDWFP \nAquatic Weed Signs – Signs should be erected around \nthe lake, educating fishermen about noxious aquatic \nweeds and informing fishermen about prevention of \nfurther spreading of the weeds in Lake Washington and \ntransfer to other lakes. \n2007-2008      $800.00      \nMSWCC \nBMP Signs – Signs should be erected at select BMP \nsites. These signs can be used during field days and \ntours. \n2007-2008    $2,400.00    \nTotal \n$5,400.00 \n \n6.2 Direct Mail \nDirect mail pieces can be used to further educate the community on septic system issues. \nInformation about approved septic systems should be provided to all home owners around the \nlake. Specifics are summarized in Table 6.2. \n \n\nDRAFT \nNovember 28, 2007 \n \n \n \n6-3 \nTable 6.2. Education and outreach via direct mail. \n \nManagement Action \nDirect mail \nObjective \nIncrease public awareness of septic system issues and regulations in the watershed. \nPerformance \nMeasures \nA list of all recipients of direct mail pieces will be provided to MDEQ. \nBenefits \nIncrease awareness of and ability to participate in remediation of septic system issues.\nParticipant Activity Schedule Budget \nMDEQ Develop septic system mail-out \nMSDH Develop septic system mail-out \n2007-2008      $2,212.00      \n \n6.3 Mississippi Outdoors Productions \nMDWFP publishes Mississippi Outdoors Magazine, produces Mississippi Outdoors TV \nshow, and hosts a weekly radio show. These media outlets reach nearly all hunters, fishermen, \nand outdoorsmen in the State of Mississippi. These opportunities shall be utilized to educate the \npublic on the Lake Washington WIP and specific aspects of the project. Specific plans for \nutilizing this outlet for education and outreach are summarized in Table 6.3. \n \nTable 6.3. Education and outreach through Mississippi Outdoors Productions \n. \nManagement \nAction \nMississippi Outdoors Productions \nObjective \nIncrease public awareness of Lake Washington issues and restoration activities occurring in \nwatershed. \nPerformance \nMeasures \nCirculation of the Mississippi Outdoors Magazine will be documented and reported to \nMDEQ. Number of television viewers/radio listeners will be documented to the extent \npossible. \nBenefits \nIncrease awareness of and ability to participate in and support watershed restoration activities.\nParticipant Activity Schedule Budget \nMagazine – At least one article will be written about the Lake \nWashington WIP and published in the Mississippi Outdoors \nMagazine. \n$1,000.00\nTV Show – At least one feature will be filmed on Lake Washington \nhighlighting the project and run on the Mississippi Outdoors TV \nShow. \n$2,400.00\nMDWFP \nRadio – At least one interview per year will be made on Mississippi \nOutdoors Radio pertaining to the project. \n2007-2009 \n$1,500.00 \n(per \ninterview)\nTotal \n$4,900.00\n\nDRAFT \nNovember 28, 2007 \n \n \n \n6-4 \n6.4 Website Linkages \nAs many agencies and organizations are involved in this WIP, information about this \nproject will be listed on many different websites. Some websites will take a holistic approach to \ndescribing the WIP and all associated information, while others will only have information on \nspecific items. Information about implementation of this activity is summarized in Table 6.4. \n \nTable 6.4. Education and outreach on the web. \n \nManagement Action \nWebsite links \nObjective \nIncrease public awareness of Lake Washington issues and restoration activities occurring \nin watershed. \nPerformance Measure \nWebsites will monitor traffic. Traffic will be reported to MDEQ. \nBenefit \nIncrease awareness of and ability to participate in and support watershed restoration \nactivities. \nParticipant Activity Schedule Budget \nMDWFP, MWF, NRCS, \nMDEQ, MSWCC,TNC \nDevelop Lake Washington website and/or link to \nMDEQ website \n2008 \nSubsumed in \noperations budgets \n \n6.5 Press Releases, Public Service Announcements, and Printed Materials \nNumerous press releases, public service announcements, and printed materials will be \nmade throughout the WIP implementation. Each stage of the project and each public event will \nbe advertised by targeted press releases and other printed materials. Press releases will be \ndeveloped by many of the Watershed Implementation Team partners (Table 6.5). \n \nTable 6.5 Use of press releases, public service announcements and articles for Lake \nWashington education and outreach. \n \nManagement Action \nPress releases, PSAs and printed materials \nObjective \nIncrease public awareness of septic system issues and regulations in the watershed. \nPerformance \nMeasures \nAll press releases will be documented by the circulation of the publication it runs in. \nPrinted materials will be distributed to a target audience, depending on the purpose. \nBenefits \nIncrease awareness of and ability to participate in remediation of septic system issues. \nParticipant Activity Schedule Budget \nCreate and distribute nine press releases 2007-2009 $2,250.00 \nCreate and distribute thre"
}