{
  "slug": "ross-barnett-reservoir-watershed-plan-2011",
  "source": "Ross_Barnett_Reservoir_Watershed_Plan_2011.pdf",
  "length": 1021493,
  "part": 47,
  "text": " Additional   review   of   stormwater   \nmanagement     plans     for     new     \ndevelopments. \n• Frequent  informal  surveys  of  the  \narea     and     increased     “official”     \ncompliance inspections. \n• Increased enforcement actions. \n \nImplementation \n• Urban retrofit. \n• New development. \n \nSource: MDEQ. \nPollutant Removal Efficiency \nMDEQ  inspectors  have  conducted  a  significant  number  of  Compliance  Evaluation  \nInspections  (CEIs)  at  sites  in  the  Ross  Barnett  Reservoir  with  large  construction  \nstormwater  general  permits.  In  addition,  MDEQ  conducted  “windshield  surveys”  to  \ndocument the condition and effectiveness of management practices before, during, and \nafter   storm   events.   Pollutant   loads   for   properly   versus   improperly   functioning   \nmanagement practices were not quantified. Literature values must be used to estimate \nthe  overall  effectiveness  of  best  management  practice  (BMP)  systems  installed  on  a  \nconstruction or surface mine site (Edwards 2003). \n \n• Sites with insufficient\n BMPs averaged 11,000 mg/L total suspended solids (TSS) in \nrunoff. \n• Sites with sufficient\n BMPs averaged 600 mg/L TSS in runoff. \n \nCEIs conducted in 2008 through 2010 found violations at 20 of the 38 sites inspected \n(53% of the sites). According to MDEQ personnel, the majority of these violations have \nbeen  corrected,  and  developers  have  improved  BMP  installation  and  maintenance.  It  \ncan  be  assumed  that  less  than  10%  of  construction  and  mine  sites  will  have  \ninsufficient BMPs if the program continues with the same level of effort. \n \n \n \n\n \n \n \n \nCost \nCosts for MDEQ include personnel involved in the Ross Barnett Reservoir Stormwater \nCompliance  Initiative,  as  well  as  time  and  equipment  for  inspections  and  follow-up  \nenforcement actions. \n \nCosts  for  developers  include  the  design,  installation,  and  maintenance  of  practices  \naccording to MDEQ requirements. This will vary based on the characteristics of each \nsite (weather conditions, soil conditions, slopes, existing vegetation). \n \nBenefits \n• Reduced sediment, nutrients, and other pollutants in construction site and surface \nmine runoff. \n• Improved   understanding   of   the   importance   of   BMPs   among   developers   and   \ncontractors. \n• Improved   relationships   among   local   stormwater   enforcement   officials   and   \ndevelopers/contractors. \n \nLimitations \n• Site inspections are time-consuming. \n• Inspections not conducted on construction sites smaller than 1 acre. \n \nMaintenance \nEfforts in the past few years have resulted in improved compliance among developers. \nMDEQ personnel feel as if many of the previously  identified  “hot  spots”  have  been  \naddressed.   Continued   presence   of   MDEQ   personnel   will   be   important   when   \ndevelopment increases with an improved economy. \n \nReferences \nMore  information  pertaining  to  construction  stormwater  and  surface  mine  BMP  \nenforcement  is  available  in  Mississippi’s  Phase  II  Small  Municipal  Separate  Storm  \nSewer  System  (MS4)  Guidance  Manual  and  the  Planning  and  Design  Manual  for  the  \nControl  of  Erosion,  Sediment,  and  Storm  Water,  Volume  1:  Erosion  and  Sediment  \nControl   Manual.   These   publications   are   available   from   MDEQ   and   online   at   \nhttp://deq.state.ms.us/MDEQ.nsf/page/epd_epdgeneral?OpenDocument\n and \nhttp://www.deq.state.ms.us\n, respectively. \n \nInformation in this factsheet is adapted from: \n \nEdwards,  FG.  2003.  Stormwater  Pollution  Prevention  BMP  Workshop,  Demonstration,  \nand Evaluation, Project 700 FY01 CWA Section 319(h), Final Report. University of \nArkansas, Department of Civil Engineering. Prepared for the Arkansas Soil and \nWater Conservation Commission. \n\nProperly Designed Skid Properly Designed Skid \nTrails and Landings Trails and Landings \nDescription \nForest management and harvest entails construction of skid trails, haul roads, stream \ncrossings, and landings and concentration yards. All of this construction can increase \nerosion and sediment loading to forest land streams and downstream waterbodies. To \nreduce  the  potential  for  these  water  quality  impacts,  guidelines  have  been  developed  \nfor  siting,  constructing,  maintaining,  and  closing  trails,  roads,  and  landings.  These  \nguidelines  also  include  recommendations  for  structural  erosion  control  measures,  \nincluding  cross  drains,  water  turnouts,  slash  dispersal,  revegetation,  silt  fences  and  \nhay   bales,   water   bars,   outslopes,   broad-based   drainage   ditches,   and   bank   \nstabilization. \n \n \n \n \n \n \n \n \n \n \n \n \n \n \n \n \n \n \n \n \n \n \n \n \nSource: Mississippi’s BMPs: Best Management Practices for Forestry in Mississippi(MFC 2008). \n \n \nDesign Considerations \n• Recommendations  differ  slightly  for  temporary  and  permanent  trails,  roads,  and  \nstream crossings. \n• When  forest  operations  occur  in  wetlands,  best  management  practices  (BMPs)  \nrelated to trails and roads are federally mandated. \n \n \n\n \n \n• Slope  of  the  land  and  soil  characteristics  influence  recommendations  for  siting,  \nconstruction,  maintenance,  closing  and  BMPs  for  trails,  roads,  stream  crossings,  \nand landings. \n• The grade of the trail or road influences BMP specifications. \n• Siting of trails, roads, and landings should be such that they efficiently serve their \nintended   purpose,   and   facilitate   adequate   control   of   runoff,   erosion,   and   \nsedimentation. \n• Detailed  design  information  and  requirements  for  skid  trails  and  landings  are  \navailable   in   Mississippi’s   BMPs:   Best   Management   Practices   for   Forestry   in   \nMississippi. This publication is available from the Mississippi Forestry Commission \n(MFC) and online at http://www.mfc.ms.gov/water-quality.php\n. \n \nImplementation \n• Private and commercial timberlands. \n \nPollutant Removal Efficiency \nPollutant Efficiency \nTotal Suspended Solids (TSS) \n24% to 99%, depending on practice and site \ncharacteristics \nTotal Nitrogen 60% to 80%  \nTotal Phosphorus 85% (will be similar to TSS reduction) \nMetals                                          Insufficient                                          data                                          \nPathogens (fecal coliform, E. coli) Insufficient data \n \nApplicability in Reservoir Watershed \nApproximately 30% of the watershed is forest land that may be harvested. \n \nCost \nThe  Mississippi  Natural  Resources  Conservation  Service  (NRCS)  estimates  costs  for  \nforest  harvest  trails  and  landings  as  between  $480  and  $780  per  acre  for  the  \n2011  Environmental  Quality  Incentives  Program  (EQIP).  In  the  southeast,  trail  and  \nlanding BMPs have been estimated to add approximately $12 per acre to harvest costs \n(1987 dollars). \n \nBenefits \n• Slows runoff velocities. \n• Reduces erosion. \n• Reduces pollutants in runoff. \n \n \n \n\n \n \n \n \nLimitations \n• Can increase cost of harvest. \n• May result in longer and/or less efficient skid trail or haul road routes. \n• May result in less convenient locations for landings or concentration yards. \n• Changes in harvesting costs can increase timber prices. \n \nMaintenance \nErosion  control  BMPs  need  to  be  routinely  inspected  and  repaired  and  cleaned  of  \ndebris as needed. \n \nReferences \nInformation in the factsheet is adapted from: \n \nCubbage,  F.W.  2004.  Costs  of  forestry  best  management  practices  in  the  south:  A  \nreview. Water, Air, and Soil Pollution: Focus 4(1):131-142. \nEdwards,  P.J.  and  K.W.J.  Willard.  2010.  Efficiencies  of  forestry  best  management  \npractices  for  reducing  sediment  and  nutrient  losses  in  the  eastern  United  \nStates. Journal of Forestry 108(5):245-249. July/August 2010. \nFreedman,  P.L.,  W.M.  Larson,  D.W.  Dilks,  D.  Schechter,  A.  Nemura,  T.  Naperala,  \nJ.V. DePinto,   M.G.   Prothro,   G.W.   Boese,   A.   Dettelbach,   L.   Nothman,   K.   \nThornton,  D.  Ford,  P.  Massirer,  T.  Soerens,  K.B.  Stevens,  J.A.H.  Sobrinho.  \n2003. Navigating  the  TMDL  Process:  Evaluation  and  Improvements  [00-WSM-1].  \nWater Environment Research Foundation. Alexandria, VA. \nMississippi   Forestry   Commission.   2008.   Mississippi’s   BMPs:   Best   Management   \nPractices  for  Forestry  in  Mississippi,  Fourth  Edition  [MFC  Publication  No.  107].  \nMississippi Forestry Commission. Available online at \nhttp://www.mfc.ms.gov/pdf/Mgt/WQ/Entire_bmp_2008-7-24.pdf\n. \n \n\nStreamside  \nManagement Zones \nDescription \nStreamside vegetation and soils act as buffer zones and have a strong influence on the \nhealth  of  adjacent  aquatic  systems.  Streamside  management  zones  (SMZs)  protect  \nwater quality by providing bank stability and acting as a filter for sediment, nutrients, \nand other chemicals. Requirements for forestry activities within the SMZ are designed \nto  reduce  the  potential  for  damage  to  stream  channels  due  to  tree  removal  and  road  \ncrossings. The SMZ should provide sufficient canopy cover to maintain shade, protect \nthe streambank, and filter pollutants from stormwater. \n \nDesign Considerations \n• Recommended     SMZ     width     \nbased      on      whether      the      \nwaterbody   is   a   perennial   or   \nintermittent     stream,     or     a     \nwetland. \n• Because  the  outflow  of  Ross  \nBarnett Reservoir is a perennial \nstream, the recommended SMZ \nwidth      for      the      reservoir      \nshoreline  is  the  same  as  for  a  \nperennial stream. \n• Soil characteristics and slope of \nthe    land    adjacent    to    the    \nwaterbody  affect  recommended  \nSMZ width. \n• SMZs   are   not   required   for   \ndrains  (ephemeral  streams  and  \ngullies). \nSource: Alabama’s Best Management Practices for Forestry\n(Alabama Forestry Commission 2007). \n• Some  forestry  activities  recommended  for  the  SMZ  vary  based  on  whether  the  \nwaterbody is a perennial or intermittent stream, or a wetland. \n• Detailed  design  information  and  requirements  for  streamside  management  zones  \nare  available  in  Mississippi’s  BMPs:  Best  Management  Practices  for  Forestry  in  \nMississippi. This publication is available from the Mississippi Forestry Commission \n(MFC) and online at http://www.mfc.ms.gov/water-quality.php\n. \n \nImplementation \n• Private and commercial timber lands. \n \n \n\n \n \nPollutant Removal \nPollutant Efficiency \nTotal Suspended Solids (TSS) 50% to 98% \nTotal Nitrogen 0% to 80%  \nTotal Phosphorus 18% to 86% \nPathogens (coliform, E. coli) \nForestry practices are not generally considered to be \nsignificant sources of pathogen loads to waterbodies. \n \nCost \nThe cost of SMZs is usually estimated based on the value of unharvested timber in the \nSMZ. At least one estimate also included cost of added skid distance. \n \nBenefits \n• Slows water velocities. \n• Low maintenance requirements. \n• Supplies shade. \n• Reduces pollutants in runoff. \n• Provides wildlife corridor. \n• Provides wildlife habitat. \n• Provides species diversity. \n• Stabilizes banks. \n• Reduced timber harvest which can increase value of harvested timber. \n \nLimitations \n• Reduces harvest area. \n• May result in longer and/or less efficient skid trail or haul road routes. \n• May result in less convenient locations for landings or concentration yards. \n• Increases total cost of harvest. \n• Changes in harvesting costs can increase timber prices. \n \nMaintenance \nInvolves keeping track of activities occurring in the SMZ, and may include posting and \npersonnel education. \n \n \n\n \n \nReferences \nInformation in this factsheet is adapted from: \n \nAlabama  Forestry  Commission.  2007.  Alabama’s   Best   Management   Practices   for   \nForestry.  Alabama  Forestry  Commission  in  cooperation  with  the  Alabama  \nDepartment   of   Environmental   Management   and   the   US   Environmental   \nProtection Agency. Accessed October 2011 at \nhttp://www.forestry.state.al.us/BMPIndex.aspx?bv=2&s=1\n. \nCubbage, F., and P. Lickwar. 1991. Estimating the Costs of Water Quality Protection on \nPrivate Forest Lands in Georgia [Georgia Forest Research Paper No. 86]. Georgia \nForestry Commission, Research Division. \nEdwards,  P.J.  and  K.W.J.  Willard.  2010.  Efficiencies  of  forestry  best  management  \npractices  for  reducing  sediment  and  nutrient  losses  in  the  eastern  United  \nStates. Journal of Forestry 108(5):245-249. July/August 2010. \nKluender,  R.,  R.  Weih,  M.  Corrigan,  and  J.  Pickett.  1997.  Assessing  the  cost  of  best  \nmanagement  practices  in  Arkansas.  Journal  of  the  Arkansas  Academy  of  \nScience 51:103-108. \nLeDoux,  C.B.  2006.  Assessing  the  opportunity  cost  of  implementing  streamside  \nmanagement  zone  guidelines  in  eastern  hardwood  forests.  Forest  Products  \nJournal 56(6):40-44. \nMayer,  P.M.;  S.K.  Reynolds,  Jr.;  T.J.  Canfield;  and  M.C.  McCutchen.  2005.  Riparian \nBuffer Width, Vegetative Cover, and Nitrogen Removal Effectiveness: A Review of \nCurrent   Science   and   Regulations   [EPA/600/R-05/118].   US   Environmental   \nProtection   Agency,   Office   of   Research   and   Development,   National   Risk   \nManagement Laboratory. Ada, OK. \nMississippi   Forestry   Commission.   2008.   Mississippi’s   BMPs:   Best   Management   \nPractices  for  Forestry  in  Mississippi,  Fourth  Edition  [MFC  Publication  No.  107].  \nMississippi         Forestry         Commission.         Available         online         at         \nhttp://www.mfc.ms.gov/pdf/Mgt/WQ/Entire_bmp_2008-7-24.pdf\n. \nWenger, S. 1999. A Review of Scientific Literature on Riparian Buffer Width, Extent, and \nVegetation. University of Georgia, Institute of Ecology, Office of Public Research \nand Outreach. Athens, GA. Revised Version, March 5, 1999. 59 pp. \n \n \n\n \n \nArtificial Vegetation  \nRegeneration\n \nDescription \nThe  Mississippi  Forestry  Commission  (MFC)  recommends  replanting  of  erodible,  \ndisturbed   sites   to   stabilize   soil   when   the   natural   regrowth   process   would   be   \ninadequate.  In  disturbed  wetland  areas,  replanting  is  recommended  to  preserve  \nwetland vegetation and prevent conversion of the wetland to a non-wetland. \n \nDesign Considerations \n• Site  preparation  may  be  necessary  where  \nsoils  are  compacted,  or  undesirable  plant  \nspecies are present. \n• Soil  amendment  may  be  necessary  where  \nsoils are inadequate to support vegetation. \n• Mulching   improves   erosion   control   while   \nvegetation is becoming established. \n• MFC   recommends   replanting   with   native   \nwetland   vegetation   in   disturbed   wetland   \nareas. \n• Species  recommendations  vary  depending  \non the site conditions and the time of year. \n• Machine- or hand-planting can be used. \n• In wetland areas, appropriate herbicides can \nbe used to control competing plant species. \n• Detailed design information and requirements for artificial vegetation regeneration \nare  available  in  Mississippi’s  BMPs:  Best  Management  Practices  for  Forestry  in  \nMississippi. This publication is available from the Mississippi Forestry Commission \nand online at http://www.mfc.ms.gov/water-quality.php\n. \n \nImplementation \n• Commercial and private timber lands. \n \nPollutant Removal Efficiency \nPollutant Efficiency \nTotal Suspended Solids (TSS) 12% - 100% \nTotal Nitrogen Insufficient data \nTotal Phosphorus 12% - 100% sorbed to sediment \nMetals                                                       Insufficient                                                       data                                                       \nPathogens (fecal coliform, E. coli)               Insufficient               data               \nSource: USDA Forest Service. \n\n \n \n \n \nApplicability in Reservoir Watershed \nApproximately 30% of the watershed is in forest land. The percentage of that which is \nharvestable forest land is currently unknown. \n \nCost \nReported costs for planting range from $23 per acre to approximately $150 per acre for \nseeding  (1998  dollars).  Some  mulching  options  can  cost  over  $5,000  per  acre  \n(1998 dollars). \n \nBenefits \n• Reduced erosion. \n• Reduced pollutants in runoff. \n \nLimitations \n• Effectiveness depends on maintaining the protective vegetation cover. \n \nMaintenance \n• Regeneration sites will be regularly inspected for signs of erosion, and repaired as \nneeded. \n• Wetland  regeneration  sites  will  be  inspected  regularly  for  signs  of  undesired  \nvegetation. \n• Undesired vegetation will be controlled. \n \nReferences \nInformation in the factsheet is adapted from: \n \nBethlamy, N., and W.J. Kidd, Jr. 1966. Controlling Soil Movement from Steep Road Fills \n[USDA  Forest  Service  Research  Note  INT-45].  US  Department  of  Agriculture,  \nForest Service. \nEPA.  2005.  National  Management  Measures  to  Control  Nonpoint  Source  Pollution  from  \nForestry  [EPA  841-B-05-001].  US  Environmental  Protection  Agency,  Office  of  \nWater. Washington, DC. Accessed October 2011 at \nhttp://water.epa.gov/polwaste/nps/forestry/forestrymgmt_index.cfm\n. \nMississippi   Forestry   Commission.   2008.   Mississippi’s   BMPs:   Best   Management   \nPractices  for  Forestry  in  Mississippi,  Fourth  Edition  [MFC  Publication  No.  107].  \nMississippi Forestry Commission. Available online at \nhttp://www.mfc.ms.gov/pdf/Mgt/WQ/Entire_bmp_2008-7-24.pdf\n. \n \n\n \nFencing for Grazing Control \nDescription \nTemporary or permanent fencing is installed to exclude livestock from sensitive areas \nlikely to be damaged by grazing, or to create paddocks that can be managed to control \nthe harvest of pasture forage. \n \nDesign Considerations \n• Type  of  fencing  depends  on  the  kind  and  \nhabits  of  livestock,  and  whether  the  fence  \nline is to be permanent or temporary. \n• Soil characteristics and slope of the land can \naffect  the  ability  of  the  pasture  "
}