{
  "slug": "upper-little-bayou-pierre-watershed-plan-2018",
  "source": "Upper_Little_Bayou_Pierre_Watershed_Plan_2018.pdf",
  "length": 29266,
  "part": 1,
  "text": "\n\nUpper Little Bayou Pierre GY 2018 \n1 \n \n \nUpper Little-Bayou Pierre Watershed Plan \n9 Key Elements \nHUC 080602030702 \nMWS 6031 \nGY18 Proposed Project Area \nNovember 9, 2018  \n \nElement a: Identification of Causes and Sources of Impairment \n \nThe Upper Little Bayou Pierre Watershed (080602030702) is located primarily in Claiborne \nCounty, MS, and includes the upper portion of Little Bayou Pierre which is a tributary of the \nBayou Pierre located in the South Independent Streams River Basin.  According to the 2011 \nNational Land Cover Database (NLCD), this watershed is approximately 22,120 acres and \ncontains many different land use types, including forest (75%), pasture/grassland (8%), \nscrub/barren (10%), wetland (4%), cropland (1%) and urban (3%) as is depicted in Figure 1.  \n \nThe area is predominantly forest land and is a very popular location for hunting and other \nrecreational activities such as four-wheeling and picnicking on the pretty white sandbars of the \ncreek. Little Bayou Pierre has its headwaters southeast of the town of Pattison and flows \nnorthwest to the confluence with Bayou Pierre near the city of Port Gibson crossing Claiborne, \nJefferson and Copiah Counties.  Little Bayou Pierre is the major water body in the Upper Little \nBayou Pierre watershed with smaller tributaries, like Brandywine Creek and other smaller \nunnamed streams, flowing into Little Bayou Pierre.    \n \nThe water use classification for Little Bayou Pierre and all waters in the Upper Little Bayou \nPierre Watershed, as established by the State of Mississippi Water Quality Criteria for Intrastate, \nInterstate, and Coastal Waters (MDEQ 2015) regulation, is predominantly Fish and Wildlife \nSupport. Waters with this classification are intended for fishing and propagation of fish, aquatic \nlife, and wildlife. Waters that fall within the Fish and Wildlife classification should also be \nsuitable for secondary contact recreation, which is defined as incidental contact with water \nincluding wading and occasional swimming.  However, the Little Bayou Pierre main stem is \nclassified for Recreation Use. Waters in this classification should be suitable for primary contact \nrecreational purposes, including such water contact activities as swimming and wading. \n \nThe Little Bayou Pierre (MS450E) has a long history with MS’s Section 303(d) List of Impaired \nWater Bodies and represents the entire length of the stream from its headwaters in the Upper \nLittle Bayou Pierre Watershed to the mouth at Bayou Pierre.  This water body segment was \ninitially listed as evaluated on the 1996 List due to pesticides, nutrients, siltation, and organic \nenrichment/low dissolved oxygen (DO) based primarily on review of anecdotal information and \nnot monitoring data.  The water body remained on the 1998 §303 (d) List for the same causes.  \nAlso in 1998, the segment was included on the evaluated list as impaired for the Recreation Use \ndue to pathogens.    The portion of MS450E that falls within the Upper Little Bayou Pierre \nWatershed is shown in Figure 1. \n \n\nUpper Little Bayou Pierre GY 2018 \n2 \n \n \n \nFigure 1: Upper Little Bayou Pierre Watershed Landuse, 2011 NLCD \n\nUpper Little Bayou Pierre GY 2018 \n3 \n \nIn order to make water quality assessments on wadeable streams outside of the Mississippi \nAlluvial Plain, MDEQ uses a calibrated and verified index of biological integrity (IBI) referred \nto as the Mississippi Benthic Index of Stream Quality (M-BISQ).  Using biological community \ndata and comparing it to the attainment thresholds from the M-BISQ, Upper Little Bayou Pierre \nwas assessed as impaired (segment MS450E) for Aquatic Life Use Support due to biological \nimpairment in 2002.  Due to this determination, the evaluated causes of pesticides, nutrients, \nsiltation, and organic enrichment/low dissolved oxygen (DO) based primarily on review of \nevaluated anecdotal information and not monitoring data from the 1996 and 1998 §303(d) lists \nwere removed and MS450E was included on the 2002 §303(d) List of Impaired Water Bodies for \nbiological impairment. \n \nMDEQ has a strong team of scientists and engineers focused on evaluating water quality data \nand identifying stressors in water bodies that have been listed as being biologically impaired \nusing benthic macroinvertebrate community data.  When biological community data indicate that \na water body segment is impaired, an investigative, stressor identification analysis using \nstrength-of-evidence approach is conducted to determine the cause(s) of the impairment.  Such \ncauses may range from specific pollutants (e.g. Total Nitrogen) to other causes of pollution such \nas sedimentation, habitat loss or hydrologic alteration.  In most cases, nonpoint sources \ncontribute, or are the primary causes of impairment.  MDEQ relies upon all available monitoring \nand assessment data and conducts additional monitoring to gather the necessary data and \ninformation to help determine both the causes and sources of impaired waters.  The U.S. \nEnvironmental Protection Agency (EPA) Stressor Identification Process and Stressor \nIdentification Guidance Document (USEPA, 2000), is used to identify most probable stressors \ncausing biological impairment to provide the information necessary to develop required TMDLs \nthat will guide restoration activities.    A stressor identification study was conducted on Little \nBayou Pierre in 2009.  As a result of the analysis, sediment was identified as the primary \nprobable pollutant causing the aquatic life use impairment to the stream.  This information was \nthen used to develop a Total Maximum Daily Load (TMDL) for sediment in Upper Little Bayou \nPierre. Total Maximum Daily Loads, TMDLs, are pollution budgets. A TMDL determines how \nmuch of a pollutant can be present in a stream, river, or lake without negatively affecting aquatic \nlife or public health. \n \nThere are two TMDLs for the Little Bayou Pierre segment MS450E; one is for sediment and the \nother for pathogens.  The Fecal Coliform TMDL for Bayou Pierre (MDEQ, 1999), which \nincludes Little Bayou Pierre (MS450E), was developed for the waterbodies within the larger \nBayou Pierre Watershed; however, none of the NPDES permitted facilities included in the \nTMDL are located within the Upper Little Bayou Pierre Watershed boundaries.  This TMDL \nrequires all NPDES permitted discharges of fecal coliform to meet water standards for \ndisinfection and recommends reducing fecal coliform contributions from cattle access to streams \nand failing septic systems in the watershed. \n \nIn 2009, MDEQ developed the Total Maximum Daily Load Designated in the South Independent \nStreams Basin for Impairment Due to Sediment (MDEQ, 2009), which includes the Little Bayou \nPierre waterbody segment MS450E.  There are no facilities in the Upper Little Bayou Pierre \nWatershed with NPDES permits that include limits for Total Suspended Solids (TSS) which is \nused as an indicator of sediment contributions from permitted activities. The pollutant of concern \n\nUpper Little Bayou Pierre GY 2018 \n4 \n \nfor the Little Bayou Pierre TMDL is sediment from land-use runoff. Certain contaminants may \nbe associated with sediment such as pesticides and nutrients. These contaminants were not \naddressed directly within the sediment TMDL. However, these contaminants would also be \ncontrolled by the same best management practices (BMPs) that control the sediment from \nnonpoint sources of pollution.  \n \nNonpoint loading of sediment in a water body results from the transport of material into \nreceiving waters by the processes of mass wasting, head cutting, gullying, and sheet and rill \nerosion. Sources of sediment include: agriculture, silviculture, rangeland, construction sites, \nroads, urban areas, mass wasting areas, gullies, surface mining, in-channel and instream sources, \nand historical land use activities and channel alterations.  \n \nElement b: Expected Load Reduction \n \nThe Fecal Coliform TMDL for Bayou Pierre (MDEQ, 1999) was developed for the streams and \ncreeks within the larger Bayou Pierre Watershed including the Little Bayou Pierre (MS450).   \nThis TMDL requires all NPDES permitted discharges of fecal coliform, the water quality \nindicator for pathogens, to meet water standards for disinfection and recommends reducing 85% \nof the cattle access to streams and 80% reduction in fecal coliform contributions from failing \nseptic systems in the watershed. \n \nThe State of Mississippi Water Quality Criteria for Intrastate, Interstate, and Coastal Waters \n(MDEQ, 2015) regulation does not include a numeric water quality standard for aquatic life \nprotection due to sediment. The narrative standard for the protection of aquatic life is sufficient \nfor justification of TMDL development, but does not provide a quantifiable TMDL target. The \ntarget for the sediment TMDL is based on reference sediment yields developed by the USDA \nAgricultural Research Service’s Channel and Watershed Processes Research Unit (CWPRU) at \nthe National Sedimentation Laboratory (NSL).  Based on the ranges of stable and unstable yield \nvalues, a reduction in sediment of 95 - 98% is recommended for Upper Little Bayou. \n \nThe MDEQ will work with agency resource partners to identify and implement BMPs to address \npathogen and sediment concerns identified in the Upper Little Bayou Pierre Watershed.   The \nNatural Resource Conservation Service (NRCS) has a list of approved BMPs that address \npathogen and sediment issues and this list will be used to identify BMPs that are candidates to be \nused in the Upper Little Bayou Pierre Watershed.  Figure 2 shows recent imagery taken of the \nUpper Little Bayou Pierre watershed along with the listed segment MS450E. \n \n \n  \n\nUpper Little Bayou Pierre GY 2018 \n5 \n \n \nFigure 2: Upper Little Bayou Pierre Watershed Aerial Imagery.  \n\nUpper Little Bayou Pierre GY 2018 \n6 \n \nElement c: Proposed Management Measures \n \nCoordinating partners with MDEQ include the Mississippi Soil and Water Conservation \nCommission (MSWCC) the local Soil and Water Conservation Districts (SWCDs), and the \nNatural Resource Conservation Service (NRCS).  These partners have been coordinating with \nlocal stakeholders to gauge landowner interest and, based on their expertise, have identified a \nsuite of BMPs that should be effective in addressing nonpoint source pollution sources in the \nUpper Little Bayou Pierre Watershed.   \n \nStaff from MSWCC and the SWCD depend upon assistance from their NRCS partners in \ndetermining landowner interest in the watershed because they are present on the farms and in the \nfields with local landowners.  These staff members also understand the conservation needs at the \nlocal level, and have knowledge of the amount of unfunded applications for federal program \nassistance which meet Section 319 eligibility requirements.  At present, the Upper Little Bayou \nPierre Watershed has TMDLs for sediment and pathogens.  Based on previous experience in \nwatersheds with similar impairments, our partners recommend installation of the following \nBMPs to help mitigate sediment and pathogen issues in the Upper Little Bayou Pierre \nWatershed: critical area planting, fencing, grade stabilization, streambank and shoreline \nprotection, grassed waterways, water and sediment control basins, instillation of tank and \ntroughs, and heavy use protection area practices. Through a collaborative effort to identify water \nquality concerns and needs within this watershed, these agencies feel the following management \nmeasures will help ensure success and mitigate pollution sources.  Those measures are as \nfollows:  \n \n1. Likely water quality benefit; \n2. Willing landowners; \n3. Implementation of the recommendations of the TMDL(s); \n4. Ease of showing effectiveness of the BMP(s) through monitoring; \n5. Shorter length of time for anticipated results (i.e., within the Initiative period); \n \nUpon receipt of funding, MDEQ will coordinate with the field staff from MSWCC in Claiborne \nCounty to target implementation in priority areas, and then move to other areas as funds allow.  \nA map depicting the landuse can be found in Figure 1 and recent imagery in Figure 2. Additional \nconsiderations for prioritization of BMPs included the positioning of BMPs with willing \nlandowners; the increased likelihood for leveraging of in-kind services; and proximity to \npollutant sources to Upper Little Bayou Pierre.   \n\nUpper Little Bayou Pierre GY 2018 \n7 \n \n \nElement d: Technical and Financial Assistance \n \nAs part of any Section 319 funded project, MDEQ requires a 40% match in project areas.  This \nmatch may be in the form of actual dollars or may be provided as “in-kind” to project activities.  \nPartners in this project who may contribute match include MSWCC, NRCS, USGS (monitoring), \nand/or local landowners.  Generally, project planning and administration (planning, coordination \nand watershed plan revision) consumes 10-15% of the total budget, however.  Provided below is \na summary of estimated project costs for a full-scale watershed restoration.  The MSWCC \nprovided the following estimates for BMP instillation below: \nActivity Size/Amount \nEstimated \nCost \nBMPs \n    \n    Critical Area Planting 43ac @ $178 7,654 \n    Fencing \n19,930 ft. \n@$2.05 \n40,857 \n    Grade Stabilization Structure 28 ea. @ $5,000 140,000 \n    Streambank and Shoreline Protection 630ft @ $111 69,930 \n    Grassed Waterway 12ac @ $1,755 21,060 \n    Water and Sediment Control Basin 5ea @ $5,000 25,000 \n    Tank or Trough 7 ea. @ $3,000 21,000 \n    Heavy Use Area Protection 4,500 ft. @$1.00 4,500 \nMonitoring \n  \n10,000 \nEducation/Outreach \n  \n11,500 \nTechnical Assistance \n  \n25,000 \nProject Management, Implementation, Coordination, \nPlan Revision \n  \n40,000 \n   \nTotal Estimated Project Cost \n \n$416,501  \n \nTo maximize education and outreach activities and monitoring efforts, MDEQ plans to leverage \nwith existing programs already allocated for funding where possible.     \n \nElement e: Information and Education` \nThe MDEQ, in cooperation with numerous federal, state, and local stakeholders has developed \ndiversified information/education programs, best management practices manuals, literature, \nbooks, videos, and public service announcements that address pollutants from the seven (7) \nmajor land use categories of Nonpoint Source Pollution, namely; agriculture, construction, \nforestry, on-site waste water disposal, surface mining, urban storm water runoff, and hydrologic \nmodification.  Audiences from pre-school to adults throughout the state are reached with a \nvariety of mature, well-designed programs each year. These programs, events, manuals and \n\nUpper Little Bayou Pierre GY 2018 \n8 \n \nliterature can be used in the Upper Little Bayou Pierre Watershed project by tailoring them to \naddress the pollutants of concern.  A positive approach is used to reach the full diversity of \npeople in the community with projects that foster a “sense of place”, a “sense of pride in \ncommunity”, and a sense of the native plants, animals, and general ecology of their region, as \nwell as, the history of the community and a sense of economics.  Stakeholders and coordinators \njoin together to participate in problem-solving, brainstorming, plan development, training \nworkshops, festival event planning, soil and water conservation field days, tree boards, poster, art \nand writing projects and other activities that promote collaboration and ownership of the \nwatershed, as well as, solutions to its problems.  The ultimate goal is to bring about behavior \nchanges and the use of “best management practices” that will improve water quality and the \noverall quality of life in the watershed.  Evaluation forms, pre-test/ post-test, surveys, and \nreporting of the number of people who attend workshops, trainings and events are among the \nmethods used to measure the success of education/information programs.  A partial list of \nMDEQ’s programs that could be used in the Upper Little Bayou Pierre watershed is listed below: \n \n Water Model Presentations - Enviroscapes and groundwater aquifer models distributed \nstatewide with training and related interactive lesson plans. \n Teacher Workshops – train educators in proximity to the watershed about NPS pollution \nand provide materials and information that can be used in their classrooms. \n Adopt A Stream - workshops and training venues for citizens, teachers, and students in \nthe Upper Little Bayou Pierre Watershed. \n Watershed Harmony Mobile Classroom - for age’s kindergarten – adults with state and \nfederal public education objectives tailored for 4\nth\n and 5\nth\n grade students. \n “Train the Trainer” - workshops and materials for Soil and Water districts, Extension     \nService, etc. \nAs part of the education outreach efforts, the stakeholder group forming the Upper Little Bayou \nPierre Watershed Implementation Team (WIT) will participate in a minimum of 3 face-to-face \nmeetings.  The purpose of these meetings is to provide updates on implementation activities, \neducation events and review and modify the watershed plan.  In concert with these WIT \nmeetings, and to incentivize stakeholder participation, project funding will be used to purchase \nfood and other refreshments for the WIT along with providing support for renting facilities in \nwhich to host those events.  In accordance with 41 CFR § 301-74.11, light refreshments, meals, \nand/or beverages are an allowable expense under CWA Section 319, provided a description of \nthe agenda, purpose, location, costs, etc., are outlined in an approved 319 grant work plan. The \npurpose of the meetings will be for updating the watershed plan, and hosting field days to \nshowcase the implemented BMPs for the public. At this time the exact number of participants \nand locations are not known therefore costs have been estimated for the purposes of this plan and \nwill be updated.   \n\nUpper Little Bayou Pierre GY 2018 \n9 \n \n \nElement f: Implementation Schedule \n"
}