{
  "slug": "red-bud-catalpa-creek-watershed-phase-1-plan-2017",
  "source": "Red_Bud_Catalpa_Creek_Watershed_Phase_1_Plan_2017.pdf",
  "length": 155791,
  "part": 5,
  "text": " Samples to Jackson \n $1438 $1437 $2875  \n$9783 \nEquipment (6 samplers/flow meters) \n In-kind In-kind In-kind \nSupplies (sampling jugs/labels)  300 300 600 \nUndergraduate Stipend  5000 5000 10000 \nNutrient Analysis   TBD  TBD \nMicrobial Analysis (10/sample x 10) \n 600 600 1200 \nTOTALS    24458 $14675  \n \n9.2 ASSESSING AND PREDICTING IN-STREAM PROCESSES IN THE CATALPA CREEK WATERSHED \nABSTRACT \nExcessive erosion and the transport and deposition of sediment in surface waters are major \nwater-quality problems in Mississippi. Researchers in the state have shown that a significant \nportion of sediment loads exported from the watershed are contributed by streambeds and \nmostly from active unstable streambanks. The main channel of the Catalpa Creek has been \nlisted as impaired due to sediments from headwaters to the outlet. The Water Resources \nManagement Plan for the Red Bud-Catalpa Creek Watershed and Implementation Plan for the \nRed Bud-Catalpa Creek Watershed Phase 1 were formulated to restore and protect the \necosystem health, ecosystem services and quality of life, and water resources within the \nwatershed; and create experiential learning activities for students, educators, and practitioners. \nTo develop remedial measures and future BMPs within the Catalpa Creek Watershed for \nreducing water quality impairment, and a stream restoration design to improve stream \nmorphology, biological integrity and function of the main stream and tributaries, it is necessary \nto identify stressors, sediment sources and loads currently transported, and critical zones for \nupland and in-stream management and/or restoration within the entire watershed. \nHypothesizing in-stream processes are important mechanisms driving sediment supply into the \nstreams and an important portion of the sediment budget for the Red Bud-Catalpa Creek \nWatershed. This research will focus on the identification, assessment, evaluation and prediction \nof in-stream processes within the study watershed. To address the research objectives three \nsub-studies will be undertaken using a combination of methods including field reconnaissance \n\nImplementation Plan for the Red Bud-Catalpa Creek Watershed Phase 1_2/28/17 45 \n \nand detailed data collection, laboratory analysis, and channel modeling. Modeling results can \nhelp to determine critical areas to be potentially considered for future management and \nrestoration activities, as well as to optimize a design for a desired outcome and to understand \nwhat results might be expected. Project results will be transferred to a broad group of \nacademic, technical and research stakeholders, supported in collaboration with private, federal \nand state agencies. \nNATURE, SCOPE, AND OBJECTIVES \nStabilization of active streambanks and reestablishment of hydrologic connectivity between \nstream channel habitats and floodplain areas is relevant to improve stream corridor health. \nAlthough stabilizing streambanks along the main channel might seem a logical mitigation \nstrategy to enhance upstream and downstream water quality, detailed numerical modeling of \nalternative mitigation strategies is imperative to reduce uncertainty in the effects of any \nrestoration efforts. It is not common for stream restoration efforts to lead to further \ninstabilities if properly planned and analyzed (Pollen et al., 2005).  \n \nThe present investigation is based on a collaborative effort between MSU and USDA’s \nAgricultural Research Service-National Sedimentation Laboratory (ARS-NSL) to develop a better \nunderstanding of the biological and physical characteristics of Catalpa Creek and the factors \naffecting the occurrence of morphological adjustments (e.g., type of threats, \nstreambank/streambed erosion rates, sediment contribution from streambanks, restoration \ndesigns). The effort is ultimately expected to support implementation of management practices \nin the watershed and future restoration activities in Catalpa Creek. \n \nThis research will focus on the identification, assessment, evaluation and prediction of instream \nprocesses within the study watershed. Specific objectives include i) to evaluate spatial and \ntemporal variation of suspended sediment transport rates, and an initial assessment of \ndominant mechanisms driving sediment supply and exportation within and from the Catalpa \nCreek; ii) to quantify in-stream erosion/deposition rates and determine the conditions and \nfactors affecting those rates on different areas within the Catalpa Creek Watershed; and iii) to \nassess the application of the USDA-ARS CONservational Channel Evolution and Pollutant \nTransport System (CONCEPTS) model to predict in-stream processes and develop a sediment \nbudget, and evaluate stream restoration design scenarios along the Catalpa Creek. \nMETHODS, PROCEDURES, AND FACILITIES \nTo address the research objectives, this project will undertake three sub-studies using a \ncombination of methods including field reconnaissance and detailed data collection, laboratory \nanalysis, and channel modeling in order to assess the actual contribution of in-stream processes \nto sediment loads within the Red Bud-Catalpa Creek Watershed. \n \nSub-study 1. Analysis of spatial and temporal variation of suspended sediment transport rates \nand initial assessment of dominant mechanisms driving sediment supply and exportation for the \nCatalpa Creek. \n\nImplementation Plan for the Red Bud-Catalpa Creek Watershed Phase 1_2/28/17 46 \n \n \nThe project will start on March 1st, 2017. Initial field reconnaissance will help to identify   \npotential locations to develop systematic survey assessments to characterize physico-chemical \n(water quality), hydrological (flow analysis) and biological and habitat (macroinvertebrates) \nconditions. The biological and habitat assessment will be performed in collaboration with the \nstaff of the Mississippi Wildlife Foundation’s Adopt-A-Stream Program in Mississippi (supported \nby MDEQ’s 319 NPS Program). Automatic monitoring stations will be set-up at three different \nlocations along the main channel (upper 4 miles) to collect stormflow water samples and water \nflow velocity and depth measurements. Routine base flow grab samples will be collected \nweekly from at least 15 locations along the main channel and tributaries of the Catalpa Creek. \nInsitu testing will include the assessment of the physio-chemical (e.g. pH, temperature, total \ndissolved solids, dissolved oxygen concentration) and hydraulic (e.g. flow velocity and depth) \ncharacteristics of the flow. Grab samples will be subjected to laboratory analyses at the Kelly \nGene Cook Environmental Lab to determine suspended sediment concentrations of all collected \nwater samples. Relationships between flow discharge and sediment loads (sediment rating \ncurves) will be constructed and related to the stage of channel evolution as proposed by Simon \n(1989). Establishing these relationships will initially indicate the spatial variation in suspended \ntransport efficiency, trends and possible mechanisms driving sediment supply and exportation \nalong and from the creek (e.g., streambed erosion, streambank erosion, and/or aggradation). \n \nSub-study 2. Assessment of in-stream erosion or deposition rates along the main channel reach \nand main tributaries. \n \nApproximately 20 cross-section transects will be initially surveyed along the upper 4 miles on \nthe main channel and tributaries by using a Real Time Kinematic (RTK) GPS system (TOPCON \nHiperlite Plus) at the beginning of the study. Selected cross sections will include active and \nstable streambanks. Transects will be resurveyed after stormflow events or monthly, if \nstormflow events are not observed in a shorter period of time. The depth of streambank \nwidening or contraction, and the changes in streambed elevation will be estimated for each \nsurvey. Volume and mass of eroded streambank and streambed material will be assessed by \ncomparing cross section changes in different surveying dates. A total event, seasonal and \nannual load will be estimated considering individual transects and the entire reach in \nevaluation.  \n \nSub-study 3. Assessing the application of the computational model CONCEPTS and HECRAS, to \npredict in-stream processes, develop a sediment budget within the Catalpa Creek watershed, \nand evaluate stream restoration design scenarios. \n \nThe computational model CONCEPTS will be evaluated (calibrated) on the surveyed stream \nsegments to assess model performance and capability to simulate temporal and spatial \nstreambanks and streambed changes and sediment transport along the entire studied reach. \nThe model will be set up using information collected from Sub-studies 1 and 2. Additional \ninformation needed to set up the model, such as streambank and streambed material \ncharacteristics (e.g. particle size distribution, bulk density, organic matter content) and \n\nImplementation Plan for the Red Bud-Catalpa Creek Watershed Phase 1_2/28/17 47 \n \nstreambank stability parameters (e.g., critical shear stress, erodibility, soil cohesion, friction \nangle) will be collected in-situ at each individual cross section, for each individual side.  \n \nResearchers from ARS-NSL will support this task by lending the required testing equipment (i.e. \njet test device, bore-hole shear test device) and training the project team in their use and \nresults management. The calibrated model will be tested for proposed stabilization scenarios \non most active streambanks. A sediment budget will be assessed by using the subroutine \nSediment Impact Analysis Methods (SIAM) included in the Hydrologic Engineering Center-River \nAnalysis System (HEC-RAS) model. \nSTATEMENT OF RESULTS, BENEFITS, AND/OR INFORMATION EXPECTED TO BE GAINED \nThe proposed research effort first intends to provide qualitative and quantitative identification, \nand temporal and spatial variability and distribution of hydraulic and channel characteristics, \nstages of channel evolution, representative in-stream processes (e.g. streambank undercutting \nand instability, streambed erosion or deposition, and sediment transport and sediment supply), \nand the definitive identification of these processes as the driving mechanism of sediment \nsupply within, and from the watershed. Collected and generated information will be used to \nproduce a calibrated model for hydraulic, sediment transport and channel evolution conditions \nand a sediment budget for the Catalpa Creek, which will become important pieces to plan the \ndevelopment of a stream restoration design that will aim at long-term to improve stream \nmorphology, biological integrity, and function of the Catalpa Creek. \n \nIn addition with the benefits described above, the project will be valuable for the development \nof maintenance and operation plans for in-stream BMPs, justification for continued \ngovernment and private expenditures in conservation, reduced labor costs associated with \nsurvey tasks such as pre-/post-construction surveys and cut/fill analysis. The project activities \nand results will be presented and transferred to a broad group of stakeholders including \nwatershed citizens, the entire MSU campus community, Starkville schools, and private, state \nand federal agencies related to the quality improvement of the Catalpa Creek, an EPA 319(h) \npriority watershed. Generated publications will include research reports, peer-reviewed \njournals papers and professional conference presentations and proceedings. \n \nPROJECT TERM, AMOUNT OF FUNDING, AND FUNDING SOURCE \nThe term of this project is March 1, 2017-February 28, 2018. The total funding level of this \nproject is $65,818. Non-federal funding is $44,155. Funding is provided through MWRRI’s 104b \nWater Resources Research Grant Program.   \n9.3 APPLIED USE OF UNMANNED AERIAL VEHICLES IN SURFACE WATER PROTECTION   \nABSTRACT \nErosion represents a significant detriment to Mississippi’s surface waters, as a source of both \nchemical (i.e., phosphorus) and physical (i.e., sediments) pollutants. Accordingly, erosion \n\nImplementation Plan for the Red Bud-Catalpa Creek Watershed Phase 1_2/28/17 48 \n \ncontrol will be necessary for maintaining the quality of Mississippi’s surface water resources, \nand identifying and monitoring erosion in critical areas will enable stakeholders to better \nmanage the State’s water resources by addressing a key source of degradation. The objective of \nthis research is to evaluate the accuracy of erosion calculations derived from Structure from \nMotion (SfM) captured with unmanned aerial vehicles (UAVs). The research project will \ncombine results from SfM assessments of erosion with ground-truthed measurements of \nerosion to determine the accuracy of this approach for use in calculating erosion values, and \nextend this approach to evaluate the ability of SfM to monitor erosion over time. Derived \nvalues will be incorporated into existing models (e.g., BSTEM, CAESAR-Lisflood) to determine if \nSfM data are a valid model input. Data will be collected from MSU-owned and managed \nresearch properties where significant erosion has been identified; some of these sites are \nwithin an EPA-designated 319(h) priority watershed. The result of this research is a scientific \nvalidation of the accuracy of erosion calculations derived from UAV-collected SfM assessments. \nWhen used appropriately, UAVs have the potential to enable rapid assessment of landscapes \nwith reduced labor costs. The research serves as a proof-of-concept project to develop a \nmethod by which UAVs could be employed to identify, quantify, and monitor erosion in \ndrainage channels and other eroded areas. This would enable federal, state, and local agencies \nto utilize this technology to more efficiently monitor, remediate, and regulate degradation of \nsurface waters. Outputs from this research project include transfer of information on the \nappropriate data collection strategies for UAV-based SfM assessments, as well as best practices, \nalong with methods, estimates of accuracy, and any necessary cautions. This data will be \ncommunicated to stakeholders through scientific exchange and interaction, in addition to the \nestablished University Extension network. \nNATURE, SCOPE, AND OBJECTIVES OF PROJECT \nThe objective of this research is to evaluate the accuracy of erosion calculations derived from \nStructure from Motion (SfM). Structure from Motion is a technique which relies on the concept \nof parallax to estimate 3D surfaces from 2D images. This technique has more recently been \naccomplished with UAVs to create digital surface models for other applications. At present, SfM \nis gaining acceptance as a low-cost alternative to other methods which estimate surface \ntopography (e.g., LIDAR, terrestrial laser scanning). The research project will combine results \nfrom SfM assessments of erosion with ground-truthed measurements of erosion to determine \nthe accuracy of this approach for use in calculating erosion values, and extend this approach to \nevaluate the ability of SfM to monitor erosion over time. Derived values will be incorporated \ninto existing models to determine if SfM data are a valid model input. Because of the nature of \nthe data, imagery is being collected which may show surface water quality impacts from \nerosion. This data will be investigated for the potential to perform pollution monitoring and \ntracking, but this is not the primary purpose of this research. \nMETHODS, PROCEDURES, AND FACILITIES \nAn investigation is proposed to be performed at MSU research locations, including Foil, \nAndrews, Bearden, and Leveck research properties, all located near the main campus in \nStarkville, MS. All locations have drainage ditches and additional areas of the property which \n\nImplementation Plan for the Red Bud-Catalpa Creek Watershed Phase 1_2/28/17 49 \n \nexhibit erosion, evidenced by channel incision and sidewall cutting; in some cases this erosion is \nquite substantial (Figure 1). In fact, the Bearden and Leveck locations are located in the Red \nBud-Catalpa Creek Watershed, which was recently designated as an EPA 319(h) priority \nwatershed. This system is listed as impaired under Section 303(d) of the Clean Water Act for its \nsediment load, among other pollutants, making these locations ideal testbeds. \n \nA multirotor UAV will be utilized to perform SfM analysis and monitoring of erosion over the \ncourse of the study period. Imagery will be taken with a significant (70%) frontal and side \noverlap between successive images to create a dense point cloud of images. Identifiable \nstructures in each image (e.g., telephone poles, plot markers, sewer caps) will be used to align \nthe images properly. Geographic coordinates for these structures can be used to further \nincrease the accuracy of the alignment, thus target research locations will be marked and \ngeotagged appropriately. UAV missions will be conducted at no less than monthly intervals for \nthe first 10 months of the study period, with the remaining two months reserved for data \nanalysis and information transfer. \n \nConcurrent with UAV imagery collection, field data will be collected to provide ground-truthing \ninformation. Cross-section transects along the channels of Sand and Catalpa Creeks near active \ngullies, and morphological characteristics of these channel cuts will be surveyed using a Real \nTime Kinematic (RTK) GPS system at points of interest at the beginning and end of the UAV data \ncollection period (months 0 and 10), and after individual rainstorm events during the first 10 \nmonths of the research. The depth of streambank widening or contraction, and the displaced \nvolume of soil in gullies will be estimated for each survey. Volume and mass of eroded \nstreambank and streambed material will be assessed by comparing cross-section changes \nbetween surveys. Displaced volume of soils in gullies will be estimated using the direct \ncomputation method included in the Part 650 - Engineering Field Handbook of the USDA \nNatural Resourc"
}