{
  "slug": "jasper-creek-watershed-plan-2019",
  "source": "Jasper_Creek_Watershed_Plan_2019.pdf",
  "length": 57751,
  "part": 2,
  "text": "throughout the watershed, and is not concentrated in one particular area.  \nBecause of this, the problem is considered to be expansive and affects the majority of this \nwatershed.       \n \nThe stakeholders believe that educating landowners about the effectiveness of best management \npractices, and implementation of these best management practices within the watershed will \ngreatly improve water quality in the Jasper Creek Watershed.  \n \nWATER RESOURCES \n \nHistory of Activity in the Watershed \n \nThe primary partners in restoration and /or conservation efforts in the Jasper Creek Watershed \nhave been the Natural Resources Conservation Service, the Union County Soil and Water \nConservation District, the Tippah County Soil and Water Conservation District, and the \nMississippi Soil and Water Conservation Commission.  Local landowners and operators have \nalso played a major role in the restoration and conservation of the natural resources in this \nwatershed by installing best management practices on their land.  Several environmental and \nagricultural conservation programs have been utilized by landowners in the watershed in past \nyears.  These programs include the Environmental Quality Incentive Program (EQIP) and \nConservation Reserve Program (CRP).  These programs, funded by USDA, have helped many \nlandowners implement conservation practices on the ground while reducing soil loss, enhancing \nwildlife habitat, improving water quality, increasing agriculture and silviculture production, and \npromoting conservation education.    \n \n\n9 \n \nWildlife and Fisheries \n \nThere are important recreational species located throughout the watershed.  These species \ninclude deer, turkey, bass, catfish, bream, rabbits, squirrel, and raccoon.  Also, trapping is an \nimportant recreation that takes place in this watershed.   The list of plants and animals of special \nconcern are provided below for Union and Tippah Counties.  There are no animals and plants \nthat are threatened or endangered in this watershed. \n \nTable 2: Animals of Special Concern in Union County \n Scientific Name  Common Name \nAimophila aestivalis  Bachman's Sparrow  \nAlligator mississippiensis  American Alligator  \nAnodontoides radiatus  Rayed Creekshell  \nCyprinella spiloptera  Spotfin Shiner  \nCyprinella whipplei  Steelcolor Shiner  \nEtheostoma raneyi  Yazoo Darter  \nLeptodea fragilis  Fragile Papershell  \nLigumia subrostrata  Pondmussel  \nStaphylea trifolia  American Bladdernut  \nUniomerus tetralasmus  Pondhorn  \nUrsus americanus  Black Bear  \nVillosa lienosa  Little Spectaclecase  \nTable 3: Animals of Special Concern in Tippah County \n Scientific Name  Common Name \nArigomphus villosipes Unicorn Clubtail \nCyprinella whipplei Steelcolor Shiner \nEtheostoma raneyi Yazoo Darter \nGomphus modestus Gulf Coast Clubtail \nNoturus gladiator Piebald Madtom \nOphisaurus attenuatus Slender Glass Lizard \nProcambarus ablusus Hatchie River Crayfish \nStylogomphus albistylus Eastern Least Clubtail  \nStylurus laurae Laura's Clubtail \nTachopteryx thoreyi Gray Petaltail \n\n10 \n \nTable 4: Plant Species of Special Concern in Union County \nScientific Name Common Name \nAcorus calamus  Sweet Flag  \nAplectrum hyemale  Puttyroot  \nAsarum canadense  Canada Wild-ginger  \nAsplenium rhizophyllum  Walking-fern Spleenwort  \nCarex meadii  Mead's Sedge  \nCladrastis kentukea  Yellowwood  \nEuonymus atropurpureus  Burning Bush  \nFrasera caroliniensis  American Colombo  \nGalearis spectabilis  Showy Orchis  \nHexalectris spicata  Crested Coralroot  \nHybanthus concolor  Green Violet  \nJuglans cinerea  White Walnut  \nOsmorhiza longistylis  Smoother Sweet-cicely  \nPachysandra procumbens  Allegheny-spurge  \nPanax quinquefolius  American Ginseng  \nPolemonium reptans  Jacob's Ladder  \nSymphyotrichum ericoides  White Heath Aster  \nTriosteum angustifolium  Narrow-leaf Fever Root  \nTable 5: Plant Species of Special Concern Tippah County \nScientific Name Common Name \nAdiantum capillus-veneris Southern Maidenhair-fern \nAgalinis oligophylla Ridge-stem False-foxglove \nAsarum canadense Canada Wild-ginger \nAsplenium rhizophyllum  Walking-fern Spleenwort  \nCarex picta Boott's Sedge \nChelone glabra White Turtlehead  \nCypripedium parviflorum var. pubescens Yellow Lady's-slipper \nDeparia acrostichoides Silvery Spleenwort \nDiplazium pycnocarpon Glade Fern \nGalearis spectabilis Showy Orchis \nGoodyera pubescens Downy Rattlesnake-plantain \nHybanthus concolor Green Violet \nIsotria verticillata Large Whorled Pogonia \nJuglans cinerea Butternut \nLigusticum canadense Nondo Lovage \n\n11 \n \nWater Body Classifications and Designated Uses \n \nSurface waters in Mississippi are used for a number of purposes.  Waters are used for drinking \nand food processing, shellfishing, recreation, fishing, and aquatic life support.  Water bodies are \nclassified and assigned various use classifications by MDEQ in the state’s Regulations for Water \nQuality Criterial for Intrastate, Interstate, and Coastal Waters (11 Miss. Admin. Code Pt. 6, Ch. \n2) (MDEQ, 2016) based on the use of the waterbody identified by the public and other entities.  \nThe use classifications and associated USEPA designated uses for water quality assessment \npurposes recognized by the State of Mississippi are as follows: \n \nUse Classification   USEPA Associated Designated Use   \n \nPublic Water Supply   Drinking Water Supply \n Recreation    Contact Recreation \nFish and Wildlife Aquatic Life Use, Fish Consumption, Secondary \nContact Recreation \n Shellfish Harvesting   Shellfish Consumption \n \nThe water use classification for Jasper Creek and other water bodies within this watershed is Fish \nand Wildlife.  As described above, the associated designated uses with this classification are \naquatic life support, fish consumption and secondary contact recreation.   \n \nWater Quality Status \n \nMDEQ has conducted statewide biological monitoring using benthic macroinvertebrates as the \nindicator to develop a regionally-calibrated Index of Biological Integrity (IBI) for wadeable \nstreams. This index, known as the Mississippi Benthic Index of Stream Quality (M-BISQ), was \nused in the biological assessment of the State’s wadeable streams and rivers including Jasper \nCreek.  Based on the M-BISQ scores, this water body was determined to be impaired. Therefore, \nJasper Creek (MS900511) was placed on the Mississippi 2006 Section 303(d) List of Impaired \nWater Bodies (MDEQ, 2006) for Biological Impairment.  Biological community data were \ncollected at two sampling locations along Jasper Creek (Figure 3) and samples were collected in \n2003, 2013 and 2015.  Biological community data were collected at both the upstream and \ndownstream sampling locations in 2003 and scored using M-BISQ protocols.  These scores were \n47.17 and 40.05 points below the attainment threshold for streams in the bioregion.  In 2013, the \ndownstream location was resampled and the score was 32.2 points below the attainment \nthreshold.  In 2015, the upstream monitoring location was resampled, and while showing some \nimprovement, the score was still 31.1 points below the attainment threshold.  All data described \nhere represent the status of the stream prior to implementation of the conservation practices \nidentified in this watershed plan.  Monitoring will be scheduled 2-3 years post implementation to \ngive the stream time to recover and allow the conservation practices to take effect.   \n \n\n12 \n \n \nFigure 3: Jasper Creek Watershed Monitoring Locations \n \nTotal Maximum Daily Load (TMDL) \n \nWhen water bodies are assessed as not attaining their designated use(s), those waters are \ncompiled into a list as required by Section 303(d) of the Clean Water Act.  This list represents \nwaters that are deemed impaired for one or more designated use(s) and as a result, a total \n\n13 \n \nmaximum daily load (TMDL) for the pollutant determined to be causing the impairment must be \ndeveloped pursuant to 40 CFR part 130.  The TMDL is representative of a stream budget where \npollutant specific allowable loads are developed to ensure the water body can meet appropriate \nwater quality criteria and designated uses.   \n \nJasper Creek (MS900511) was first listed on MS’s Section 303(d) List of Impaired Water Bodies \nin 2006 for biological impairment.  Figure 4 provides a map of the listed segment.  Using \nbiological community metrics, habitat data, water quality, and measures of stream \ngeomorphology, a stressor identification analysis was completed for the Jasper Creek watershed \nto determine the most likely cause(s) of the impairment. This analysis identified sediment as the \nprimary probable stressor of the water body and a TMDL was developed in 2019.  The \nRegulations for Water Quality Criterial for Intrastate, Interstate, and Coastal Waters (11 Miss. \nAdmin. Code Pt. 6, Ch. 2) (MDEQ, 2016) does not include a numeric water quality standard for \naquatic life protection due to sediment. As stated in the TMDL, the narrative standard for the \nprotection of aquatic life is sufficient for justification of TMDL development, but does not \nprovide a quantifiable TMDL target. The target is based on reference sediment yields developed \nby the Channel and Watershed Processes Research Unit (CWPRU) at the USDA, Agricultural \nResearch Service, National Sedimentation Laboratory (NSL).  \n \nThe CWPRU developed reference sediment yields, or targets, for each level III ecoregion within \nMississippi. These yields were derived from the empirical analysis of historical flow and \nsuspended sediment concentrations for stable streams in each level III ecoregion. The methods \nused to develop the level III reference yields are described in detail in the reports titled \n“Reference” and “Impacted” Rates of Suspended-Sediment Transport for Use in Developing \nClean Sediment TMDLs: Mississippi and the Southeastern United States (Simon, et al., 2002b) \nand Actual and Reference Sediment Yields for the James Creek Watershed – Mississippi (Simon, \net al., 2002a).  \n \nFor the Jasper Creek watershed, the estimated allowable range of sediment loads for stable \nstreams is 0.0004 to 0.0019 tons per acre per day at effective discharge.  Also based on this \nanalysis, a range of unstable values was assigned to the listed waterbodies within HUC \n080302010404 based on the level III ecoregion unstable stream values.  The unstable range is \nrepresentative of the existing loads that would be expected for water bodies within HUC \n080302010404.  The unstable range for water bodies within HUC 080302010404 is 0.002 to \n0.054 tons per acre per day at the effective discharge.  The ecoregion approach was used to \nestimate existing load ranges for unstable streams and this range was then used to estimate the \nexisting load for the Jasper Creek Watershed to be 39.3-1,035 tons per day.  The load allocation \ndeveloped by the TMDL is an estimation of the acceptable contribution of all nonpoint sources \nin the watershed and includes contributions from the channel and surface runoff in the \nwatershed.  The load allocation developed for the Jasper Creek Watershed is 14.4 tons per day.  \nThe estimated existing loading is higher than the target loading; therefore, a reduction in \nsediment loading of 63.4%-98.6% is recommended for HUC 080302010404.  The TMDL \nrecommends the implementation of streambank and riparian zone buffer best management \npractices along with any other conservation practices to limit sediment from entering streams in \nthe watershed.\n\n14 \n \nFigure 4: Map of 303(d) Listed Segment for Jasper Creek (MS900511) \n\n15 \n \nWATERSHED MANAGEMENT ACTIONS \n \nNutrient and Sediment Best Management Practices \n \nStakeholder Interests \n \nThe major concerns of the stakeholders include nutrient and sediment loadings to water bodies in \nthe Jasper Creek watershed.     \n \nRoles and Responsibilities \n \nThere are several different groups with responsibilities in this watershed.  NRCS staff has the \nresponsibility of identifying landowners, providing technical assistance, designing the BMPs and \nmaking payments for practices installed under EQIP.  The landowners have the responsibility of \nimplementing BMPs in the project area.  The Jasper Creek Watershed Implementation Team has \nthe role of helping gather the information needed to write the Watershed Based Plan.  The \nMSWCC has the responsibility of compiling all the information, writing and updating the plan \nfor the watershed and providing oversight for the Section 319 project.  The Union and Tippah \nCounty Soil and Water Conservation Districts will have and responsibility of helping in the \nidentification of potential participants for the project, coordinating all the paperwork for \npayments of practices, and assisting in helping plan and conduct the field days for the project.   \n \nGoals and Objectives \n \nThe goal of this watershed implementation team and resulting watershed based plan is to reduce \nthe nutrient and sediment loading coming from agricultural and other land use activities in an \neffort to improve water quality in the Jasper Creek Watershed.  This approach provides the \nstakeholders an opportunity to restore Jasper Creek by addressing the sediment and associated \nnutrient loadings into the stream.  \n \nManagement Actions \n \nThe management actions identified to address nutrient and sediment loadings involve installation \nof agricultural BMPs, water quality monitoring, public outreach/education and other measures.  \nThese BMPs included:  \n Streambank and Shoreline Protection,  \n Grade Stabilization Structures,  \n Critical Area Planting, \n Heavy Use Area Protection, \n Tank/Trough and others. \n \n\n16 \n \nThese BMPs were installed by the participating landowners in the watershed utilizing funds \nthrough a Section 319 Water Quality Project and the NRCS Environmental Quality Incentives \nProgram (EQIP) program.  Local NRCS staff provided the technical/planning assistance for \nBMP implementation on both programs.  The NRCS also provided funding for the BMP \nimplementation for the EQIP practices.  Most of the BMPs that were installed are permanent \nstructures and must be maintained by the landowner for a period of 10-15 years.  NRCS \nemployees, as well as Tippah and Union County Soil and Water District employees identified \nlandowners in the watershed that had agricultural land needing treatment and participated in \nproject.   \n \nProject Tracking and Assessment of Progress \n \nThe Jasper Creek Watershed project began in late 2016.  All BMPs that have been installed \nbefore the beginning of the project through the NRCS EQIP program are tracked by utilizing the \nRevised Universal Soil Loss Equation (RUSLE) on all acres affected by the BMPs.  This is the \nsame method that was used to track all EQIP practices that were implemented in the project area \nduring the life of the project (2016-2019) and any practices installed with 319 funding.  In \naddition to the calculation of soil savings accomplished using RUSLE, MDEQ used the U.S. \nEnvironmental Protection Agency (EPA) Region 5 Model to estimate total phosphorus, total \nnitrogen, and sediment savings achieved through the implementation of the practices funded \nusing Section 319 dollars.   \n \nThe Region 5 Model was originally developed in 1999 by the Michigan Department of \nEnvironmental Quality and provides a gross estimate of sediment and nutrient load reductions \nfrom the implementation of conservation practices.  In 2018, the model was updated to estimate \nflow captured by infiltration practices and enhanced to include the functionality of estimating \nbaseline load from annual rainfall and event mean concentration in surface runoff.  This model is \na simplistic model available for download from USEPA’s website that is easy to use while \nallowing the end user to provide some estimate of water quality benefit from conservation \npractice implementation.   \n \nDesired Results/Benefits \n \nThe desired results of this project were to improve water quality in the watershed by reducing \nsediment and nutrient loading to the streams, engage the landowners and encourage conservation \npractice implementation, and educate stakeholders on the benefits of BMPs and how nonpoint \nsource pollution affects the waters in the watershed and the rest of the state.   \n \nAs part of this project, the BMPs that were installed using Section 319 grant funding were \ntracked individually and entered in the Region 5 Model to estimate nutrient and sediment \nreductions achieved from these practices.  Through this project, approximately 1,129 tons of \nsediment were kept from entering the streams and total nitrogen and total phosphorus were \nreduced by 1,255 lbs/yr and 3,053 lbs/yr respectively.  Because MDEQ did not have access to \ndetailed individual practice data implemented using NRCS EQUIP funds, the reduction estimates \ncould not be calculated for those practices.   \n \n\n17 \n \nBudget \n \nUsing information from the USDA Protracts database, aggregated data was queried and provided \nfor use in this report for the Jasper Creek Watershed.  Under the EQIP program funded through \nNRCS, there has been over $96,000 spent on conservation practices in Union and Tippah \nCounties from 2008-2018.  The table below provides a list of the practices funded through EQIP \nduring the Jasper Creek Watershed Implementation Project (2016-2018). \n \nTable 6: Conservation Practices Implemented through EQIP (2016-2018) \nNRCS Practice Number/Amt. $ Spent \nMulching 1.9 ac $907.35 \nLand Clearing 1 ac $1,935.00 \nGrade Stabilization Structure 5 no $22,248.70 \nCritical Area Planting 1.9 ac $801.12 \nHerbaceous Weed Control 32.8 ac $803.82 \nHeavy Use Protection Area 2 no $1,431.25 \nWatering Facility 2 no $2,145.01 \nLivestock Pipeline 950 ft $2,104.60 \nHigh Tunnel System 2160 sq ft $4,829.76 \nCover Crop 0.7 ac $87.40 \nMicro-irrigation System 0.7 ac $174.72 \nTotal \n \n$37,468.73 \n \nAs part of this plan, the MSWCC along the MDEQ allocated money from the FY2015 Section \n319(h) grant to fund the implementation of on the ground conservati"
}