{
  "slug": "bear-creek-watershed-plan-2007",
  "source": "Bear_Creek_Watershed_Plan_2007.pdf",
  "length": 68731,
  "part": 3,
  "text": " 1 day/yr/5 years $1,500.00 \nFlea Beatles $0.00/500 insects N/A $0.00 \nHerbicide Treatments $90.00/ac. 1000 acres $90,000.00 \nTotal   $96,000.00 \n \n \n \n\n 23 \nFisheries Management \n \n  Participants \n      \n  Mississippi Department of Wildlife, Fisheries, and Parks \n \n  Implementation/Action \n   \nMDWFP Bureau of Fisheries takes an active role in the management of \nmost popular public waters in the state.  Of those many lakes in the Bear \nCreek watershed, only a very few offer public access, thereby reducing \npublic use and the importance of MDWFP’s activities in the watershed.  \nHowever, public access can be gained to several of the lakes, of which, \nMossy Lake is the most popular fishery.   \n \nFor Mossy Lake, MDWFP has proposed to map the lakes depth profile as \na part of a comprehensive, statewide effort to provide new lake maps to \nthe public.  This project is ongoing.  Furthermore, it is proposed that a \nfisheries management plan be developed, implemented and its subsequent \nresults monitored.  Management actions may include the implementation \nof specific creel and slot sizes on certain species of game fish like white \ncrappie and black bass. \n \nNo other actions have been proposed for other lakes in the watershed. \n   \n   Budget \n \nProjected costs associated with fisheries management on Mossy Lake are \noutlined in Table 8. \n \nTable 8.  Projected Costs for Fisheries Management on Mossy Lake \nPractice Unit Cost \n(w/installation) \nNumber of Units Total Cost \nMonitoring  \n    Field \n    Fish Pop. Reports \n    Field \n    Harvest Survey  \n \n$590/day \n$266/day \n$288/day \n$266/day \n \n4 \n2 \n28 \n10 \n$13,622.00 \nMgt. Plan Development $266/day 7 $1,860.00 \nMapping $554/day 4 $2,216.00 \nTOTAL   $17,698.00 \n \n \n\n 24 \nAccess to Public Water \n \n  Participants \n      \n  Mississippi Department of Wildlife, Fisheries, and Parks \n  Mississippi Department of Environmental Quality \n  Private Landowners \n  General Public/Lake Users \n   \n  Implementation/Action \n   \nThe Technical Committee of this Watershed Implementation Team, along \nwith the public users in the watershed, have identified access to public \nwaters as a primary concern in this watershed.  However, this point was \ngenerally contested by the private landowners in the watershed who own \nland surrounding these public waters.  Although there were exceptions, the \nlandowners generally agreed to oppose any efforts to increase public \naccess to the public waters in the watershed. \n \nBecause the entire Watershed Implementation Team did not reach \nconsensus on this issue, no plan of action will be recommended. \n \n  Budget \n \nBecause no action item was developed, there is no budget for this priority \nconcern. \n \n \n \n \n \n \n \n \n \n \n \n \n \n \n \n \n \n \n \n\n 25 \nEducation Strategy \n \nGoal \n \nThe overall objective of the education strategy in the Bear Creek watershed is to \ndevelop an atmosphere that promotes sustained, long-term protection and \nimprovement of aquatic resources in the watershed. Specific objectives of \neducation efforts in the watershed include the following. \n \n• Increase farmer and landowner awareness of the value of clean water and \ntheir responsibility to insure others down stream have clean water. \n• Increase farmer and landowner knowledge of programs that offer financial \nand/or technical assistance to plan, design, and/or install BMPs to improve \nwater quality.   \n• Increase public awareness of the value of clean water. \n• Increase public awareness of how common activities affect water quality \nand critical flora and fauna. \n• Increase public awareness of how BMPs can be used to reduce negative \nwater quality and habitat affects. \n• Increase public awareness of the long term environmental and economic \nadvantages of protecting and improving water quality and habitat in the \nBear Creek watershed. \n \n  Delta Wildlife and Delta F.A.R.M. \n \nEducation and outreach are part of Delta Wildlife and Delta F.A.R.M.’s \nmission. Delta Wildlife publishes a quarterly magazine as Delta F.AR.M. \npublishes a quarterly newsletter for members and make educational \npresentations at schools and to various groups.  A portion of these efforts \nwill be targeted towards landowners and residents in this watershed.  \nFurthermore, the organization will use other means of outreach through \npress releases and their website.  This implementation plan will also be \navailable on both organization’s website along with information for \nlandowners in the watershed who wish to participate. \n \n Mississippi Natural Resources Conservation Service \n \nThe Mississippi Natural Resources Conservation Service (NRCS) \nprovides technical resources and education through a number of \nconservation programs, the Natural Resource Inventory, public service \nannouncements, technical resources, and their website \n(http://www.ms.nrcs.usda.gov)\n. Information on some of these programs \nand resources is provided below. Additional information is available on \n\n 26 \nthe Mississippi NRCS website or by contacting Mississippi NRCS or \ncounty USDA Service Centers. Education and outreach activities are \nperformed primarily by county conservationists. \n \nConservation Programs \n \nThe Mississippi Natural Resources Conservation Commission \nassists in implementing a number of conservation programs in \nMississippi. These programs provide technical and/or financial \nassistance to landowners for conservation of particular land uses \nand restoration of natural habitats. A list of these programs is \nprovided below.  \n \n• Conservation of Private Grazing Lands \n• Conservation Technical Assistance \n• Emergency Watershed Protection \n• Environmental Quality Incentives Program (EQIP) \n• Farmland Protection Program \n• Grassland Reserve Program \n• Grazing Lands Conservation Initiative \n• Resource Conservation and Development \n• Soil Survey Programs \n• Watershed Protection and Flood Prevention \n• Wetlands Reserve Program \n• Wildlife Habitat Incentives Program \n \nNRCS also assists in the Conservation Reserve Program (CRP) \nmanaged by Farm Service Agency, and the Stewardship Incentive \nProgram managed by Forest Service. Information about these \nprograms is available on the website, or by contacting the County \nUSDA Service Centers. \n \nTechnical Resource Documents \n \nTechnical resource documents are available on a wide variety of \nsubjects. These documents can be obtained through the website, or \nby contacting the County USDA Service Centers. Technical \nresource documents are available for the following subject areas: \n \n• Agronomy, wind and water erosion, \n• Air quality, \n• Conservation practice standards, \n• Cultural resources, \n• Economics resources, \n• Engineering tools and resources, \n\n 27 \n• Environmental compliance, \n• Farmland information center, \n• Forestry and agroforestry, \n• Invasive species, \n• Natural resource data and analysis, \n• Nutrient management, \n• Pest management, \n• Plants, \n• Range and pasture, \n• Soils, \n• Streams, \n• Understanding ecosystems, \n• Water resources, and \n• Wildlife biology. \n \nTechnical Tools and Models \n \nTechnical tools and models are available through the Mississippi \nNRCS. These tools are available on the website, or by contacting \nthe County USDA Service Centers. The available tools and models \ninclude:  \n \n• Animal waste management software, \n• Computer tools for conservation decision making, \n• Engineering documents and tools, \n• Irrigation and water management tools, \n• Manure Master decision support system, \n• Pest management, \n• Interactive web tool for selecting and sizing buffer \npractices for the Conservation Buffer Initiative, \n• SITES water resources site analysis program, \n• Soil Data Viewer, \n• Soil quality test kits, \n• STATSGO soils browser, \n• TR-55, urban hydrology for small watersheds, and  \n• The web based VegSpec program. \n \n \n \n \n \n\n 28 \nConservation Education Resources \n \nThe Mississippi NRCS is also involved in a number of \nconservation education efforts. Most of these programs are geared \ntoward children in kindergarten through 12\nth\n grade. Information on \nthese programs and how to obtain educational materials is \navailable on the website at \nhttp://www.nrcs.usda.gov/feature/education/\n. Included are \nmaterials about soil science education, backyard conservation, \nconservation history, and living in harmony with wetlands. An \ninteractive educational program “S.K. Worm Teaches Soils” is \navailable on the website at \nhttp://www.nrcs.usda.gov/feature/education/squirm/skworm.html. \n \n Mississippi Soil and Water Conservation Commission \n \nThe Mississippi Soil and Water Conservation Commission (MSWCC) \nmaintains a number of educational programs and materials. Detailed \ninformation is provided below. In addition to these programs, the Soil and \nWater Conservation Commission and county districts also maintain \nwebsites for the purpose of providing information and outreach \n(www.mswcc.state.ms.us\n).  \n \nEducational videos \n \nFive educational videos have been produced for adults.  These \nvideos can be obtained from local Soil and Water Conservation \nDistrict (SWCD) offices or from the MSWCC. \n \n• Conservation Tillage \n• Native Mississippi Wildflowers \n• Scenic Rivers \n• Urban Nonpoint Source Pollution: A citizen’s Guide \n• Our Little River \n \nModels \n \nWorking models of an aquifer, farm, urban area, and watershed are \navailable. These models can be used to demonstrate pollution \nproblems, and conservation practices. The models can be obtained \nfrom SWCD offices or from the MSWCC. \n \n \n \n \n\n 29 \nActivity booklets \n \nThree activity booklets have been developed for education of \nchildren. Two of the booklets are appropriate for ages pre-\nkindergarten through three years; “Sammy Soil” teaches the basics \nof soil and water conservation and, “Wendy Water” teaches basic \nwater conservation. One booklet can be used for ages pre-\nkindergarten through junior high school: “Earthworms, Recycling \nand Composting in the Classroom”. These booklets can be \nobtained from local SWCD offices or from the MSWCC. \n \nNewsletters \n \nThree newsletters are published regularly. Current issues are \navailable from MSWCC. \n  \n• MSWCC Annual Report \n• MACD “Conservation Outlook” \n• Envirothon “EnviroUpdate” \n \nAwards \n \nAn awards program for outstanding conservation teachers at the \nelementary and secondary level, and outstanding conservation \neducation program is sponsored. These awards are given yearly \nand recognized at the Annual Meeting of the Mississippi \nAssociation of Conservation Districts in January. They spotlight \nthe Conservation Education efforts of individual teachers in local \nschools who integrate responsible conservation awareness into \ntheir everyday classroom curriculum. The Conservation Education \nProgram District award is presented to the Soil and Water \nConservation District that has shown innovative methods of \ndelivering the conservation message to students as well as adults \nthrough a comprehensive education program. Each state winner is \nnominated for the national award sponsored by Zeneca and the \nNational Association Conservation Districts. \n \n \n \n \n \n \n \n \n \n\n 30 \nCarnivals and field days \n \nLocal SWCDs organize and conduct educational hands-on field \ndays to provide school age students an opportunity to participate in \nconservation activities in various natural areas. Local and state \nresource professionals, as well as trained volunteers, conduct the \nstops and lead or guide the groups in the learning process. The \nevent is often held at local parks or environmental sites, as well as \nat some schools. The age span varies from kindergarten to eighth \ngrade, depending on the local SWCD. However, fifth grade is the \nmost popular grade attending Carnivals. \n \nConservation grandparents \n \nThis program provides a series of activity sheet and conservation \nkits for an adult to work with one or more children using everyday \nmaterials to teach conservation awareness. Materials are available \nfrom SWCD offices or MSWCC. Workshops can be arranged \nthrough Gail Spears at the MSWCC office. \n \nFarm tours \n \nThe MSWCC works with a Soil & Water Conservation District \nand a local landowner to schedule a tour of an installed Best \nManagement Practice (BMP). This gives those observing the \nprocess a hands-on look at the results of using such a conservation \npractice. Touring these farms along with District personnel and \nCommissioners are other farmers, the general public, local media \nrepresentatives and local municipal or county officials. \n \nFood, land, and people \n \nFLP is a nonprofit, interdisciplinary, supplementary educational \nprogram emphasizing agriculture, the environment, people of the \nworld, and their relationships. This nationwide PreK-12 \nagricultural-environmental education curriculum project provides \nhundreds of high-quality, objective and easily-integrated \ncurriculum materials. The MSWCC participates and trains teachers \nand facilitators and is a co-sponsor of this program with \nUSDA/NRCS, MS Farm Bureau, and other state and federal \nagencies and organizations. Contact Susan Thompson at MSWCC. \n \n \nLicense tags for conservation education \n \n\n 31 \nDuring the 2000 Legislative Session, the Legislature passed the \nMSWCC’s proposal for a distinctive vehicle license tags, with the \nspecial tag fee to go into a fund for conservation education. The \ndesign on the license plate is a native Mississippi wildflower, the \nBlack-eyed Susan. These tags are available in local county Tax \nCollector offices for a $30 fee in addition to regular license fees. \n \nPoster and essay contest \n \nA conservation education poster/essay contest is held yearly. The \nposter contest is divided by grade levels, K-1, 2-3, 4-6, 7-9, 10-12. \nThe rules and topic (which is usually the Soil Stewardship topic \nfrom NACD) are sent to local districts in the fall with the entries \n(posters or essays) due in the local SWCD office in the spring. The \nposters are judged at the local, area and state level with the state \nwinners being entered in the national contest. The essay contest \nhas the same theme but is conducted in grades 7-12 and is only \njudged at the local, area and state level. The awards at the state \nlevel are US Savings Bonds. \n \nTeacher workshops \n \nThe Commission conducts teacher workshops on conservation \neducation in the classroom at local schools, state subject area \nconferences, environmental education conferences, and other \neducational meetings and summer workshops. These may be in \nsupport of the two curriculums the Commission distributes or \ndeveloped for the needs of the target audience. In addition, \nEducation Specialists can assist in scheduling workshops for \nProject Learning Tree and Project Wet. Contact Clay Burns at \nMSWCC. \n \nEnvirothon \n \nThe Mississippi Envirothon is a hands-on educational competition \nfor students in grades 9-12 who compete as five-member teams. \nThey prepare in the areas of soils, aquatics, forestry, wildlife, and a \ncurrent environmental issue that changes each year. They compete \nat the area level in March to earn the right to compete at the state \ncontest in May. The state champions advance to the international \ncontest, Canon Envirothon, in the summer as Mississippi’s \nrepresentative. The state program is funded by a grant from \nChevron Mississippi. Contact Jimmy Booth at MSWCC. \n \n \n\n 32 \nSoil and water conservation youth camp \n \nThe Warren A. Hood Soil & Water Conservation Youth Camp is \nheld at Hinds Community College in Raymond, Mississippi the \nfirst week of June, starting on Sunday evening and concluding at \nnoon on Thursday. The camp is designed to make learning about \nconserving our natural resources fun as well as educational. \nParticipants from high schools in each SWCD are exposed to all \naspects of soil and water conservation including cropland, \ngrassland, woodland, and wildlife. This is achieved through \nhands-on activities conducted by local and state resource \nprofessionals, field trips, and planned recreation. Contact your \nlocal SWCD. \n \nMississippi State University Cooperative Extension Service \n \nEducational and outreach activities of the Mississippi State University \nCooperative Extensions Service include newsletters, bulletins, information sheets, \nresearch reports, a website (msucares.com), conferences, workshops, seminars, \nenvironmental quality programs, and fish and wildlife programs. These activities \nare performed primarily by county extension agents. \n \nMDEQ \n \nNonpoint Source Education/Outreach is a statewide effort that focuses education \nof the public, students, land managers, road builders, communities, and public \nofficials, on cleaning up and preventing nonpoint source (NPS) pollution in a \nwatershed. One of the primary goals of MDEQ’s NPS pollution education \nprogram is to create awareness among school age children and adults of where \nand how polluted runoff is generated. How it affects Mississippian’s quality of \nlife, and how practices can be implemented to improve water quality or to \nmaintain a pristine water body. MDEQ reaches the general public with statewide \ndistribution campaigns of NPS literature, the Mississippi Environment newsletter, \nNPS/water lesson plans to libraries and schools, NPS public service \nannouncement for radio, exhibits at conferences and professional meetings.  \nSince the inception of the Basin Management Approach to Water Quality in 1998, \nNPS education activities are being coordinated, as appropriate, with the \nImplementation Phase activities of each basin group. NPS education activities are \ndescribed below. \n \nAqua Fair \n \nAqua Fair is an annual event to educate fifth grade students on water \nquality. Aqua Fair is presented in a different region of the state each year \nand reaches an audience of about 2000 fifth graders, 100 teachers and 250 \nresource people annually. The students participate in 5 different activities \n\n 33 \nranging from “building a watershed in a pan” to “running a relay race with \nbuckets of water”. Every session is interactive and tea"
}