{
  "slug": "red-bud-catalpa-creek-watershed-plan-2016",
  "source": "Red_Bud_Catalpa_Creek_Watershed_Plan_2016.pdf",
  "length": 299315,
  "part": 5,
  "text": " to increase across northeast MS by mid-century, though these \nFigure 9.3.4. Simulated difference in annual mean precipitation for the Southeast U.S. for \neach future time period with respect to the base period 1971-1999 based on output from all \navailable CMIP3 models using the A2 and B1 scenarios. Hatched areas indicate that more \nthan half of the models show a statistically significant change in precipitation and more \nthan 67% agree on the sign of the change (i.e. increase or decrease).  \nAdopted from Figure 37 in Kunkel et al. (2013). \n\n \n \nWRMP for Red Bud – Catalpa Creek Watershed_Final   36 \n \nchanges are not statistically significant (Figure 9.3.6).  It is important to note that \nindividual model ranges from both the CMIP3 and NARCCAP are rather large compared \nto the multi-model means, indicating that there is considerable uncertainty in both \nannual and seasonal precipitation projections across the region by the end of the 21\nst\n \ncentury.   \n \nFigure 9.3.5. Simulated difference in annual mean precipitation for the Southeast U.S. for mid-\ncentury with respect to the base period 1971-2000 based on output from all available NARCCAP \nmodels using the A2 scenario. Areas without hatching indicate that less than half of the models \nshow a statistically significant change in precipitation but more than 67% agree on the sign of \nthe change (i.e. increase or decrease). Adopted from Figure 38 in Kunkel et al. (2013). \n\n \n \nWRMP for Red Bud – Catalpa Creek Watershed_Final   37 \n \n \n \nFigure 9.3.6. Simulated difference in the percentage of extreme precipitation days (top) and number of \nconsecutive dry days (bottom) for the Southeast U.S. for mid-century with respect to the base period 1971-\n2000 based on output from all available NARCCAP models using the A2 scenario. Areas without hatching \nindicate that less than half of the models show a statistically significant change but more than 67% agree on \nthe sign of the change (i.e. increase or decrease). Adopted from Figures 41 and 42 in Kunkel et al. (2013). \n9.4 HYDROLOGY \n \nTributaries of Catalpa Creek include roadside ditches and drainage channels from a \nvariety of land uses from the headwaters, originating on the Mississippi State University \ncampus (South of Davis Wade Stadium, paralleling Stone Boulevard) to where Catalpa \nCreek merges with Sand Creek. Catalpa Creek is a HUC-12 watershed (031601040603; \nMWS #8090). Catalpa Creek is part of the Tombigbee River Basin (Figure 9.4.1). \nCatalpa Creek is the major drainage systems for 5.1 mi\n2\n of the MSU campus and \nsurrounding areas.  This large drainage area combined with the confined nature of the \nchannel, results in this system’s having extremely high flows during storm events.  High \nflows from campus have become quite noticeable to administration, and impoundments \nhave been included in the MSU Master Plan (MSU, 2010), presented in Section 11.3, near \nthe headwaters to remediate this issue.  It is currently uncertain if planned \n\n \n \nWRMP for Red Bud – Catalpa Creek Watershed_Final   38 \n \nimpoundments are designed based on engineered surveys and will meet size \nrequirements to capture runoff during extreme events. Also, no timeline for \nimplementation has yet been indicated. \n \nFigure 9.4.1. Hydrologic Features of the Red Bud – Catalpa Creek Watershed. \nA morphometric characterization of the Red Bud – Catalpa Creek Watershed is presented \nin Table 9.4.1. The watershed is a fifth-order, with a low bifurcation ratio (3.5), which is an \nindication that the geological structures are less disturbing to the drainage pattern (Table \n9.4.2). A moderate number of streams (159 streams) is observed within the watershed \narea, reflecting a stream frequency of about 1 stream segment per each 0.3 mi\n2\n. Along \nwith the stream frequency, the drainage density (3.34 mi/mi\n2\n) and the stream intensity \n(11.75) are indicators of a moderately well drained watershed in terms of the spatial \ndistribution of the stream’s network. The magnitude of the asymmetric index (1.02) is \nevidence that the hydrologic contribution from each one of the two areas created by \ndividing the watershed along the main channel is relatively homogeneous. However, the \nupper part of the watershed, right before the main stream joins to the biggest northern \ntributary, has significantly higher differences in the areal distribution, with the main \nstream lying along the southern area of the subwatershed. The magnitudes of the form \nfactor (0.22) elongation ratio (0.25), and compactness ratio (1.76), correspond to an \noblong rectangular watershed that will have flatter peaks of flow for longer duration. The \nmain channel has a very gentle slope (0.14%). Table 9.4.1 presents the profile along the \nentire 14.2 miles of the main stream. Mean elevations along the main channel range from \n\n \n \nWRMP for Red Bud – Catalpa Creek Watershed_Final   39 \n \n194 ft to 352 ft. The main channel slopes are very flat and three main segments with \nvariations in slope are observed. Along the headwaters and the South Farm (<4.2 mi), the \naverage slope was 0.0024 ft/ft (0.24%); the following 7.5 miles present an average slope \nof 0.012 ft/ft (0.12%), while the lower part of the main channel (>11.86 mi) presents a \nmean slope of 0.0004 ft/ft (0.04%). \nTable 9.4.1. Summary of Watershed Morphometric Characterization Parameters for the Red Bud – Catalpa Creek \nWatershed. \nWATERSHED PARAMETER VALUE \nWatershed order 5 \nTotal number of streams 159 \nWatershed Bifurcation Ratio 3.5 \nTotal Stream Length (mi) 151 mi (243 km) \nMain Channel Length (mi) 14.2 mi (22.72 km) \nWatershed Length (mi) 14.4 mi (23.02 km) \nLength to Watershed Centroid (mi) 8.81 mi (5.51 km) \nLength of overland Flow (mi) 0.15 mi (0.24 km) \nWatershed Area (mi\n2\n) 45.2 mi\n2\n (117.07 km\n2\n) \nWatershed Perimeter (mi) 42.23 mi \nWatershed Shape Factor 4.55 \nForm Factor 0.22 \nElongation Ratio 0.25 \nCompactness Coefficient 1.76 \nAsymmetric Index 1.04 \nRelief Ratio (%) 0.0014 (0.14%) \nDrainage Density (mi/mi\n2\n) 3.34 mi\n-1\n (2.08 km\n-1\n) \nStream Frequency (reach segments/mi\n2\n) 3.52 segments/mi\n2\n (1.35 segments/km\n2\n) \nDrainage Intensity 11.75 (2.82) \nAverage Distance between Streams (mi) 0.3 mi (0.48 km) \n \n \nTable 9.4.2. Stream Numbers and Bifurcation Ratio within the Red Bud – Catalpa Creek Watershed. \nSTREAM ORDER NUMBER OF STREAMS BIFURCATION RATIO \n1 120 4 \n2 30 5 \n3 6 3 \n4 2 2 \n5 1  \n Total: 159 Watershed : 3.5 \n \n\n \n \nWRMP for Red Bud – Catalpa Creek Watershed_Final   40 \n \n \n \nFigure 9.4.2. Main stream longitudinal profile \nin the Red Bud – Catalpa Creek Watershed. \nFigure 9.4.3. Relationship between stream order \nand stream number in the Red Bud –  \nCatalpa Creek Watershed. \n \nFigure 9.4.4. Daily discharge (up) and stage (down) at the 02441300 \nUSGS Station in Mayhew, MS located 5 km downstream from  \nthe outlet of Red Bud - Catalpa Creek Watershed. \n150\n200\n250\n300\n350\n400\n0123456789101112131415\nElevation (ft amsl)\nStream mile (mi)\n1\n10\n100\n1000\n0246\nNumber of streams\nStream Order\n\n \n \nWRMP for Red Bud – Catalpa Creek Watershed_Final   41 \n \nCurrently, there is no source of historical flow information for the Red Bud – Catalpa \nCreek Watershed. A USGS Station (02441300) is located along the Catalpa Creek at \nMayhew, MS. However, it is located around 5 miles downstream of the outlet of the area \nof study, and its flow discharge represents the hydrologic response for an area of 98 mi\n2\n. \nAt this site, the annual peak flow discharge and stage information dates from 1964, but \nthe daily stage and flow time series exist only since September 2014 ( Figure 9.4.4). Using \nthe USGS PeakFQ software, a bankfull discharge of 5,330 ft\n3\n/s was estimated from the \nfrequency curve of the station (Figure 9.4.5).   \n \nFigure 9.4.5. Frequency Curve for the Catalpa Creek at the 02441300 USGS \nStation in Mayhew, MS located 5 km downstream from the outlet  \nof Red Bud - Catalpa Creek Watershed. \nDue to the lack of streamflow information, studies completed by MSU researchers to \ndevelop a water and a sediment budget along the Tombigbee River Basin are used as a \nreference to approximate the hydrologic response for the Red Bud - Catalpa Creek \nWatershed. Considering the relationships between drainage area and mean daily \ndischarge (Figure 9.4.6), and between drainage area and bankfull discharge (assumed as \nthe streamflow at a recurrence interval of 1.5 years (Q\n1.5\n)) (Figure 9.4.7), generated by \nRamirez-Avila et al. (2013) and Ramirez-Avila et al. (2015a) for tributary sub-basins within \nthe Tombigbee River Basin, the mean daily discharge (Q\n̅\n) and the bankfull discharge at the \noutlet of the 45.2 mi\n2\n are 75 ft\n3\n/s and 2010 ft\n3\n/s, respectively.  \n \n \n \n\n \n \nWRMP for Red Bud – Catalpa Creek Watershed_Final   42 \n \n \nFigure 9.4.6. Relationship between basin area and mean daily streamflow for \ntributaries sub-basins (red) and locations along the Tombigbee River and the \nTenn-Tom Waterway (blue) (source Ramirez-Avila et al. (2013)). \n \n \nFigure 9.4.7. Regional bankfull discharge (Q1.5) – watershed area relationship for the upper \nTombigbee River Basin (source Ramirez-Avila et al. (2015b)). \n \n  \nQ = 0.7602*A\n1.109\nR\n2\n = 0.9959\nQ = 1.7068*A\n0.9922\nR\n2\n = 0.9976\n0.0\n1.0\n2.0\n3.0\n4.0\n5.0\n6.0\n7.0\n8.0\n9.0\n10.0\n11.0\n12.0\n13.0\n14.0\n15.0\n0500100015002000250030003500400045005000550060006500700075008000\nThousands\nSub-Basin Area (mi\n2\n)\nMean Daily Discharge (cfs)\nQ\n1.5\n= 142.78A\n0.6937\nR² = 0.854\n100\n1000\n10000\n100000\n110100100010000\nQ\n1.5\nWatershed Area (mi\n2\n)\n\n \n \nWRMP for Red Bud – Catalpa Creek Watershed_Final   43 \n \nGround Water.  The Gordo aquifer is the primary groundwater source of in the Red Bud \n- Catalpa Creek Watershed and is used for public water supplies and for domestic and \nfarm wells in the area. Generally, the Gordo aquifer is capable of yielding greater \nquantities of water than the overlying Eutaw-McShan aquifer.  \nThe Gordo Formation is a part of the Tuscaloosa Group of Upper Cretaceous age and \nincludes the Gordo and Coker Formations. The Gordo is overlapped by the McShan and \nEutaw Formations and is underlain by Paleozoic rocks in the north and by the Coker \nFormation to the south (Boswell, 1978). The Gordo is composed of sediments ranging \nfrom an upper unit composed mostly of clay and fine sand to a lower unit in which \ncoarse quartz sand and chert gravel predominate.  This lower unit comprises the Gordo \naquifer. The Gordo Formation is less than 30 feet thick in Prentiss County and thickens \nto about 400 feet in Oktibbeha and Kemper Counties (Boswell, 1963). Regionally, the \nGordo Formation thins to the north and northwest. \nRecharge to the Gordo aquifer is primarily by precipitation on the outcrop near the \nMississippi – Alabama border. Water moves southwestward in the subsurface from the \noutcrop areas (Boswell, 1978).   \nPublic Water Supplies.  Figure 9.4.8 delineates the certificated areas of the community \nwater systems within the watershed. \n \nFigure 9.4.8. Public Water Supply Certificated Areas. \n \n\n \n \nWRMP for Red Bud – Catalpa Creek Watershed_Final   44 \n \nWithin these areas, there are twelve (12) active public water supply wells in the \nwatershed – three in Lowndes County and nine in Oktibbeha County (Table 9.4.3). \nTable 9.4.3. Public Water Supply Wells in the Red Bud – Catalpa Creek Watershed. \nWELL ID PWS WELL DEPTH (FT) WELL GPM \n440097-1 South Lowndes W/A 889 230 \n440001-3 Town of Artesia 1,030 216 \n440001-4 Town of Artesia 1,050 210 \n530019-1 Sessums W/A 1,231 160 \n530019-2 Sessums W/A 1,406 200 \n530024-2 Turkey Creek W/A 1,395 250 \n530012-2 Miss State University 1,430 1,000 \n530012-3 Miss State University 1,431 931 \n530012-4 Miss State University 1,341 1,200 \n530012-5 Miss State University 1,405 1,242 \n530002-2 Black Jack W/A 1,240 205 \n530002-3 Black Jack W/A 1,401 150 \n \nThe average well depth is 1,271 feet with a maximum well depth of 1,431 feet and a \nminimum well depth of 889 feet.  The average gallons per minute (gpm) is 500 gpm with a \nmaximum gpm of 1,242 and a minimum gpm of 150.  The combined potential \ngroundwater withdrawal is 5,994 gpm. \nThe majority of the Red Bud – Catalpa Creek Watershed is covered by public water supply \ncertificated areas.  Thus most residents living in the watershed are on a community water \nsystem and not on a private well.  The watershed is approximately 73% in Oktibbeha \nCounty and 27% in Lowndes County.  If there was an equal geographic distribution of \nprivate well owners in each county, the Oktibbeha County portion of the watershed \nwould have between 213 and 700 private well residents and the Lowndes County portion \nof the watershed would have between 0 and 195 private well residents. \n9.5 LAND USE  \n \nThe majority (44%) of the land use in the watershed is in hay production/pasture land, 2% \nis forested, shrub, and herbaceous land, while 10% is in cultivated crops, 8% is wetlands \nor open water, and 9% is developed land (Figure 9.5.1). Since 2001 there has been a loss \nof 51 acres of pasture land/hay production, a loss of 49 acres in cultivated crops, an \nincrease in developed land by 21 acres, no change in open water or wetlands, and \nincrease in forested, shrub, and herbaceous land by 79 acres (Figure 9.5.2).\n\n \n \nWRMP for Red Bud – Catalpa Creek Watershed_Final   45 \n \n \n \nFigure 9.5.1. Land Use in the Red Bud - Catalpa Creek Watershed.\n\n \n \nWRMP for Red Bud – Catalpa Creek Watershed_Final   46 \n \n \nFigure 9.5.2. Land Use change in the Red Bud - Catalpa Creek Watershed from 2001 to 2011. \n9.6 PLANT AND ANIMAL COMMUNITIES \n \nGeneral Description.  Geologic formations of the Selma Group dominate the \nunderlying parent material of the physiographic regions in the Catalpa Creek \nwatershed. The Prairie Bluff Chalk, Ripley, and Demopolis Chalk formations are Late \nCretaceous deposits associated with the Black Prairie and Pontotoc Ridge \nphysiographic regions. The headwaters of Catalpa Creek, at the western edge of the \nwatershed, are associated with soils derived from the Prairie Bluff chalk. Eastward of \nthe headwaters are the Ripley and Demopolis formations, which are characteristic of \nthe prairie soils and plant communities described in historic accounts of the region. \nA comprehensive early description of the plant communities of the watershed comes \nfrom the original surveys of the General Land Office in the 1830s (Figure 9.6.1). These \nsurveys laid out townships and described the potential productivity of the natural \nresources seen along the section lines. The section descriptions were aggregated into \ntownship plat maps showing river courses and floodplains, tributary streams, and in \nthe case of Northeast Mississippi, the location of prairie openings within the forest \n\n \n \nWRMP for Red Bud – Catalpa Creek Watershed_Final   47 \n \nthat generally dominated the landscape. Five of these prairies were described nearest \nthe northern ridge/boundary of the watershed, the largest being approximately one \nsquare mile (640 acres) in size. Another large prairie was seen in the geographic \ncenter of the watershed, between Red Bud and Catalpa Creeks. Two smaller prairies \nwere described in the southeastern corner of the watershed.  \n \nEarly descriptions of the “northeastern Prairie Belt” and “Pontotoc Ridge” \nphysiographic regions describe a gently undulating landscape of forest interspersed \nwith patches of prairie or prairie interspersed with patches of forest, depending on \nwhere one found himself (Lowe, 1921). Lowe (1921) listed grass species from \nOktibbeha County as Andropogon scoparius (now Schyzachirium scoparius), A. \nglomeratus, A. virginicus, A. elliotii, A. sericeus (now Dichanthium sericeum), A. \nfurcatus (now A. gerardii), Erianthus tracyi, E. saccharoides, E. brevibarbis, E. smallii, \nand Tripsacum dactyloides. Common forbs listed included the genera Coreopsis, \nAsclepias, Petalostemon (now Dalea), Silphium, Rudbeckia, and Liatris, which are all \ncommon species in modern prairie remnants. Characteristic prairie woodland \nspecies listed by Lowe include 5 species of Quercus, Carya tomentosa (mockernut \nhickory, listed as Hickoria alba), Pinus echinata, and Diospyros virginiana. Lowe’s \ncharacterization of the Pontotoc Ridge is distinct and describes the region primarily \nas seen to the north of the Red Bud - Catalpa Creek watershed. He describes a region \nFigure 9.6.1. General Land Office (GLO) plat maps associated with the Catalpa Creek Watershed.  \nThe watershed boundary is shown in blue. \n\n \n \nWRMP for Red Bud – Catalpa Creek Watershed_Final   48 \n \nthat, south of Union County, is “less sandy, richer, and the hills less broken.” \nDominant trees listed for the southern area of the region included 6 species of \nQuercus, Liquidambar styraciflua, Juglans nigra, Acer rubrum, Gleditsia triacanthos, \nand Liriodendron tulipifera. \nMore recent classification of the Prairie systems in NatureServe include Blackbelt \nPrairie Herbaceous Vegetation (an association of Schyzachirium scoparium-\nSorghastrum nutans-Dalea candida-Liatris squarrosa), Blackbelt woodland (a \nQuercus stellata-Quercus muehlenbergii/Schyzachirium scoparium-Sorghastrum \nnutans association), and Cedar woodland (a Juniperus virginiana var. virginiana with \nCeltis laevigata-Prunus angustifolia-Sideroxylon lycioides association (NatureServe, \n2015). Leidolf et al. (2002) described 16 plant communities from 5 broader \ncategories, summarized in Table 9.6.1. The descriptions included are applicable in \nthe Catalpa Creek watershed with the exception of the communities associated with \nthe Flatwoods physiographic region, which is not represented in the watershed. \nNatureServe does not have any classification of the Pontotoc Ridge. \nTable 9.6.1. Classification of Plant Communities by Leidolf et al. (2002). \nHABITAT CATEGORY COMMUNITY TYPE \nBottomland Forest Bottomland Hardwood Forest \nSwamp Forest \nUpland Forest and Prairie Mesophytic Upland Hardwood Forest \nXeric Upland Hardwood Forest \nPine Forest and Pine/Mixed Hardwood Forest \nPrairi"
}