{
  "slug": "ross-barnett-reservoir-watershed-plan-2011",
  "source": "Ross_Barnett_Reservoir_Watershed_Plan_2011.pdf",
  "length": 1021493,
  "part": 49,
  "text": "ld  slope,  soil  conditions,  hydrology,  and  \ncropping practice. \n• Terraces will have the capacity to control the \nrunoff  from  a  10-year  frequency,  24-hour  \nstorm without overtopping. \n• Terraces  impact  field  hydrology,  including  \nwater  table  depth,  and  volumes  and  rates  of  \nrunoff,            infiltration,            evaporation,            \ntranspiration,      deep      percolation,      and      \ngroundwater recharge. \n• Toxic  materials  in  soils  may  be  exposed  in  \nterrace construction. \n• Restrictive   soil   layers   can   cause   salinity   \nissues as a result of increased infiltration. \n• Terraces  affect  the  movement  of  dissolved  \nsubstances into groundwater. \n• Detailed        design        information        and        \nrequirements for terraces are available in the \nNational   Conservation   Practice   Standards.   \nThis       publication       is       available       from       NRCS       and       online       at       \nhttp://www.nrcs.usda.gov/technical/standards/nhcp.html\n. \n \nImplementation \n• Private and commercial crop lands. \n \nPollutant Removal Efficiency \nPollutant Efficiency \nTotal Suspended Solids (TSS) 85%  \nTotal Nitrogen 20% \nTotal Phosphorus 70% \nMetals                                            Insufficient                                            data                                            \nPathogens (fecal coliform, E. coli) \nCrop lands in the watershed are not identified as a \nsource of pathogen pollution. \nSource: NRCS \n\n \n \n \n \nApplicability in Reservoir Watershed \nJust over 1% of the watershed is in cropland. \n \nCost \nThe   Mississippi   NRCS   2011   Environmental   Quality   Incentives   Program   (EQIP)   \npayment schedule lists the cost for terraces as ranging from a little over $1 per linear \nfoot to a little over $9 per linear foot. \n \nBenefits \n• Reduced erosion and gully formation. \n• Reduced runoff volume. \n• Reduced sediment in runoff. \n• Moisture conservation. \n• Improved farmability. \n• Reduced flooding. \n \nLimitations \n• Cost of construction and maintenance of terraces may increase production costs. \n• Damage to terraces can result in erosion and sediment in runoff. \n \nMaintenance \nRemove accumulated sediment to maintain storage capacity. Inspect and repair ridges \nas needed. \n \nReferences \nInformation in this factsheet is adapted from: \n \nEPA.  1993.  “Management  Measures  for  Agriculture  Sources.”  Chapter  2  in  Guidance \nSpecifying  Management  Measures  for  Sources  of  Non-Point  Pollution  in  Coastal  \nWaters. US Environmental Protection Agency, Office of Water. Washington, DC. \nAccessed October 2011 at \nhttp://www.epa.gov/OWOW/NPS/MMGI/Chapter2/index.html\n. \nEvans,  B.M.,  and  K.J.  Corradini.  2001.  BMP  Pollution  Reduction  Guidance  Document. \nPennsylvania Department of Environmental Protection. \nLankin,  S.J.  2008.  “Terrace  maintenance  and  contour  farming.”  News  Release.  US  \nDepartment  of  Agriculture,  Natural  Resources  Conservation  Service,  Kansas  \nOffice. Lakin, KS. \nNRCS.    (no    date.)    Rankin    County    Field    Office    Technical    Guide.    Online    at    \nhttp://efotg.sc.egov.usda.gov/treemenuFS.aspx\n. \nNRCS.      2010.      FY      2011      EQIP      HU      Payment      Schedule.      Online      at      \nhttp://www.ms.nrcs.usda.gov/programs/2011_Historically_Underserved_EQIP\n_Payment_Schedule.pdf. \nScheuerman,  C.T.  2008.  “Terrace  maintenance.”  News  Release.  US  Department  of  \nAgriculture, Natural Resources Conservation Service, Kansas Office. Hays, KS. \n\n \n \nGrade Stabilization \nStructures\n \nDescription \nThese  are  structures  installed  in  natural  or  man-made  channels  to  control  the  grade  \nand head-cutting. As a result, grade stabilization structures control erosion, enhance \nenvironmental  quality,  and  reduce  pollution  hazards.  Grade  stabilization  structures  \ninclude  embankment  or  pond-sized  dams;  drop,  chute,  and  box  inlet  drop  spillways;  \nisland-type structures; and side-inlet drainage structures. \n \nDesign Considerations \n• Usually   installed   as   part   of   a   \nvegetated runoff control system. \n• Differences   in   adjoining   channel   \ndepths    and    widths,    and    spoil    \ndisposal need to be addressed. \n• There may be a need for emergency \nflow bypass. \n• Stability       of       channel       sides       \ninfluences structure design. \nessary if structures are installed in areas used by livestock, or \nnstream  water  quality,  and  the  impacts  of  these  \n(NRCS)  and  online  at  \nhttp://www.nrcs.usda.gov/technical/standards/nhcp.html\n• Structures  need  to  be  designed  to  \naccommodate  expected  outlet  flow  \nvolume and velocity. \n• Different   structures   act   on   the   \nlandscape differently. \n• Each  structure  type  has  its  own  \ncriteria          and          construction          \nspecifications. \n• Structures must be designed to have appropriate sediment storage capacity. \n• Fencing may be nec\nin urban areas. \n• The  potential  of  these  structures  to  change  runoff  volume  and  rate,  groundwater  \nrecharge  and  water  table  level,  soil  moisture,  the  susceptibility  of  downstream  \nchannels  to  erosion,  and  dow\nchanges must be considered. \n• Temporary runoff and sediment control may be required during construction. \n• Detailed design information and requirements for grade stabilization structures are \navailable  in  the  National  Conservation  Practice  Standards.  This  publication  is  \navailable  from  the  Natural  Resources  Conservation  Service  \n. \n \nSource: Washington County Soil and Water Conservation Service. \n\n \n \nImplementation \nThese structures can be installed anywhere the concentration and velocity of flow \nresults in channel instability and/or gully erosion. This includes: \n \n• Cropland, \n• Pasture, \n• Urban areas, and \n• Forest lands. \n \nPollutant Removal Efficiency \nPollutant Efficiency \nTotal Suspended Solids (TSS) 80% - 90% \nTotal Nitrogen Insufficient data \nTotal Phosphorus 70% - 90% \nMetals                                                       Insufficient                                                       data                                                       \nPathogens (fecal coliform, E. coli)               Insufficient               data               \n \nApplicability in Pelahatchie Creek Watershed \nImplementation \nWatershed Area \n(%) \nCropland                                                         1%                                                         \nPasture                                                         12%                                                         \nUrban                                                          26%                                                          \nForest                                                          30%                                                          \n \nCost \nDepending  on  the  type  of  grade  stabilization  structure,  installation  costs  can  range  \nfrom $80 up to over $24,000. Construction costs include site preparation, excavation, \nfill placement, construction materials, and revegetation of the construction site. There \nmay  also  be  labor  costs  associated  with  maintaining  the  structure,  as  well  as  repair  \ncosts. \n \nBenefits \n• Reduced runoff volumes and peak flows. \n• Slower runoff velocities. \n• Reduced erosion. \n• Reduced sediment and associated pollutants in runoff. \n• Improved downstream channel stability, aquatic habitat, and water quality. \n• Increased soil moisture, groundwater recharge, and/or water table level. \n \n \n \n\n \n \n \n \nLimitations \n• Maintenance is required to sustain effectiveness. \n• Potential  for  negative  impacts  downstream  due  to  changes  in  flow,  soil  moisture,  \ngroundwater recharge, or water table level. \n• Can  be  complex  to  design  so  downstream  flow,  channel  stability,  and  aquatic  \nhabitat are not negatively affected. \n \nMaintenance \nInspect the structure periodically, and after major storms, looking for: \n \n• Piping, erosion, or settling of fill around structure. \n• Damage to any protective vegetation. \n• Scouring in channel at structure inlet or outlet. \n• Debris or sediment in the channel or structure that interfere with its function. \n• Cracking of concrete. \n• Erosion in emergency by-pass areas. \n \nMake repairs as needed. \n \nReferences \nInformation in the factsheet is adapted from: \n \nEPA.  1993.  Guidance   Specifying   Management   Measures   for   Sources   of   Nonpoint   \nPollution in Coastal Waters [EPA-840-B-93-001C]. US Environmental Protection \nAgency,   Office   of   Water.   Washington,   DC.   Accessed   October   2011   at   \nhttp://www.epa.gov/owow/NPS/MMGI/index.html\n. \nNRCS.    (no    date.)    Rankin    County    Field    Office    Technical    Guide.    Online    at    \nhttp://efotg.sc.egov.usda.gov/treemenuFS.aspx\n. \nNRCS.      2010.      FY      2011      EQIP      HU      Payment      Schedule.      Online      at      \nhttp://www.ms.nrcs.usda.gov/programs/2011_Historically_Underserved_EQIP\n_Payment_Schedule.pdf. \nCenter  for  Sustainable  Design.  1999.  “Grade  Stabilization  Structure.”  In  Section  C,  \nErosion  Control,  of  Water  Runoff  Management  Section.  In  Water  Related  Best  \nManagement   Practices   in   the   Landscape.   Prepared   by   Mississippi   State   \nUniversity, Departments of Landscape Architecture, Agricultural and Biological \nEngineering, and the Colleges of Agriculture and Life Science. Prepared for the \nWatershed  Science  Institute,  Natural  Resources  Conservation  Service,  US  \nDepartment of Agriculture. Accessed October 2011 at \nhttp://www.abe.msstate.edu/csd/NRCS-\nBMPs/pdf/water/erosion/gradestabilize.pdf \n\n \nField Borders \nDescription \nField  borders  are  strips  of  permanent  vegetation  established  and  maintained  at  the  \nedge or around the perimeter of crop fields. Field borders can be used as turn rows for \nfarm machinery, to filter runoff, and as wildlife habitat. \n \nDesign Considerations \n• Minimum  recommended  border  widths  \nrange  from  20  to  35  feet,  depending  on  \nfarm machinery to be used in the field. \n• At   least   75%   ground   cover   must   be   \nestablished in the border during the first \ngrowing season. \n• Borders  can  be  sized  and  planted  to  act  \nas wildlife habitat. \n• Water bars or berms may be required to \ndistribute or redirect concentrated runoff \nflows. \n• Borders  can  be  planted  or  seeded  with  \nselected grasses and/or clovers, or native \nplants  can  be  allowed  to  establish  in  the  \nborders naturally. \nSource: Missouri Agricultural Extension Service \n• Trapping  efficiency  can  be  increased  by  including  a  3-  to  5-foot  strip  of  Alamo  \nswitchgrass at the edge of the field. \n• Detailed design information and requirements for field borders are available in the \nNational  Conservation  Practice  Standards.  This  publication  is  available  from  the  \nNatural      Resources      Conservation      Service      (NRCS)      and      online      at      \nhttp://www.nrcs.usda.gov/technical/standards/nhcp.html\n. \n \nImplementation \n• Around crop fields. \n• Between fields and forest. \n• Between fields and buffers. \n• Between fields and recreation areas. \n \n \n \n\n \n \nPollutant Removal Efficiency \nField borders can act as filter strips. \n \nPollutant Efficiency \nTotal Suspended Solids (TSS) 40%  \nTotal Nitrogen 30% \nTotal Phosphorus 35% \nMetals                                                       Insufficient                                                       data                                                       \nPathogens (fecal coliform, E. coli)               Insufficient               data               \n \nApplicability in Reservoir Watershed \nField crops are grown in approximately 1% of the watershed. \n \nCost \nNRCS  assigns  a  cost  of  around  $200  per  acre  for  establishment  of  filter  strips  under  \nthe  Environmental  Quality  Incentives  Program  (EQIP).  Establishing  field  borders  is  \nsimilar  to  establishing  a  filter  strip.  The  estimated  maintenance  costs  for  filter  strips  \nare roughly $865 per hectare ($350 per acre) per year. \n \nBenefits \n• Reduced runoff volumes and peak flows. \n• Reduced runoff velocities. \n• Reduced erosion. \n• Reduced sediment and nutrients in field runoff. \n• Food and cover for wildlife. \n \nLimitations \n• Variability in pollutant removal efficiencies, depending on design. \n• Filtering is most effective with gentle slopes (less than 6%). \n• Improper grading can greatly diminish pollutant removal. \n• Requires changes in field machine operation. \n• Careful management and maintenance are required for sustained performance and \nlongevity. \n \nMaintenance \n• Inspect field borders periodically. \n• Reshape and/or reseed areas of the border damaged by storms, chemicals, tillage, \nand equipment. \n• Remove sediment when 6 inches has accumulated at the field/border edge. \n• Shut off sprayers and raise tillage equipment when in the border. \n• Fertilize, mow, and control noxious weeds as needed to maintain plant vigor. \n \n \n\n \n \n \n \n• Fill and reseed any rills or gullies that form in the border. \n \nReferences \nInformation in the factsheet is adapted from: \n \nAlabama  Soil  and  Water  Conservation  Committee.  2009.  Alabama  Handbook  for  \nErosion    Control,    Sediment    Control,    and    Stormwater    Management    on    \nConstruction   Sites   and   Urban   Areas.   Volume   1:   Developing   Plans   and   \nDesigning Best Management Practices. Montgomery, AL. March 2009. Accessed \nSeptember 2011 at http://swcc.alabama.gov/pages/erosion_handbook.aspx\n. \nAMEC  Earth  &  Environmental,  the  Center  for  Watershed  Protection,  Debo  and  \nAssociates, Jordan Jones and Goulding, and the Atlanta Regional Commission. \n2001. Georgia  Stormwater  Management  Manual,  Volume  2:  Technical  Handbook  \n(first   edition).   Atlanta   Regional   Commission.   Accessed   September   2011   at   \nhttp://www.georgiastormwater.com/GSMMVol2.pdf\n. \nClark,  C.,  G.  Acomb,  M.  Dukes,  M.E.  Hostetler,  B.  Larson,  T.  Ruppert,  O.  Wells,  J.  \nKipp,  G.  Boles,  S.  Hofstetter,  B.T.  Philpot,  and  H.  Knowles.  2008.  The  Florida  \nField  Guide  to  Low  Impact  Development:  Stormwater  Management  Practices  for  \nApplication  in  Master  Planned  Community  Development.  Program  for  Resource  \nEfficient Communities, University of Florida. 82 pp. \nComprehensive Environmental Inc. and New Hampshire Department of Environmental \nServices. 2008. Post-Construction Best Management Practices: Selection & \nDesign. Volume 2 of New Hampshire Stormwater Manual. Accessed \nSeptember 2011 at \nhttp://des.nh.gov/organization/commissioner/pip/publications/wd/document\ns/wd-08-20b.pdf. \nMassachusetts   Department   of   Environmental   Protection.   2008.   Structural   BMP   \nSpecifications  for  the  Massachusetts  Stormwater  Handbook.  Chapter  2  in  \nVolume 2 of Massachusetts Stormwater Handbook. Accessed September 2011 at \nhttp://www.mass.gov/dep/water/laws/v2c2.pdf\n. \nNorth   Carolina   Department   of   the   Environment   and   Natural   Resources.   2007.   \nStormwater  Best  Management  Practices  Manual.  North  Carolina  Department  of  \nthe  Environment  and  Natural  Resources,  Division  of  Water  Quality.  Accessed  \nSeptember 2011 at http://portal.ncdenr.org/web/wq/ws/su/bmp-manual\n. \nNRCS.    (no    date.)    Rankin    County    Field    Office    Technical    Guide.    Online    at    \nhttp://efotg.sc.egov.usda.gov/treemenuFS.aspx\n. \nNRCS.      2010.      FY      2011      EQIP      HU      Payment      Schedule.      Online      at      \nhttp://www.ms.nrcs.usda.gov/programs/2011_Historically_Underserved_EQIP\n_Payment_Schedule.pdf. \nUS Department of Defense. 2010. “Low Impact Development” [UFC 3-210-10]. Series \n3-200: Civil/Geotechnical/Landscape Architecture in Unified Facilities Criteria. \nAdministered by the US Army Corps of Engineers, the Naval Facilities \nEngineering Command, and the Office of the Air Force Civil Engineer. \n15 November 2010. Accessed September 2011 at \nhttp://www.wbdg.org/ccb/DOD/UFC/ufc_3_210_10.pdf\n. \n\n \nAnimal Mortality Facilities \nDescription \nAnimal  mortality  facilities  are  on-farm  facilities  for  treatment  and/or  disposal  of  \nlivestock  or  poultry  carcasses.  The  facilities  may  utilize  composting,  freezers,  or  \nincinerators. \n \nDesign Considerations \n• Facilities  can  be  designed  to  address  \nnormal  mortality  rates,  or  catastrophic  \nmortality events. \n• Facilities will be located at least 900 feet \nfrom  residences  to  minimize  odor  and  \nother  air  quality  impacts  to  neighboring  \nresidences. \n• Facilities  will  be  located  outside  of  the  \n100-year floodplain. \n• Facilities will be located at least 200 feet \nfrom  surface  water  to  minimize  impacts  \nto surface water quality. \nSource: New York NRCS \n• Facilities   will   be   sited   to   minimize   \nimpacts to groundwater quality. \n• Facilities will be sited at least 200 feet downgradient of springs and wells. \n• Facilities  will  be  designed  to  be  in  compliance  with  applicable  federal,  state,  and  \nlocal regulations. \n• Facilities will be sited as close as practical to the source of mortality. \n• Runoff should be diverted away from the facility. \n• Facility  design  will  be  appropriate  for  available  equipment  at  the  site,  operator’s  \nmanagement capabilities, and the animals to be disposed. \n• Detailed  design  information  and  requirements  for  animal  mortality  facilities  are  \navailable  in  the  National  Conservation  Practice  Standards.  This  publication  is  \navailable  from  the  Natural  Resources  Conservation  Service  (NRCS)  and  online  at  \nhttp://www.nrcs.usda.gov/technical/standards/nhcp.html\n. \n \nImplementation \n• Livestock operations. \n• Poultry operations. \n \n \n \n\n \n \n \n \nPollutant Removal Eff"
}