{
  "slug": "carmichael-creek-town-creek-9-key-element-plan-2019",
  "source": "Carmichael_Creek_Town_Creek_9_Key_Element_Plan_2019.pdf",
  "length": 37035,
  "part": 2,
  "text": "veness of the BMP(s) through monitoring; \n5. Shorter length of time for anticipated results (i.e., within the grant period); \n \nUpon receipt of funding, MDEQ will coordinate with field staff from MSWCC in Lee County to \ntarget implementation in priority areas, then move to other areas as funds allow.  A map \ndepicting the landuse can be found in Figure 1.   Additional considerations for prioritization of \nBMPs include the positioning of BMPs with willing landowners; the increased likelihood for \nleveraging of in-kind services; and proximity to pollutant sources to receiving streams.    \n \nElement d: Technical and Financial Assistance \n \nAs part of any Section 319 funded project, MDEQ requires a 40% match in project areas.  This \nmatch may be in the form of actual dollars or may be provided as “in-kind” to project activities.  \nPartners in this project who may contribute match include MSWCC, Lee County Soil and Water \nConservation District, NRCS, United States Geological Survey (USGS) for additional \nmonitoring, and/or local landowners and operators.  For project implementation, administration, \nmanagement, and watershed plan revision, as well as hosting and facilitating team meetings, \nMDEQ plans to work under a memorandum of agreement (MOA) with the MSWCC to \nimplement this project.  Project partners provided the funding amounts used to estimate costs for \nBMP installation.  Provided below is summary of estimated costs for potential BMPs and overall \nproject implementation: \n\nCarmichael Creek – Town Creek Watershed  2019 \n8 \n \n \nCost Estimate: Full Project Implementation: \n \nPractice Name Unit \nNo of \nUnits \nUnit Cost \nEstimated \nCost \nHerbaceous Weed Management ac 325 $64.80 $21,060.00 \nCover Crop ac 1000 $55.86 $55,860.00 \nCritical Area Planting ac 55 $483.84 $26,611.20 \nSediment Basin cu yd 4250 $3.34 $14,195.00 \nDiversion cu yd 9750 $2.40 $23,400.00 \nFence ft 20000 $2.22 $44,400.00 \nField Border ac 10 $631.20 $6,312.00 \nGrade Stabilization Structure ea 45 $15,000.00 $675,000.00 \nLand Clearing ac 20 $530.65 $10,613.00 \nForage and Biomass Planting ac 325 $109.48 $35,581.00 \nLivestock Pipeline ft 10000 $1.91 $19,100.00 \nPrescribed Grazing ac 500 $57.13 $28,565.00 \nHeavy Use Area Protection ft 15000 $3.23 $48,450.00 \nStream Crossing ft 3750 $11.07 $41,512.50 \nStreambank and Shoreline \nProtection \nft 6000 $198.60 $1,191,600.00 \nWatering Facility gal 5325 $2.81 $14,963.25 \nUnderground Outlet ft 5000 $5.39 $26,950.00 \n*Monitoring \n      \n$140,328.00 \n*Technical Assistance \n      \n$100,000.00 \n*Education/Outreach \n      \n$69,500.00 \n*Project Management, Implementation, \nCoordination, Plan Revision \n      \n$150,000.00 \nTotal Estimated Project Cost \n   \n$2,744,001 \n* -Denotes fields that are estimated upon five incremental funding cycles of the project  \n \nDue to the magnitude of this project, it will need to be incrementally funded.  In order to fully \naddress all suggested conservation needs in the watershed, this plan recommends funding be \nprovided in five (5) increments.  To maximize education and outreach activities and monitoring \nefforts, MDEQ plans to leverage with existing programs already allocated for funding where \npossible.  Below is the estimated budget for the first incremental funding (Phase 1) of this \nproject: \n\nCarmichael Creek – Town Creek Watershed  2019 \n9 \n \n \nCost Estimate: Phase 1 Implementation \n \nPractice Name Unit \nNo of \nUnits \nUnit Cost \nEstimated \nCost \nCritical Area Planting ac 15 $483.84 $7,257.60 \nSediment Basin cu yd 2550 $3.34 $8,517.00 \nDiversion cu yd 4445 $2.40 $10,668.00 \nFencing ft 3700 $2.22 $8,214.00 \nGrade Stabilization Structure ea 10 $15,000.00 $150,000.00 \nForage and Biomass Planting ac 100 $109.48 $10,948.00 \nStream Crossing ft 1500 $11.07 $16,605.00 \nStreambank and Shoreline \nProtection \nft 100 $198.60 $19,860.00 \nTank/Trough ea 3 $2,500.00 $7,500.00 \nUnderground Outlet ft 1000 $5.39 $5,390.00 \n*Monitoring \n      $74,328.00 \n*Technical Assistance \n      $20,000.00 \n*Education/Outreach \n      \n$13,900.00 \n*Project Management, \nImplementation, Coordination, Plan \nRevision \n      \n$30,000.00 \n     \nPhase 1 Estimated Project Cost \n   \n$383,187.60 \n \nElement e: Information and Education \n \nThe MDEQ, in cooperation with numerous federal, state, and local stakeholders has developed \ndiversified information/education programs, best management practices manuals, literature, \nbooks, videos, and public service announcements that address pollutants from the seven (7) \nmajor land-use categories of Nonpoint Source Pollution, namely; agriculture, construction, \nforestry, on-site waste water disposal, surface mining, urban storm water runoff, and hydrologic \nmodification.  Audiences from pre-school to adults throughout the state are reached with a \nvariety of mature, well-designed programs each year. These programs, events, manuals and \nliterature can be used in the Carmichael Creek watershed project by tailoring them to address the \nsedimentation.  A positive approach is used to reach the full diversity of people in the \ncommunity with projects that foster a “sense of place”, a “sense of pride in community”, and a \nsense of the native plants, animals, and general ecology of their region, as well as, the history of \nthe community and a sense of economics.  Stakeholders and coordinators join together to \nparticipate in problem-solving brainstorming, plan development, training workshops,  festival \nevent planning, soil and water conservation field days, tree boards, poster, art and writing \nprojects and other activities that promote collaboration and ownership of the watershed, as well \n\nCarmichael Creek – Town Creek Watershed  2019 \n10 \n \nas, solutions to its problems.  The ultimate goal is to bring about behavior changes and the use of \n“best management practices” that will improve water quality and the overall quality of life in the \nwatershed.  Evaluation forms, pre-test/post-test, surveys, and reporting of the number of people \nwho attend workshops, trainings and events are among the methods used to measure the success \nof education/information programs.  A partial list of MDEQ’s programs that could be used in the \nCarmichael Creek watershed are listed below: \n \n  Water Model Presentations - Enviroscapes and groundwater aquifer models distributed \nstatewide with training and related interactive lesson plans. \n Teacher workshops – train educators in proximity to the watershed about NPS pollution \nand provide materials and information that can be used in their classrooms. \n Adopt A Stream - workshops and training venues for citizens, teachers, and students in \nthe Dry Creek Watershed. \n  Watershed Harmony Mobile Classroom - for ages kindergarten – adults with state and \nfederal public education objectives tailored for 4\nth\n and 5\nth\n grade students. \n Storm Drain Marking - projects for scouts, environmental clubs, and citizen groups. \n “Train the trainer” - workshops and materials for Soil and Water districts, Extension \nService, etc. \n “Waste Pesticide Disposal Event” - The primary goal of this program is to help \nMississippi farmers and property owners minimize the environmental risks associated \nwith the disposal of waste-pesticide products by disposing of products in a safe and \nefficient manner. \n \nAs part of the education outreach efforts, the stakeholder group forming the Carmichael Creek \nWatershed Implementation Team (WIT) will participate in a minimum of 3 face-to-face \nmeetings.  The purpose of these meetings is to provide updates on implementation activities, \neducation events and review and modify the watershed plan.  In concert with these WIT \nmeetings, and to incentivize stakeholder participation, project funding will be used to purchase \nfood and other refreshments for the WIT along with providing support for renting facilities in \nwhich to host those events.  In accordance with 41 CFR § 301-74.11, light refreshments, meals, \nand/or beverages are an allowable expense under Clean Water Act (CWA) Section 319, provided \na description of the agenda, purpose, location, costs, etc., are outlined in an approved 319 grant \nworkplan. The purpose of the meetings will be for updating the watershed plan, and hosting field \ndays to showcase the implemented BMPs for the public. At this time, the exact number of \nparticipants and locations are not known therefore costs have been estimated for the purposes of \nthis plan and will be updated. \n \nElement f: Implementation Schedule \n \nIn the event of a Section 319 NPS funding award from MDEQ to support implementation of this \nwatershed-based plan for this HUC 12 sub-watershed, MDEQ, along with support from the \nWatershed Implementation Team and Project Manager (where applicable), will: \n \n1. Work to develop, execute, and implement a Subgrant Agreement that specifies the roles, \ntasks, requirements, and milestones for project implementation. (Month 1) \n\nCarmichael Creek – Town Creek Watershed  2019 \n11 \n \n2. Facilitate, in coordination with MDEQ and other partners, meetings, media and social \nmedia promotion of the project, and coordinate activities to fully implement this plan.  \n(Months 1-36) \n3. Work with the Lee County SWCD, MSWCC, NRCS, and MDEQ to inform landowners \nand operators within the watershed about the project and work to secure commitments \nfrom priority area landowners and operators who are willing to participate in the project.  \n(Months 1-6) \n4. Work with the local SWCD, MSWCC, NRCS, and MDEQ to determine through GIS \napplications and intensive site surveys the priority areas within the sub-watershed that are \ncontributing significant pollutant loads.  All BMPs shall be installed in accordance with \nthe guidelines developed in the latest edition of the NRCS Technical Field Manual, or \nother approved guidelines.  (Months 1-36) \n5. Facilitate, in cooperation with MDEQ and other monitoring partners, the completion and \nimplementation of an effective and efficient plan to monitor baseline water quality \nconditions in the watershed and track changes in water quality over time resulting from \nthe BMPs implemented through this project.  (Plan Completion:  Months 1-2); \nImplementation:  Months 3-36) \n6. Submit blank copies of standard maintenance agreements to MDEQ. (Months 13-36) \n7. Conduct inspections of BMPs during construction (Months 3-36) \n8. Coordinate with and support the local SWCD, MSWCC and NRCS in the collection of \nrelevant GPS coordinates of all installed BMPs and incorporate this information into a \nGIS format.  All geospatial data shall be collected in a manner consistent with the Federal \nGeographic Data committee-endorsed standards.  (Months 3-36) \n9. Collect adequate photo documentation before, during, and after installation of the \napproved BMPs. (Months 3-36) \n10. Report measured, or estimated, nonpoint source pollutant load reduction, acreage \naffected, pre-and post- site conditions, and GIS data. (1-36) \n \nElement g:  Milestones and Outcomes \n \nMilestone Outcome Probable Completion Date \nCoordinate with the MDEQ, \nNRCS, MSWCC, USGS, and \nthe Lee Co. Soil and Water \nDistrict to determine priority \nareas that are contributing \nsignificant pollutant loads to \nCarmichael Creek Watershed \nTarget priority areas for \nBMPs \nMonths 1-2 \nEstablish Watershed \nImplementation Team to \nbegin refinement of \nWatershed \nBased Plan (WBP) for \nCarmichael Creek  \nWatershed \nEstablish WIT Months 1-2 \n\nCarmichael Creek – Town Creek Watershed  2019 \n12 \n \nInitiate watershed monitoring Baseline condition \nmonitoring \nCompleted using historical \ndata \nMeet with landowners and \ncooperators to secure \ncommitments  \nto install BMPs in priority \nareas  \nLandowner Commitment Months 1-6 \nEstablish routine meeting \nschedule for WIT to support \nWBP revision  \nWIT meetings Months 1-36 \nImplement BMPs BMP installation Months 3-36 \nCoordinate with Landowners \nto  \n inspect BMPs that were \ninstalled \n using Section 319 funds \nBMP Inspection Months 3-36 \nBegin monitoring to collect \ndata on post-BMP water \nquality \nPost-BMP Monitoring Months 42-48 \nFinalize education and \noutreach plan scheduled \nEducation/Outreach events Months 8-36 \nFinalize revised WBP Final Revised WBP Months 30-36 \n \nGoal:  Reduce the Nutrient and Sediment loads entering into the Carmichael Creek –Town \nCreek Watershed. \n \nElement h:  Load Reduction Evaluation \n \nThe State of Mississippi Water Quality Criteria for Intrastate, Interstate, and Coastal Waters do \nnot include a water quality standard applicable to aquatic life protection due to sediment. \nHowever, a narrative standard for the protection of aquatic life was interpreted to determine an \napplicable target for the Town Creek TMDL. The narrative standard is that waters shall be free \nfrom materials attributable to municipal, industrial, agricultural, or other dischargers producing \ncolor, odor, taste, total suspended solids, or other conditions in such degree as to create a \nnuisance, render the waters injurious to public health, recreation, or to aquatic life and wildlife, \nor adversely affect the palatability of fish, aesthetic quality, or impair the waters for any \ndesignated uses.  In lieu of numeric criteria for sediment and nutrients, the monitoring will be \nconducted to collect data on parameters that are considered surrogates for sediment (Total \nSuspended Solids, Total Suspended Sediment, turbidity) and nutrients along with conventional \nin-situ parameters generally measured to determine aquatic health (e.g. Dissolved Oxygen, pH, \nTemperature, Conductivity, Dissolved Solids) will also be obtained.  The following thresholds \nwill be used to measure compliance applicable with water quality criteria and/or target \nthresholds: \n\nCarmichael Creek – Town Creek Watershed  2019 \n13 \n \n \n     Table 3: Water Quality Thresholds for Carmichael Creek – Town Creek Watershed \nParameter Threshold \nDissolved Oxygen Daily Average of 5.0 mg/L; Instantaneous threshold of \n4.0 mg/L \nDissolved Oxygen % Sat ≥ 70% - ≤ 125% \npH 6.0 – 9.0 \nTemperature Not to exceed 90°F \nSpecific Conductance Less than 1000 micromhos/cm \nDissolved Solids Monthly average less than 750 mg/L; instantaneous  \nthreshold  less than 1500 mg/L \nChemical Oxygen Demand 35 mg/L \nTotal Suspended Solids 65 mg/L \nTurbidity 75 NTU \nTotal Nitrogen 0.7 mg/L annual concentration (numeric threshold \nestablished by Nutrient TMDL for Town Creek \nTotal Phosphorus 0.10 mg/L annual concentration (numeric threshold \nestablished by Nutrient TMDL for Town Creek \nM-BISQ East Bioregion 71.6 Calibration 3 (Applicable to waters outside the \nMississippi Alluvial Plain) \n \n \nIn addition to chemical data, biological community data and in-stream habitat surveys will be \ncollected over the course of the project to determine attainment of the Aquatic Life Designated \nUse.  These data are extremely helpful in identifying positive trends in water quality and should \nprovide information to help determine if the implementation activities are resulting in water \nquality improvements.  For freshwater wadeable streams, not including the Mississippi Alluvial \nPlain (i.e. Delta), Mississippi use a calibrated and verified index of biotic integrity to make water \nquality assessment decisions.  This index, the Mississippi Benthic Index of Stream Quality (M-\nBISQ) was originally developed in 2000 and has undergone three recalibration efforts to refine \nthe sensitivity of the index.  As part of the index development process, the state was divided into \nunique bioregions.  Within each bioregion, the index has a defined attainment threshold that is \nused to determine if the biological community measures collected at a site are representative of \ngood water quality that can support a balanced benthic macroinvertebrate community.  If the \nscore is above the attainment threshold for the bioregion, the site is assessed as attaining the \naquatic life use designation.   Along with overall MBISQ scores, the in-stream habitat surveys \nwill also be used to determine change over time.   \n \nIt should be noted that recovery time of a stream is variable and may extend beyond the time \nframe identified in the workplan.  At the end of the project, data will be analyzed to determine if \nthe data indicate improvements to water quality in Carmichael Creek.  In the event data indicate \nlittle or no positive change, a Stressor Analysis will be conducted to determine if any new or \nadditional stressors are preventing improvements to water quality.  If any new stressors are \nidentified, the Watershed Implementation Team will identify future actions/activities to address \nthose stressors. \n \n\nCarmichael Creek – Town Creek Watershed  2019 \n14 \n \nElement i: Monitoring \n \nPrior to BMP installation, pre-implementation monitoring will be conducted to serve as a \nbaseline for the project.  Historical monitoring data are also used as baseline data where \navailable; however, no water quality monitoring has been conducted in Carmichael Creek.  Other \nhistorical monitoring data is available in the Town Creek watershed for Town Creek and Leeper \nCreek.  This varied water quality monitoring included water chemistry sample data (nutrients, \nsuspended solids, oxygen demand, etc.), in-situ water chemistry (i.e. pH, temperature, specific \nconductance, and turbidity), as well as biological community monitoring for benthic \nmacroinvertebrates and aquatic habitat assessment.  A list of this historical water quality \nmonitoring is provided in the table below, and their sample locations are shown in Figures 1 and \n2.  \n \nTable 4: Monitoring Stations in Carmichael Creek – Town Creek Watershed \nStation \nID \nWater  \nBody \nSampling \nYear (s)  \nAgency Project \nType \nWater \nChem \nIn-Situ Sonde Benthics \nand/or \nAlgal \n112B29 Town \nCreek \n2008 MDEQ MBISQ      X      X           X \n112B91 Leeper \nCreek \n2009 MDEQ MBISQ      X      X      X \n \nMonitoring locations for this project will be selected using best professional judgment and will \nbe targeted to reflect water quality downstr"
}