{
  "slug": "overcup-slough-watershed-plan-2013",
  "source": "Overcup_Slough_Watershed_Plan_2013.pdf",
  "length": 100087,
  "part": 5,
  "text": "on pipe in the Overcup Slough \nwatershed. \n \n \n \n \n \n \n \n \n \n \n \n \n \n \n \n \n \n \n \n \n \n \n \n \n \n \n \n \n \n \n \n \n7-  11\n\n \n \nTable 7.4\n \nImp\nlement Irrigation Land Level\ning\n \n \n \n \n \n \n \n \n \n \n \n \n \n \n \n \n \n \n \n \n \n \n \n \n \n \n \n \n \n \n \n \n \n \n \n \n \n \n \n \n \n \n \n \n \n \n \n \n \n \n \n \n \n \n \n \n \n \n \n \n \n \n \n \n \n \n \n \n \n \n \n \n \n \n \n \n \n        7-  12\n\n \n \nTable 7.5 Underground Irrigation Pipe\n \n \n \n \n \n \n \n \n \n \n \n \n \n \n \n \n \n \n \n \n \n \n \n \n \n \n \n \n \n \n \n \n \n \n \n \n \n \n \n \n \n \n \n \n \n \n \n \n \n \n \n \n \n \n \n \n \n \n \n \n \n \n \n \n \n \n \n \n \n \n \n \n \n \n \n7-  13\n\n \n \n \n \n \n \n \n \n \n7.3.1.7 Grassed Waterways \nGrassed waterways convey runoff with minimal erosion, and can trap both sediment and \nnutrients. Grassed waterways are eligible practices for the MRBI-CCPI and EQIP program, and may  \nbeinstalled at potential locations in the watershed. See Table 7.6 for additional information on the \nplans for installation of grassed waterways in the Overcup Slough watershed. \n \n \n \n7.3.1.8 Two-stage Ditches \nConstructing or modifying agricultural drainage ditches to include a small channel to \ncarry effective discharge and benches to act as floodplains during higher flows. This type of \nconstruction can increase the stability of the ditch, reduce maintenance, and improve ecological \nfunction (NEH, 2007). See Table 7.7 for additional information on the plans for installation of \n two-stage ditches in the Overcup Slough watershed. \n \n \n \n7.3.1.9 Conservation Easements \nEnrolling land in conservation programs can reduce erosion and runoff of sediment and \nnutrients. These lands can reduce erosion through stabilizing soil. Conservation lands can also \nact as filters to remove sediment and nutrients in runoff. Conservation programs generally \nprovide some kind of financial incentive or compensation in return for removing the land from \ncultivation, such as rental payments, cost-share for restoration work, or tax credits. The USDA \nmanages several programs for land conservation in Mississippi, including the Conservation \nReserve Program, Conservation Stewardship Program, and Wildlife Habitat Enhancement \nProgram. The Mississippi Fish and Wildlife Foundation also manage a conservation easement \nprogram, as does the Mississippi Land Trust and Ducks Unlimited and Delta Wildlife \n \n \n \n \n \n \n \n \n \n \n \n \n \n \n \n \n \n \n \n7-  14\n\n \n \nT\nable 7.6 \nImplement In\n-\nfield Sediment Management Practices\n \n \n \n \n \n \n \n \n \n \n \n \n \n \n \n \n \n \n \n \n \n \n \n \n \n \n \n \n \n \n \n \n \n \n \n \n \n \n \n \n \n \n \n \n \n \n \n \n \n \n \n \n \n \n \n \n \n \n \n \n \n \n \n \n \n \n \n \n \n \n \n \n \n \n7-  15 \n \n \n \n \n\nTable 7.7\n \nDesign, Construct, and Maintain Two\n-\nStage Ditches\n \n \n \n \n \n \n \n          \n \n \n \n 7-  16 \n   \n    \n\n \n \n \n \n \n \n \n \n \n7.3.1.10 Input Management \n             Precision agriculture refers to one technique for managing crop inputs and yields using \nspatially referenced monitoring of field nutrient content, soil quality, and crop yield to more precisely \napply fertilizers and pesticides using computer controlled equipment (Hudson and Hite 2001). Precision \nagriculture is expected to reduce the amount of inputs producers use, reducing their production costs,  \nand runoff and infiltration of fertilizer nutrients and pesticide chemicals. \n             There is currently concern among Delta producers about the high start-up costs of precision \nagriculture, and the uncertainty about whether the technique actually increases producer profits. There is \nalso uncertainty among producers about how to implement the techniques, and if it is even needed in the \nDelta. This technique was developed in the upper Midwest, which has very different soils and nutrient \ncycling than the Delta. Table 7.8 contains  additional information. \n \n \n \n7.3.2 Enroll Lands in Wetland Reserve Program \n Natural and constructed wetlands have been shown to improve water quality through removal of \nsediment and nutrients. Slower flow through the wetlands allows sediments to be deposited. Nutrients are \nused by wetland plants, and sorbed by wetland soils. The wet environment encourages biogeochemical \ntransformation of nutrients. In addition, wetlands contribute to groundwater recharge . \n Overcup Slough watershed is a target watershed under the MRBI Wetland Reserve Enhancement \nProgram (WREP). Approximately 7,905 acres of wetlands currently exist in the Overcup Slough \nwatershed (Figure 2.3). There are already a few wetland easements in the watershed.  Financial assistance \nfor design, installation, and maintenance of restored wetlands will be available from the NRCS through \nthe WREP.  See Table 7.9 for additional information about wetland restoration activities planned for \nOvercup Slough watershed. \n \n \n \n \n \n \n \n \n7-  17                                                      \n \n\n \n \n \n \n \n \n \n \n \n7.3.3 Wildlife Management \nProjects may be implemented in the Overcup Slough watershed with the purpose of \nimproving and extending habitat for wildlife, primarily birds. These include restoration and \nmanagement of wetlands through the Wetland Reserve Program, and shallow water development \nand management. Restored wetlands can provide wintering habitat, migratory stop-over sites, \nlate summer/fall foraging sites, and breeding/nesting habitat for a number of waterfowl, forest, \nand migratory bird species. Shallow water development and management involves inundating \nfields during the winter to provide habitat for wildlife, including native and migrating waterfowl, \nmigrating shorebirds, amphibians, and fish. As noted in Section 7.3.2, wetland restoration and \nmanagement activities in Overcup Slough are eligible for assistance under the MRBI WREP. \nShallow water development in Overcup Slough watershed is eligible for assistance under the NRCS \nEQIP and MRBI-CCPI programs. See Table 7.10 for additional information about shallow water \ndevelopment planned for Overcup Slough watershed. \nOther management practices also have the potential to improve or extend habitat for \nwildlife. Tailwater recovery ponds (Section 7.3.1.3) and on-farm storage ponds (Section 7.3.4.2) \ncan provide habitat for waterfowl and amphibians. \n \n \n \n7.3.4 Water Management Projects \nWater management activities anticipated for Overcup Slough include in-channel storage, \ntailwater recovery systems, on-farm storage, and irrigation water management. Tailwater recovery \nsystems are described in Section 7.3.1.3. The remaining activities are described below. \n \n \n \n \n \n \n \n \n \n \n  \n       \n      7-  18 \n \n\nTable \n7.8 Precision Agriculture and Input Management\n \n \n \n \n \n \n \n \n \n \n \n \n \n \n \n \n \n       \n \n \n \n \n      \n \n \n \n      \n \n \n \n \n \n      \n \n \n \n \n \n7-  19\n\n \n \nTable 7.9\n. Restore and Manage Wetlands\n \n \n \n \n \n \n \n \n \n \n \n \n \n \n \n \n \n \n \n \n \n \n \n \n \n \n \n \n \n \n \n \n \n \n \n \n \n \n \n \n \n \n \n \n \n \n \n \n \n \n \n \n \n \n \n \n \n \n \n \n \n \n \n \n \n \n \n \n \n \n \n \n \n \n \n7-  20\n\n \n \nTable 7.10\n. Construct and Manag\ne Shallow Water Areas\n \n \n \n \n \n \n \n \n \n \n \n \n \n \n \n \n \n \n \n \n \n \n \n \n \n \n \n \n \n \n \n \n \n \n \n \n \n \n \n \n \n \n \n \n \n \n \n \n \n \n \n \n \n \n \n \n \n \n \n \n \n \n \n \n \n \n \n \n \n \n \n \n \n \n7-  21\n\n \n \n \n \n \n \n \n \n \n \n7.3.4.1 On-Farm Storage \n Off-channel water storage in addition to tailwater recovery impoundments (see Section 7.3.1.2), \nshallow water development (see Section 7.3.3), and restoration of wetlands (see Section 7.3.2) may be \ninstalled in the Overcup Slough watershed. Development of off-channel water storage is an eligible \npractice under the MRBI-CCPI, AWEP and EQIP programs. Landowners will design and install off-\nchannel water storage with assistance from NRCS and Delta F.A.R.M. Priority locations for off-channel \nwater storage will be determined based on program prioritization criteria (Section 6.2). See Table 7.11 \nfor additional information on installation of off-channel storage in the Overcup Slough watershed. \n \n \n \n7.3.4.2 Irrigation Water Management \n Irrigation water management consists of practices to track and control the volume, \nfrequency, and application rate of irrigation water in a planned and efficient manner. Irrigation \nwater management may be implemented in the Overcup Slough watershed through the MRBI CCPI, \nEQIP program. This may include implementation of the NRCS PHAUCET Irrigation Control Program. \nThis program helps producers design flat poly pipe furrow irrigation systems by identifying the \nappropriate hole sizes to punch in the pipe based on variables such as the well pump rate, field slope, \nrow lengths, and size of poly pipe (YMD 2009). This design assistance is expected to reduce water \nusage. Feedback from producers who have used PHAUCET has all been positive (YMD 2009). See \nTable 7.12 for additional information on planned implementation of irrigation water management in \nOvercup Slough watershed. \n \n \n \n \n \n \n \n \n \n \n \n \n \n \n \n \n \n \n \n \n \n \n \n7-  22\n\n \n \nTable 7.11\n. Design, Construct, and Operate on\n-\nFarm Storage for Irrigation\n \n \n \n \n \n \n \n \n \n \n \n \n \n \n \n \n \n \n \n \n \n \n \n \n \n \n \n \n \n \n \n \n \n \n \n \n \n \n \n \n \n \n \n \n \n \n \n \n \n \n \n \n \n \n \n \n \n \n \n \n \n \n \n \n \n \n \n \n \n \n \n \n \n \n7-  23\n\n \n \nTable 7.12\n. Irrigation Water Management.\n \n \n \n \n \n \n \n \n \n \n \n \n \n \n \n \n \n \n \n \n \n \n \n \n \n \n \n \n \n \n \n \n \n \n \n \n \n \n \n \n \n \n \n \n \n \n \n \n \n \n \n \n \n \n \n \n \n \n \n \n \n \n \n \n \n \n \n \n \n \n  \n \n \n \n7-  24\n\n \n \n \n \n \n \n \n \n7.3.5 Point Source Management \nThe Farrell POTW will be required to achieve NPDES permit limits for ammonia in its \neffluent by October 2012. As a condition of its NPDES permit, the Farrell POTW was required \nto submit an engineering report to MDEQ describing how the facility will come into compliance \nwith the upcoming ammonia limit, by May 2010. As of August 2010, MDEQ had not received \nan engineering report (personal communication, P. Bhowal, August 3, 2010). Compliance with nutrient \npermit limits by small POTWs is expected to be a wide-spread issue in the Delta.  \n \n \n \n7.4   Schedule \n A schedule management practice implementation will be developed as funding sources are secured \nfor plan implementation. \n \n \n \n \n \n \n \n \n \n \n \n \n \n \n \n \n \n \n \n \n \n \n \n \n \n \n \n \n \n \n \n \n \n \n \n \n \n \n \n \n \n \n \n7-  25\n\n \n \n \n \n \n \n \n \n \n7.5 Budget \n \nTable 7.13 below, summarizes the budget information for the management actions \ndiscussed above. The total estimated budget for these activities is approximately $1.6 million. \n \n \n \n \n \n \n \n \n \n \n \n \n \n \n \n \n \n \n \n \n \n \n \n \n \n \n \n  \n \n 7-  26\n\n \n \n \n \n \n \n \n \n \n \n \n \n \n \n \n \nTable 7.13 Management Budget \n \n \n \n \n \n \n \n \n \n \n \n \n \n \n \n \n \n \n \n \n \n \n \n \n \n \n \n \n \n \n \n \n \n \n \n \n \n \n \n \n \n \n \n \n \n \n                                                                    \n 7-  27 \nManagement \nActions \nActivities Costs Funding Sources \n \n \n \n \n \n \n \n \n \n \n \n \n \nNutrient and  \nSediment \nBMPs \n \nLow Grade Weirs \n \n$616,250 \n \nNRCS/EPA/Producer \n \nTailwater \nRecovery  \n \n$252,960 \n \nNRCS/EPA/Producer \n \nPads and Pipe  \n \n$2,363,485 \n \nNRCS/EPA/Producer \n \nTwo Stage Ditch  \n \n$2,964,390 \n \nNRCS/EPA/Producer  \nGrassed \nwaterway & \nriparian buffers  \n \n$75,000 \n \nNRCS/FSA/EPA/Producer \nUnderground \nIrrigation Pipe  \n \n$480,000 \n \nNRCS/EPA/Producer \n \nLand leveling  \n \n$4,992,000 \n \nNRCS/EPA/Producer \nRestore Wetlands $800,000 NRCS/Producer \nShallow Water \nAreas \n$168,000 NRCS/EPA/Producer \nInput \nManagement \n$263,250 NRCS/EPA/Producer \n \n \n \nWater \nmanagement \n \nInstall  4 off-\nchannel storage \nreservoirs \n \n$942,000                     \n \nNRCS/EPA/Producer \n \nPHAUCET \n \n$27,000 \n \nNRCS/EPA/Producer \n\n \n \n \n \n \n \n \n \n8.0 AWARENESS, EDUCATION AND OUTREACH \n \n \n8.1   Goals \nThe goals of the awareness, outreach, and education activities outlined in this plan are: \n \n \n• Get stakeholder input on issues to address; \n• Make residents and landowners aware of issues in the watershed; \n• Increase producer use of BMPs; \n• Increase producer use of assistance programs; \n• Make producers aware that BMPs personally benefit them, as well as the environment \n       and community; and \n• Foster pride in the watershed. \n \n \n8.2   Activities \n8.2.1 Stakeholder Meetings \n The producers in Overcup Slough were contacted by Delta F.A.R.M. to identify the issues they \nperceive as concerns and would like addressed in the management plan. These stakeholders were also \napprised of the Delta Nutrient Reduction Strategy, and the associated planning in the Overcup Slough \nwatershed. \n \n \n \n8.2.2 Nutrient and Sediment BMPs \nThe data gathered from the monitoring associated with BMP installations in the Overcup Slough \nwatershed will be used to inform producers in the area, and the BMP sites will be included on informative \ntours. Stovall Farms lies in the Overcup Slough watershed and currently serves as a demonstration farm \nwhere BMPs are showcased during the numerous farm tours that are held each year. \n \n \n \n \n \n \n \n \n \n \n \n \n \n \n \n \n8-  1\n\n \n \n \n \n \n \n \n \n8.2.3 PHAUCET \n Mississippi State University, Delta F.A.R.M., NRCS and the YMD Water Management District \nwork to inform producers in the watershed about the PHAUCET program, its benefits and success, and \nhow to implement \nit. \n \n \n \n8.2.4 WRP Enrollment \nThe most effective outreach efforts are those that work one on one with individual \nlandowners, which is the process that will be used by both DW and NRCS in implementing \nthe WRP. NRCS will work with individual landowners first, to enroll land in WRP \nand draw up contracts for wetland easements. Once the contracts are signed, DW and NRCS will \ninclude the landowners in designing and constructing the WRP project, to ensure compatibility \nwith farming practices, and provide insight and information on how wetland functions benefit the \nlandowner. Ancillary benefits the landowner receives by having the WRP project on their \nproperty will be described and documented for use in future DW outreach and education. \nSustaining both the wetland functions and management activities over time will be \nsignificantly enhanced with three years of individual landowner outreach on wetland \nmanagement. After three years, the wetlands will be established and close to being self- \nsustaining. Further, after 3 years of individual consultation and encouragement, landowner \nmanagement activities are expected to become part of their routine farming practices. \n \n \n \n \n \n \n \n \n \n \n \n \n \n \n \n \n \n \n \n \n \n \n \n8-  2\n\n \n \n \n \n \n \n \n \n \n \n \n8.3   Delta Nutrient Reduction Strategy \n Ongoing activities associated with Delta Nutrient Reduction Strategy are expected to contribute to \nthe awareness, education, and outreach goals of this plan. DNRS work groups routinely meet to discuss \nmonitoring, best management practices, water management, input management, etc.  Outcomes from these \nmeetings are incorporated into education/outreach materials which are disseminated to producers and the \ngeneral public through multiple outlets. \n \n \n8.4   Schedule \nActivities geared toward increasing awareness, outreach, and education will occur \nthroughout the process of contracting, designing, installing, maintaining, and documenting \nmanagement practices in the Overcup Slough watershed. A schedule for awareness, outreach, and \neducation activities described above will be developed as funding sources are secured for plan \nimplementation. \n \n \n \n \n \n \n \n \n \n \n \n \n \n \n \n \n \n \n \n \n \n \n \n \n \n \n \n \n \n \n \n \n \n8-  3\n\n \n \n \n \n \n \n \n \n8.5   Budget \nAwareness, outreach, and education activities planned in Overcup Slough watershed will be \nfunded through grants and agency operations budgets. Budget information for awareness, \noutreach, and education activities for Overcup Slough watershed is summarized in Table 8.1.  The \ntotal budget for these activities is $105,000.00.  \n \n \n \n \n \n \n \n \n \n \n \n \n \n \n \n \n \n \n \n \n \n \n \n \n \n \n \n \n \n \n \n \n \n \n \n \n \n \n \n \n \n \n \n \n \n \n \n \n \n \n \n \n8-  4 \n\nEducation, Outreach Activity Budget Funding Sources \nBMP outreach $60,000 EPA/NRCS \nPHAUCET outreach $15,000 YMD/MSU/Delta F.A.R.M. \nNutrient Reduction strategy \noutreach \n$30,000 \nEPA/MDEQ/Delta F.A.R.M. \n \n \n \n \n \n \n \n \n \n \n \nTable 8.1. Budget for Overcup Slough Awareness, Outreach, and Education Activities \n \n \n \n \n \n \n \n \n \n \n \n \n \n \n \n \n \n \n \n \n \n \n \n \n \n \n \n \n \n \n \n \n \n \n \n \n \n \n \n \n \n \n \n \n \n \n \n \n \n \n \n \n \n \n \n \n \n \n \n \n \n \n8-  5 \n\n \n \n \n \n \n \n \n \n9.0 EVALUATION \n \n9.1   Monitoring \n9.1.1 Water Quality \n A water quality monitoring plan will be developed to evaluate water quality improvements in the \nOvercup Slough watershed as funding is made available for future efforts.   Current efforts by MDEQ, \nUSGS, and MSU are monitoring flow, sediment, N, and P, and other constituents during both base flow \nand storm flow, prior to, and after, construction and implementation of conservation management \npractices to determine the resulting percent reduction in sediment, N, and P at the multiple spatial tiers.  \nHowever, funding for these efforts is set to expire in 2014. See Figure 7.1 for monitoring locations. \n \n9.1.2 Habitat \n WRP Easement properties in the watershed are monitored on an annual basis by NRCS or a \ntechnical service provider such as Delta Wildlife.  Site conditions are documented and reported to NRCS \nwho maintains the records for each easement property. \n \n \n \n \n \n \n \n \n \n \n \n \n \n \n \n \n \n \n \n \n \n \n \n \n \n \n \n \n \n \n \n \n \n \n \n \n9-  1\n\n \n \n \n \n \n \n \n \n \n9.1.3 Water Levels \n \nGround water levels in Overcup Slough watershed are routinely monitored at selected wells \nby YMD. YMD surveys water levels in 550 wells throughout the Delta every year in the spring \nand fall (YMD 2008). There are no USGS continuous ground water monitoring wells located in \nthe Overcup Slough watershed, although there are two wells located near Clarksdale.\n8\n \nSurface water levels do not appear to be routinely monitored at any water body in the \nOvercup Slough watershed. Water levels in the Sunflower River are monitored by a USGS gage \ndownstream of Overcup Slough at Sunflower.\n9\n \n \n \n \n9.1.4 Water Use Survey \n \nYMD conducts an annual water use survey for the five major crop types in the Delta – \ncorn, cotton, soybeans, rice, and catfish. Between 100 and 150 sites are surveyed each year. \nIrrigation water volumes are e"
}