{
  "slug": "middle-porter-bayou-watershed-plan-2013",
  "source": "Middle_Porter_Bayou_Watershed_Plan_2013.pdf",
  "length": 108477,
  "part": 3,
  "text": "ng in 2010 within the watershed. MSU began \nsampling at edge of field and near field locations( tier 1) in order to monitor water leaving \nagricultural fields. USGS began sampling in tributaries farther downstream and within Porter \nBayou itself (tier 2). These monitoring efforts have led to a greater understanding of water quality \nwithin the bayou and leaving crop fields. As noted in Section 2.6.1.1.3, Middle Porter Bayou has \nbeen identified by MDEQ as not having water quality adequate to support its designated uses \n(listed in Section 2.6.2.1). However, this water quality assessment was an evaluated assessment, \nnot based on water quality data.  \n \n3.2    Water Quantity \n \nWater supply is a growing concern in the region. Ground water use in the \nMississippi Alluvial Plain has resulted in lower flows in many streams, including the Sunflower \nRiver (MS Museum of Natural Science 2005). The Middle Porter Bayou Watershed is near the area of \ngreatest groundwater decline in the Delta (YMD 2008). In the watershed, ground water is \nwithdrawn for drinking water and to irrigate crops. \n \n \n3.3    Wildlife and Habitat \nThe US Fish and Wildlife Service has identified seven endangered or threatened species that may \noccur in or around the Porter Bayou Watershed. These species include; Fat Pocket Book mussels, \nRabbit’s Foot mussels, Sheepnose mussel, Least Tern, Pallid Stugeon (Occurs in Mississippi River), and \nPondberry.  Efforts to protect or enhance the habitats of the aforementioned species will be a high \npriority during the execution of the watershed plan. While the three mussels listed as endangered or \nthreatened are normally found in larger riverine ecosystems restoration of streams in Porter Bayou may \nbenefit these mussels. Least Terns will benefit greatly from shallow water management in wetlands and \nagricultural fields. These shallow water areas provide ideal feeding location for these shore birds. Pallid \nSturgeon will benefit due to the fact that water leaving Porter Bayou and entering the Sunflower River \nand eventually the MS River will be carrying less sediments and nutrients. Pondberry is an important \nwetland species. With on-going and future projects Pondberry habitat may be increased or enhanced.  \n \n \n     \n \n \n \n3-  1 \n \n \n \n\n \n \n \n \n \n \n \n \n3.4    Evaluation of Porter Bayou Fish Community \n \nThis evaluation of the Porter Bayou fish community is based on sampling performed by \nERDC (Engineering Research and Development Center, US Army Corps of Engineers, \nVicksburg, MS). Sampling was performed as part of stream community monitoring conducted by \nERDC to assess the condition of fish communities in MS Delta streams. The sampling data \nprovided the basis for the development of an index of biotic integrity sensu Karr (1981). The \nindex uses metrics that capture the variety of feeding types (e.g. insectivores, predators), habitat \nselection (e.g. preferring current vs. pools) and taxonomy (e.g. sunfish and minnows) present in \na sample of fish. Sampling was conducted with seines according to a standardized protocol. Each \nsampling site was assigned an IBI score based on the values of the population metrics. Streams \nwere categorized as large unregulated or small, and flowing or non-flowing. Higher IBI scores \nindicate a more diverse fish community. \nTwo Porter Bayou sampling locations were placed in the small flowing category while 3 \nlocations were placed in the flowing category. Sampling was conducted at all 5 locations on \nOctober 2 and 3, 1996 and showed IBI values ranging from 11 to 15 and 9 to 13 for the \nnon-flowing and flowing categories, respectively. These values are compared with other streams \nin both the flowing and non-flowing categories in Table 3.1. The results show that, at the time of \nsampling, the quality of the Porter Bayou fish communities could be described as generally in the \nlower quartile among similar streams. The applicability of these results, which were obtained \nin 1996, would depend on whether significant changes in habitat and water quality have occurred \nbetween 1996 and the present. \n \n \n \n \n \n \n \n \n \n \n \n \n \n \n \n \n \n \n \n \n \n \n \n3-  2\n\n \nSmall \nNon-flowing \nSmall \nFlowing \nSmall Flowing + Non-Flowing \nPercentile \n25 11 13 13 \n50 14 15 15 \n75 17 17 17 \n Porter Bayou \nHwy 448 11 --  \nMiket Rd 15 --  \nBritt Rd. -- 10  \nIndianola -- 13  \nOlivehale -- 9  \n \n \n \n \n \n \n \n \nTable 3.1.    Comparison of ERDC IBI Values for 3 Delta Water Body Categories with \nthe Middle Porter Bayou IBI Values from October 2 through 3, 1996 sampling \n \n \n \n \n \n \n \n \n \n \n \n \n \n \n \n \n \n \n \n \n3.5    Recreation \n \nOther than fishing there are very few opportunities for in-stream recreational use of Middle Porter \nBayou. The only public access to Middle Porter Bayou is the short segment within the city limits of Shaw.   \n \n \n \n \n \n \n \n \n \n \n \n \n \n \n \n \n \n \n \n \n \n \n \n \n \n \n \n \n \n \n \n \n \n \n \n \n3-  3 \n\n \n \n \n \n \n \n \n \n \n4.0 STAKEHOLDER INTERESTS/ISSUES \n \n \nThirteen producers living or farming in the Middle Porter Bayou Watershed identified issues  \nthey would like addressed through a Watershed Implementation Plan. The issues identified by these \nstakeholders included water management, sediment, nutrients, invasive aquatic plants, declining \ngroundwater levels, herbicide-resistant weeds. \n \n \n4.1    Water Management \n \nWater management issues include both flooding and water shortages. The stakeholders \nidentified flooding as a priority concern in the Middle Porter Bayou Watershed. They also identified a \nneed for improved water use efficiency and storage capacity. The potential effects of improvements,  \nor lack thereof,  may impact flooding on other land parcels was also a stakeholder concern. \n \n \n \n4.1.1    Locations where Water Management is an Issue \nStakeholders stated that flooding is an issue throughout the watershed. Insufficient flow \ncapacity in the Middle Porter Bayou channel upstream of Shaw was identified by stakeholders as a \nparticular area of concern. \n \n \n \n4.1.2    Causes \nDuring storms, water backs up and causes flooding. During the growing season, rainfall \nand surface water are not adequate to support crops. \n \n \n \n4.1.3    Sources \nTerrain in the watershed is relatively flat, making it less likely to drain well during \nstorms. In addition, the dominant soil types in the watershed are characterized by poor drainage. \nStakeholders identified sedimentation as contributing to flooding by reducing the conveyance \n \n \n \n \n \n \n \n \n \n \n \n4-  1\n\n \n \n \n \n \n \n \n \ncapacity of ditches and streams. Beaver dams were also identified by stakeholders as \ncontributing to flooding in the watershed. Regional climate determines the natural availability of \nwater during the growing season. \n \n \n4.2    Water Level Declines \n \nThe Middle Porter Bayou Watershed is near the area of greatest groundwater decline in the Delta \n(YMD 2008). Regional estimates of groundwater level change in the Delta indicate that between \n1998 and 2008 the average groundwater level change in the area of the Middle Porter Bayou Watershed \nwas between 0.4 and 0.9 foot per year (YMD 2008). \n \n \n \n4.2.1    Locations where Water Level  Declines are an Issue \nGroundwater levels are declining throughout the watershed (YMD 2008). \n \n \n \n4.2.2    Cause \nWater is being withdrawn from the Mississippi River Alluvial Aquifer faster than it is \nbeing recharged. Base flows in most Delta streams naturally decrease during the summer months \ndue to less rainfall. \n \n \n \n4.2.3    Sources \nIrrigation accounts for the majority of the ground and surface water withdrawals in the \nMiddle Porter Bayou Watershed. As noted in Section 2.6.1.5, groundwater is also used to supply drinking \nwater in the watershed. \n \n \n \n4.3    Sediment \n \nStakeholders noted that sedimentation in ditches and streams contributes to flooding by \nreducing storage and flow conveyance capacity. There is a clear understanding among producers \nthat sedimentation directly results in reduced drainage. Stakeholders identified channel maintenance as a \ncontinual problem. The presence of Herbicide-resistant weeds in the watershed may result in increased \ncultivation (i.e., decreased no-till practice), which could increase erosion and sediment loads. MDEQ has \ndetermined that there is a high probability that sediment loads in Porter Bayou are at such levels that they \n \n \n4-  2 \n \n\n \n \n \n \n \n \n \n \n \n \ninterfere with fish and other wildlife. High sediment loads can affect aquatic life by causing reduced \n visibility (when the sediment issuspended in the water column) or by changing stream habitat when the \nsediment is deposited (e.g., covering spawning areas). The sediment TMDL recommended that sediment \nloads be reduced, although the recommended percent reduction was not specified. \n \n \n4.3.1    Locations where Sediment is an Issue \nMDEQ has identified the entire stretch of Middle Porter Bayou as not supporting its  \ndesignated use of aquatic life support due to sediment. Producers and other stakeholders believe  \nerosion and sedimentation is an issue throughout the watershed. \n \n \n \n4.3.2    Cause \nSediment is the pollutant causing sedimentation and turbidity issues in Porter Bayou. \nSediment is caused by erosion of soil particles from land use activities in the watershed and \ndetachment of soil from the banks and beds of the bayou. Soils in the watershed tend to be fine \ngrained, which could make them more susceptible to erosion. \n \n \n \n4.3.3    Sources \nOn the Mississippi 2006 303(d) list, nonpoint sources are listed as the sources of \nsediment causing the impairment in Middle Porter Bayou. In the sediment TMDL that addresses this \nimpairment, a number of likely sediment sources were identified. These included agriculture, \nconstruction sites, roads, urban areas, mass wasting, gullies, channel instability, channel \nmodification, and historical land use activities. The stakeholders have identified unstable banks and  \ntopsoil erosion as a significant source of sediment in Middle Porter Bayou. \n \n \n4.4    Nutrient Enrichment \n \nStakeholders identified nutrients in runoff as an issue of concern. Stakeholders also \nexpressed concern about the costs associated with variable-rate fertilizer applications \n(i.e., precision agriculture). MDEQ has determined that there is a high probability that nutrient \n \n \n \n \n \n \n \n \n4-  3\n\n \n \n \n \n \n \n \n \nconcentrations in Middle Porter Bayou are at levels that can create conditions harmful to fish and other \nwildlife. High nutrient concentrations can support unusually high growth of algae or other \naquatic plants. When the algae die, their decomposition uses oxygen from the water, which can \nresult in low oxygen levels that are harmful to fish and other aquatic life. The TMDL for Porter \nBayou recommends reduction of total phosphorus loads by around 95%, and reductions of total \nnitrogen loads by about 84% (MDEQ 2008). \n \n \n \n4.4.1    Locations where Nutrient Enrichment is an Issue \nMDEQ has identified the entire stretch of Middle Porter Bayou as not supporting its  \ndesignated use of aquatic life support due to nutrient enrichment. \n \n \n \n4.4.2    Cause \nNitrogen and phosphorus are the pollutants that are suspected of causing eutrophic \nconditions in these water bodies with high productivity and low dissolved oxygen levels. Total \nnitrogen and total phosphorus are the nutrients addressed in the TMDL (MDEQ 2008). \n \n \n \n4.4.3    Source \nNutrient loads are contributed by point sources and nonpoint sources in the watershed. \n \n \n \n4.4.3.1 Point Source \n \nThe Shaw POTW (MS0024953) permit is for the discharge of treated domestic \nwastewater (i.e., sewage). The NPDES permit for the Shaw POTW includes limits for ammonia, \ntotal nitrogen, and total phosphorus that will go into effect in 2013 at the latest. These limits are \nsummarized in Table 4.1. \n \n \n \n \n \n \n \n \n \n \n \n \n \n \n \n4-  4\n\nParameter \nMaximum monthly \naverage load \n(lb/day) \nMaximum daily \nload \n(lb/day) \nMaximum monthly \naverage \nconcentration \n(mg/L) \nMaximum daily \nconcentration \n(mg/L) \nAmmonia N 7.5 11.2 2.48 3.72 \nTotal nitrogen 34.5 69.0 na na \nTotal phosphorus 15.6 31.2 na na \n \n \n \n \n \n \n \n \nTable 4.1. Nutrient Limits in the NPDES permit for the Shaw POTW \n \n \n \n \n \n \n \n \n \n \n \n \n \n4.4.3.2 Nonpoint Sources \n \nThe Middle Porter Bayou Watershed WASP model indicated that the water quality impairment is \ndue to nutrients from nonpoint sources. In the nutrient TMDL for Middle Porter Bayou, cropland was \nassumed to be the greatest source of total nitrogen and total phosphorus loads (MDEQ 2008). In \naddition, the majority of nutrient loading to streams typically comes from storm water runoff. As noted in \nSection 2.5, there are approximately 18,804 acres of cropland in the Middle Porter Bayou Watershed. \nTotal nitrogen is a combination of many forms of nitrogen found in the environment. \nInorganic nitrogen can be transported in particulate and dissolved phases in surface runoff. \nDissolved inorganic nitrogen can be transported in groundwater and may enter a water body \nfrom groundwater infiltration. Finally, atmospheric gaseous nitrogen may enter a water body \nfrom\n atmospheric deposition (MDEQ 2008). \nPhosphorus is primarily transported in surface runoff when it has been sorbed by eroding \nsediment. Phosphorus may also be associated with fine-grained particulate matter in the \natmosphere and can enter streams as a result of dry fallout and rainfall (EPA 1999). Phosphorus \ncontained in the surface runoff due to fertilizers and animal excrement or watersheds with \nnaturally occurring soils that are rich in phosphorus (Thomann and Mueller, 1987). Watersheds \nwith a large number of failing septic tanks may also deliver significant loadings of phosphorus to \na water body (MDEQ 2008). Water in the Mississippi Alluvial Aquifer (located under Porter \nBayou watershed) is known to have a relatively high concentration of phosphorus. Therefore \nphosphorus can also enter surface waters from ground water seeps or discharges. USGS has an \non-going sampling program to quantify phosphorus in groundwater in the Delta. \n \n \n \n \n \n \n \n4-  5 \n\n \n \n \n \n \n \n \n \n4.5    Organic Enrichment and Low DO \n \nThe presence of high levels of organic material in water bodies can reduce water oxygen \nlevels such that aquatic life cannot be supported. The TMDL addressing this impairment states \nthat reducing nutrient loads is expected to reduce organic enrichment and low dissolved oxygen \nconditions (MDEQ 2008). Therefore, no reduction is specified in the TMDL for organic material \n(TBODu). \n \n \n \n4.5.1    Locations where Organic Enrichment and Low DO are Issues \nMDEQ has identified Porter Bayou from the headwaters near Indianola to the confluence \nwith the Sunflower River as not supporting its designated use of aquatic life support due to \norganic enrichment and low dissolved oxygen. \n \n \n \n4.5.2    Cause \nThe nutrient TMDL assumed that nutrient enrichment was the cause of the organic \nenrichment and low dissolved oxygen conditions. As described in Section 4.2, high nutrient \nconcentrations in a water body can encourage the growth of aquatic plants, which can encourage \nthe growth of aquatic animals, all of which becomes organic material when it dies, and removes \noxygen from the water as it decomposes. High levels of organic material decomposing in a water \nbody deplete oxygen from the water and suffocate aquatic life. \n \n \n \n4.5.3    Sources \nWhile nutrient enrichment is believed to be the primary cause of organic enrichment and \nlow dissolved oxygen conditions cited for Porter Bayou, there are potential sources of organic \nmaterial in the watershed that may also contribute to these conditions. They are discussed below. \nSee Section 4.4.3 for a discussion of nutrient sources in the Middle Porter Bayou Watershed. \n \n \n \n4.5.3.1 Point Sources \n \nThe Shaw POTW (MS0024953) permit is for the discharge of treated domestic \nwastewater (i.e., sewage). The NPDES permit for the Shaw POTW includes limits for oxygen \n \n \n \n \n \n4-  6\n\nParameter \nMaximum \nmonthly \naverage load \n(lb/day) \nMaximum daily \nload \n(lb/day) \nMaximum \nmonthly \naverage \nconcentration \n(mg/L) \nMaximum daily \nconcentration \n(mg/L) \nMinimum daily \nconcentration \n(mg/L) \nDissolved \nOxygen \nna na na na 6 \nBOD5 90 135 30 45 na \n \n \n \n \n \n \n \n \ndemand and dissolved oxygen that will be effective no later than 2013 (Table 4.2). While this \ntype of discharge can deplete oxygen downstream of the discharge point, the effect is usually \nfairly localized. \n \n \n \nTable 4.2. Oxygen-related NPDES Permit Limits for Shaw POTW \n \n \n \n \n \n \n \n \n \n \n \n \n \n4.5.3.2 Nonpoint Sources \n \nOrganic material, such as crop residue, leaves, and chaff, can be washed into the water \nbody from the surrounding land, and exert an oxygen demand as they decompose. Sources can \nalso include plants along the stream banks. \n \n \n \n \n4.6    Pesticides \n \nA fish consumption advisory is in effect for long-lived pesticides in selected fish species \nthat covers all Delta streams and lakes, including those in the Porter Bayou watershed (see \nSection 2.6.2.4). Pesticide concentrations in soils, surface water or groundwater have not been \nidentified as a health concern. \nStakeholders identified herbicide-resistant weeds as an issue in the watershed. New \nherbicide combinations are being developed to control these weeds. \n \n \n \n4.6.1    Locations where Pesticides are an Issue \nLegacy pesticides in fish are an issue for all Delta water bodies, including Porter Bayou \nand all other water bodies in the watershed. Herbicide-resistant weeds occur throughout the \nwatershed. \n \n \n \n \n \n \n4-  7 \n\n \n \n \n \n \n \n \n \n4.6.2    Causes \nDDT and Toxaphene are the pesticides named in the Delta-wide fish consumption \nadvisory. These pesticides degrade very slowly in the environment and are bioaccumulative, \nmeaning they accumulate in living tissue and can be passed on to other organisms, including \nhumans, through the food chain. Eventually, these pesticides can accumulate in ce"
}